<?xml version="1.0" encoding="UTF-8"?>
<!DOCTYPE mapper PUBLIC "-//mybatis.org//DTD Mapper 3.0//EN" "http://mybatis.org/dtd/mybatis-3-mapper.dtd">


<mapper namespace="com.oms.common.dao.MailDAO">

    <insert id="insertLogEml" parameterType="mailDTO" useGeneratedKeys="true" keyProperty="emlCd">
        INSERT INTO tb_log_eml (
            EML_SCD_CD,
            EML_ID,
            SNDR_ID,
            EML_TITL,
            EML_SBC,
            FS_SND_DATE,
            DATA_GB_VAL
        ) VALUES(
            #{emlScdCd},
            "",
            #{sndrId},
            #{emlTitl},
            #{emlSbc},
            NOW(),
            #{dataGbnVal}
        )

    </insert>


    <insert id="insertLogEmlSnd" parameterType="mailDTO">
        INSERT INTO tb_log_eml_snd (
            EML_CD,
            RCVR_ID,
            ADRE_EML,
            EML_ST_CD,
            SND_DATE
        ) VALUES
        <foreach item="item" collection="rcvList" separator=",">
        (
            #{emlCd},
            #{item.emlId},
            #{item.emlAdr},
            #{emlStCd},
            SYSDATE()
        )
        </foreach>
    </insert>

    <update id="updateLogEmlSnd" parameterType="mailDTO">
        UPDATE tb_log_eml_snd SET
            EML_ST_CD = #{emlStCd},
            SND_DATE = SYSDATE()
        WHERE
            EML_CD = #{emlCd}
    </update>





    <select id="selectEmlAdrList" parameterType="java.util.List" resultType="mail">
      /* QueryID = selectEmlAdrList  */
      SELECT
        user_eeno AS emlId,
        user_eml_adr AS emlAdr
      FROM
        tb_usr_mgmt
      WHERE
        user_eeno IN (
         <foreach item="item" collection="list" separator=",">
            #{item}
         </foreach>
        )

    </select>

    <select id="selectRcvLIst" parameterType="mailDTO" resultType="mail">
        /* QueryID = selectRcvrList  */
        SELECT
            RCVR_ID AS EML_ID,
            B.USER_EML_ADR AS EML_ADR
        FROM TB_EML_RCVR_MGMT A
        JOIN TB_USR_MGMT B ON A.RCVR_ID = B.USER_EENO
        WHERE A.EML_SCD_CD = #{emlScdCd}
        AND B.USE_YN = 'Y'
    </select>

</mapper>
