<?xml version="1.0" encoding="UTF-8"?>
<!DOCTYPE mapper PUBLIC "-//mybatis.org//DTD Mapper 3.0//EN" "http://mybatis.org/dtd/mybatis-3-mapper.dtd">
<!--
    SQL File Name  : biz_UsrMgmtDAO.xml
    Description    : 설명을 기술합니다.
    author         : 안경수
    since          : 2023.1.19
-->

<mapper namespace="com.oms.sys.dao.UsrMgmtDAO">

    <select id="selectUsrMgmt" parameterType="usrMgmtReqDTO" resultType="usrMgmtResDTO">
        /*  QueryID=com.oms.dao.UsrMgmtDAO.selectUsrMgmt */

            SELECT
                   a.user_eeno    AS userEeno,
                   a.user_pw      AS userPw,
                   a.user_nm      AS userNm,
                   a.blns_co_cd   AS blnsCoCd,
                   a.user_dcd     AS userDcd,
                   a.user_eml_adr AS userEmlAdr,
                   a.use_yn       AS useYn,
                   a.pprr_eeno    AS pprrEeno,
                   a.fram_dtm     AS framDtm,
                   a.updr_eeno    AS updrEeno,
                   a.mdfy_dtm     AS mdfyDtm,
                   a.pw_altr_dtm  AS pwAltrDtm,
                   a.fin_lgi_dtm  AS finLgiDtm,
                   a.pw_lock_dtm  AS pwLockDtm,
                   a.pw_err_oft   AS pwErrOft,
                   a.user_chg_pw  AS userChgPw,
                   a.grp_cd       AS grpCd,
                   a.user_oset_lgi AS userOsetLgi,
                   a.use_gbn      AS useGbn,

                   TIMESTAMPDIFF(MINUTE, IFNULL(pw_lock_dtm, NOW()), NOW()) AS diffPwLock,
                   b.DL_EXPD_PRVS_NM AS coNm

                FROM tb_usr_mgmt a, tb_code_mgmt b
                WHERE a.user_eeno = #{userEeno}
                AND b.DL_EXPD_G_CD = '0001'
                AND b.DL_EXPD_PRVS_CD =  a.BLNS_CO_CD
    </select>


    <select id="selectUsrMgmtList" parameterType="usrMgmtReqDTO"  resultType="usrMgmtResDTO">
        /*  QueryID=com.oms.dao.UsrMgmtDAO.selectUsrMgmtList */
        SELECT
              a.user_eeno    AS userEeno,
               a.user_nm      AS userNm,
                a.grp_cd       AS grpCd,
               a.blns_co_cd   AS blnsCoCd,
               a.user_dcd     AS userDcd,
               a.user_eml_adr AS userEmlAdr,
               a.use_yn       AS useYn,
               a.pprr_eeno    AS pprrEeno,
               a.fram_dtm     AS framDtm,
               a.updr_eeno    AS updrEeno,
               a.mdfy_dtm     AS mdfyDtm,
               a.pw_altr_dtm  AS pwAltrDtm,
               a.fin_lgi_dtm  AS finLgiDtm,
               a.pw_lock_dtm  AS pwLockDtm,
                b.DL_EXPD_PRVS_NM AS coNm,
                c.DL_EXPD_PRVS_NM AS deptNm,
                d.grp_nm AS grpNm
          FROM tb_usr_mgmt a
              , tb_code_mgmt b
              , tb_code_mgmt c
              , tb_usr_grp_mgmt d
          WHERE a.blns_co_cd = B.DL_EXPD_PRVS_CD AND b.DL_EXPD_G_CD = '0001'
          AND a.user_dcd=  C.DL_EXPD_PRVS_CD  AND c.DL_EXPD_G_CD = '0011'
          AND a.grp_cd = d.grp_cd
          <if test="blnsCoCd != null and blnsCoCd != ''">
              AND (a.blns_co_cd = #{blnsCoCd}
          </if>
          <if test="grpCd != null and grpCd != ''">
            or a.grp_cd = #{grpCd}
          </if>
          )
          <if test="userDcd != null and userDcd != ''">
            AND a.user_dcd = #{userDcd}
          </if>


    </select>


    <!--
        Query Name  : com.oms.dao.UsrMgmtDAO.insertUsrMgmt
        Description :
    -->
    <insert id="insertUsrMgmt" parameterType="usrMgmtReqDTO">
        /* QueryID= insertUsrMgmt */

            INSERT
              INTO tb_usr_mgmt
                   (user_eeno,
                   user_pw,
                   user_nm,
                   blns_co_cd,
                   user_dcd,
                   user_eml_adr,
                   use_yn,
                   pprr_eeno,
                   fram_dtm,
                   grp_cd)
            VALUES (#{userEeno},
                    #{userPw},
                   #{userNm},
                   #{blnsCoCd},
                   #{userDcd},
                   #{userEmlAdr},
                   #{useYn},
                   #{pprrEeno},
                   NOW(),
                   #{grpCd})
    </insert>



    <update id="updateUsrMgmt" parameterType="usrMgmtReqDTO">
        /* QueryID=com.oms.dao.UsrMgmtDAO.updateUsrMgmt */
            UPDATE
                   tb_usr_mgmt
               <set>
                   <if test="userNm != null and userNm != ''">user_nm = #{userNm},</if>
                   <if test="blnsCoCd != null and blnsCoCd != ''">blns_co_cd = #{blnsCoCd},</if>
                   <if test="userDcd != null and userDcd != ''">user_dcd = #{userDcd},</if>
                   <if test="userEmlAdr != null and userEmlAdr != ''">user_eml_adr = #{userEmlAdr}, </if>
                   <if test="useYn != null and useYn != ''">use_yn = #{useYn},</if>
                   <if test="grpCd != null and grpCd != ''">grp_cd = #{grpCd},</if>
                   <if test="pprrEeno != null and pprrEeno != ''">pprr_eeno = #{pprrEeno},</if>
                   mdfy_dtm = NOW()
               </set>
             WHERE user_eeno = #{userEeno}
    </update>

    <!--
        Query Name  : com.oms.UsrMgmtDAO.deleteUsrMgmt
        Description :
    -->
    <delete id="deleteUsrMgmt" parameterType="String">
        <![CDATA[
        /* QueryID=com.oms.dao.UsrMgmtDAO.deleteUsrMgmt */
            DELETE
              FROM tb_usr_mgmt
             WHERE user_eeno = #{userEeno}
        ]]>
    </delete>

   <!--
        Query Name  : aes.stm.mem.MemberDAO.deleteVehlAuth
        Description : 차종권한 삭제 후 입력
    -->
       <delete id="deleteVehlAuthList" parameterType="authVehlSaveDTO" >
            /* ProgramID=aes.stm.mem.MemberDAO.deleteVehlAuth */
        <![CDATA[
             DELETE FROM TB_AUTH_VEHL
            WHERE USER_EENO = #{userEeno}
            and DL_EXPD_CO_CD =#{dlExpdCoCd}
        ]]>
        <if test="qltyVehlCd != null and qltyVehlCd != ''">
               and QLTY_VEHL_CD = #{qltyVehlCd}
        </if>
    </delete>



     <select id="selectUserVehlList" parameterType="commReqDTO" resultType="usrVehlResDTO">
                   /* QueryID = selectUserVehlList */

            SELECT   A.QLTY_VEHL_CD
                   , (CASE WHEN ISNULL(B.QLTY_VEHL_CD) THEN 'N' ELSE 'Y' END) AS AUTH_VEHL
                   , MAX(A.QLTY_VEHL_NM) AS QLTY_VEHL_NM
                   , MAX(B.CL_SCN_CD) AS CL_SCN_CD
              FROM   TB_VEHL_MGMT A
                     LEFT OUTER JOIN TB_AUTH_VEHL B
                     ON A.QLTY_VEHL_CD = B.QLTY_VEHL_CD
                     AND B.USER_EENO = #{userEeno}
             WHERE A.DL_EXPD_CO_CD = #{dlExpdCoCd}
               AND A.USE_YN = 'Y'
             GROUP BY A.QLTY_VEHL_CD, B.QLTY_VEHL_CD
             ORDER BY A.QLTY_VEHL_CD
    </select>


    <insert id="insertVehlAuthList" parameterType="java.util.List">
           /* QueryID = insertVehlAuthList - authVehlSaveDTO */

         INSERT INTO TB_AUTH_VEHL
         ( USER_EENO, QLTY_VEHL_CD, DL_EXPD_CO_CD, CL_SCN_CD, PPRR_EENO, FRAM_DTM) VALUES
         <foreach item="item" collection="list" separator=",">
            (#{item.userEeno}, #{item.qltyVehlCd},  #{item.dlExpdCoCd}, 'U',  #{item.pprrEeno},  SYSDATE())
         </foreach>

    </insert>

    <delete id="deleteVehlAuthListByUserEeno" parameterType="String">
         /* QueryID = deleteVehlAuthListByUserEeno  */
           DELETE FROM TB_AUTH_VEHL WHERE USER_EENO = #{value}
    </delete>




    <update id="updateUserPw" parameterType="authReqDTO">
        /* QueryID = updateUserPw  */

        UPDATE tb_usr_mgmt SET user_pw = #{userPw}
        WHERE user_eeno = #{userEeno}
    </update>


    <update id="updateUserUseYn" parameterType="useYnReqDTO">
        /* QueryID = updateUserUseYn  */

        UPDATE tb_usr_mgmt
        SET use_yn = #{useYn}
        WHERE user_eeno IN
        <foreach item="item" collection="list" separator="," open="(" close=")">
            #{item}
         </foreach>
    </update>

    <!-- 5회오류, 잠김시작 -->
    <update id="updateUserPwLock" parameterType="String">
        /* QueryID = updateUserPwLock  */

        UPDATE tb_usr_mgmt
        SET pw_err_oft = 5, pw_lock_dtm = NOW()
        WHERE user_eeno = #{value}
    </update>

     <!-- 오류횟수 수정 -->
     <update id="updateUserPwErrOft" parameterType="authReqDTO">
        /* QueryID = updateUserPwLockPlus  */

        UPDATE tb_usr_mgmt
        SET pw_err_oft = #{pwErrOft}
        WHERE user_eeno = #{userEeno}
    </update>

    <select id="selectPeriodUserPwLock" parameterType="String" resultType="Integer">
     /* QueryID = selectUserPwLockCheck  */

        SELECT TIMESTAMPDIFF(MINUTE, pw_lock_dtm, NOW())
        FROM tb_usr_mgmt
        WHERE user_eeno = #{value}
    </select>



</mapper>

