<?xml version="1.0" encoding="UTF-8"?>
<!DOCTYPE mapper PUBLIC "-//mybatis.org//DTD Mapper 3.0//EN" "http://mybatis.org/dtd/mybatis-3-mapper.dtd">

<!--
    SQL File Name  : biz_NatlMgmtDAO.xml
    Description    : 설명을 기술합니다.
    author         : 안경수
    since          : 2023.1.19
-->

<mapper namespace="com.oms.stm.dao.NatlMgmtDAO">

      <!--
        Query Name  : aes.stm.lang.LangDAO.selectNatlCdMstList
        Description :
    -->
    <select id="selectNatlCdMstList" parameterType="stmComReqDTO" resultType="natlMgmtResDTO">

        <![CDATA[
            SELECT   A.DL_EXPD_NAT_CD
                   , A.NAT_NM
                   , A.DL_EXPD_REGN_CD
                   , B.DL_EXPD_PRVS_NM AS REGN_NM
              FROM   TB_NATL_MGMT A
                     LEFT OUTER JOIN
                     TB_CODE_MGMT B
                     ON '0008' = B.DL_EXPD_G_CD
                        AND A.DL_EXPD_REGN_CD = B.DL_EXPD_PRVS_CD
             WHERE A.DL_EXPD_CO_CD = #{dlExpdCoCd}
        ]]>



    </select>
<!--
        Query Name  : aes.com.commonDAO.selectNatlMstList
        Description :
            since          author              description
        ===========    =============    ===========================
        2016. 4. 14.      JH KIM                최초 생성
    -->
    <select id="selectNatlMgmtList" parameterType="stmComReqDTO" resultType="natlMgmtResDTO">
           /* aes.com.commonDAO.selectNatlMstList */
        <![CDATA[
            SELECT   A.DL_EXPD_NAT_CD
                   , A.NAT_NM
                   , A.DL_EXPD_REGN_CD
                   , IFNULL(B.DL_EXPD_PRVS_NM, '미설정') AS REGN_NM
              FROM   TB_NATL_MGMT A
                     LEFT OUTER JOIN TB_CODE_MGMT B
                     ON '0008' = B.DL_EXPD_G_CD
                        AND A.DL_EXPD_REGN_CD = B.DL_EXPD_PRVS_CD
              WHERE A.DL_EXPD_CO_CD = #{dlExpdCoCd}
        ]]>

            <if test='natlCd != null and natlCd != ""'>
                 AND A.DL_EXPD_NAT_CD LIKE CONCAT(#{natlCd}, '%')
            </if>
            <if test='natlNm != null and natlNm != ""'>
                AND A.NAT_NM LIKE CONCAT('%', TRIM(#{natlNm}), '%')
            </if>
             ORDER BY A.NAT_NM


    </select>
    <select id="selectNatlVehlList" parameterType="stmComReqDTO" resultType="natlMgmtResDTO">
           /* aes.com.commonDAO.selectNatlMstList */
        <![CDATA[  ]]>
            SELECT QLTY_VEHL_CD
              FROM TB_VEHL_MGMT
             WHERE USE_YN = 'Y'
               AND DL_EXPD_CO_CD =#{dlExpdCoCd}
               AND QLTY_VEHL_CD IN (
                                    SELECT A.QLTY_VEHL_CD
                                      FROM TB_AUTH_VEHL A
                                         WHERE A.USER_EENO = #{userEeno}
                                     GROUP BY A.QLTY_VEHL_CD
                                    )
             GROUP BY QLTY_VEHL_CD
             ORDER BY QLTY_VEHL_CD
     </select>
    <insert id="insertNatlCdMgmt" parameterType="natlMgmtReqDTO" >
            /* ProgramID=aes.stm.lang.LangDAO.insertNatlCdMgmt */
        <![CDATA[
             INSERT INTO TB_NATL_MGMT
                  (
                     DL_EXPD_CO_CD
                   , DL_EXPD_NAT_CD
                   , NAT_NM
                   , DL_EXPD_REGN_CD
                   , PPRR_EENO
                   , FRAM_DTM
                  )
            VALUES
                  (
                     #{dlExpdCoCd}
                   , #{dlExpdNatCd}
                   , #{natNm}
                   , #{dlExpdRegnCd}
                   , #{userEeno}
                   , SYSDATE()
                  )
        ]]>
    </insert>
  <!--
        Query Name  : aes.stm.lang.LangDAO.updateNatlCdMst
        Description :
    -->
    <update id="updateNatlCdMst"  parameterType="natlMgmtReqDTO">
           /* ProgramID=aes.stm.lang.LangDAO.updateNatlCdMst */
        <![CDATA[
            UPDATE TB_NATL_MGMT
               SET   DL_EXPD_REGN_CD = #{dlExpdRegnCd}
                   , NAT_NM          = #{natNm}
                   , UPDR_EENO       = #{userEeno}
                   , MDFY_DTM        = SYSDATE()
             WHERE DL_EXPD_CO_CD  = #{dlExpdCoCd}
               AND DL_EXPD_NAT_CD = #{dlExpdNatCd}
        ]]>
    </update>

  <delete id="deleteNatlCdMst" parameterType="natlMgmtReqDTO">
        /* ProgramID=aes.stm.lang.LangDAO.deleteNatlCdMst */
        <![CDATA[
             DELETE FROM TB_NATL_MGMT
              WHERE DL_EXPD_NAT_CD = #{dlExpdNatCd}
        ]]>
    </delete>
    <!--
        Query Name  : aes.stm.lang.LangDAO.deleteLangCdList
        Description : 신규 등록을 위한 언어코드 리스트 삭제.

    -->
<delete id="deleteLangCdList" parameterType="natlMgmtReqDTO">
        /* ProgramID=aes.stm.lang.LangDAO.deleteLangCdList */
        <![CDATA[
             DELETE FROM TB_LANG_MGMT

              WHERE QLTY_VEHL_CD    = #{qltyVehlCd}
                AND MDL_MDY_CD      = #{mdlMdyCd}
        ]]>
    <if test  = 'dlExpdRegnCd != null and dlExpdRenCd != "" ' >
             AND DL_EXPD_REGN_CD = #{dlExpdRegnCd}
    </if>
</delete>



   <update id="updateNatlVehlMgmt" parameterType="natlMgmtReqDTO">
           /* ProgramID=aes.stm.lang.LangDAO.updateNatlVehlMgmt */
        <![CDATA[
            UPDATE TB_NATL_VEHL_MGMT
               SET   DL_EXPD_REGN_CD = #{dlExpdRegnCd}
                   , UPDR_EENO       = #{userEeno}
                   , MDFY_DTM        = SYSDATE()
             WHERE DL_EXPD_CO_CD  = #{dlExpdCoCd}
               AND DL_EXPD_NAT_CD = #{dlExpdNatCd}
               AND QLTY_VEHL_CD = #{qltyVehlCd}
        ]]>
    </update>



<!--
        Query Name  : aes.stm.lang.LangDAO.selectNatlLangClumList
        Description :
            since          author              description
        ===========    =============    ===========================
        2016. 4. 18.      JH KIM                최초 생성
    -->
    <select id="selectNatlLangClumList" parameterType="stmComReqDTO" resultType="natlMgmtResDTO">
       /* aes.stm.lang.LangDAO.selectNatlLangClumList */
        <![CDATA[
            SELECT   QLTY_VEHL_CD
                   , MDL_MDY_CD
              FROM TB_VEHL_MGMT
             WHERE DL_EXPD_CO_CD = #{dlExpdCoCd}
               AND MDL_MDY_CD = (CASE WHEN IFNULL(#{mdlMdyCd},'')='' THEN SUBSTRING(SYSDATE(),3,2)
                                      ELSE IFNULL(#{mdlMdyCd},'') END)
               AND QLTY_VEHL_CD IN (
                                    SELECT QLTY_VEHL_CD
                                      FROM TB_AUTH_VEHL
                                     WHERE USER_EENO = #{userEeno}
                                     GROUP BY QLTY_VEHL_CD
                                    )
               AND QLTY_VEHL_CD = (CASE WHEN IFNULL(#{qltyVehlCd},'')='' THEN QLTY_VEHL_CD
                                        ELSE IFNULL(#{qltyVehlCd},'') END)
             GROUP BY QLTY_VEHL_CD, MDL_MDY_CD
             ORDER BY QLTY_VEHL_CD
        ]]>
    </select>
    <!--
        Query Name  : aes.stm.lang.LangDAO.selectNatlBlkList
        Description :

    -->
    <select id="selectNatlBlkList" parameterType="hashMap" resultType="natlMgmtResDTO">
       /* aes.stm.lang.LangDAO.selectNatlBlkList */
        <![CDATA[
            SELECT   DL_EXPD_NAT_CD
                   /* , SUBSTR( XMLAGG (XMLELEMENT(DL_EXPD_NAT_CD,','||DYTM_PLN_NAT_CD) ORDER BY DL_EXPD_NAT_CD, DYTM_PLN_NAT_CD).EXTRACT('//text()'),2) AS BLK_LIST_CD --tibero */
                   , GROUP_CONCAT(DYTM_PLN_NAT_CD ORDER BY DL_EXPD_NAT_CD, DYTM_PLN_NAT_CD SEPARATOR ',') AS BLK_LIST_CD
              FROM TB_ALTN_WIOUT_NATL_MGMT
             GROUP BY DL_EXPD_NAT_CD
        ]]>
    </select>
<!--
        Query Name  : aes.stm.lang.LangDAO.selectNatlLangList
        Description :
            since          author              description
        ===========    =============    ===========================
        2016. 4. 18.      JH KIM                최초 생성
    -->
    <select id="selectNatlLangList" parameterType="hashMap" resultType="hashMap">
           /* aes.stm.lang.LangDAO.selectNatlLangList */
    <![CDATA[
            SELECT   P.DL_EXPD_NAT_CD AS dlExpdNatCd
                   , P.NAT_NM       as natNm
                   , P.DL_EXPD_REGN_CD as dlExpdRegnCd
                   , P.DL_EXPD_PRVS_NM AS regnNm
                   , (SELECT DYTM_PLN_NAT_CD FROM TB_ALTN_WIOUT_NATL_MGMT XA WHERE P.DL_EXPD_NAT_CD = XA.DL_EXPD_NAT_CD) AS dytmPlnNatCd
    ]]>

    <if test='col1!= null and col1!= ""'>
        , MAX(P.col1) AS col1
    </if>
    <if test='col2!= null and col2!= ""'>
        , MAX(P.col2) AS col2
    </if>
    <if test='col3!= null and col3!= ""'>
        , MAX(P.col3) AS col3
    </if>
    <if test='col4!= null and col4!= ""'>
        , MAX(P.col4) AS col4
    </if>
    <if test='col5!= null and col5!= ""'>
        , MAX(P.col5) AS col5
    </if>
    <if test='col6!= null and col6!= ""'>
        , MAX(P.col6) AS col6
    </if>
    <if test='col7!= null and col7!= ""'>
        , MAX(P.col7) AS col7
    </if>
    <if test='col8!= null and col8!= ""'>
        , MAX(P.col8) AS col8
    </if>
    <if test='col9!= null  and col9!= ""'>
        , MAX(P.col9) AS col9
    </if>
    <if test='col10!= null and col10!= ""'>
        , MAX(P.col10) AS col10
    </if>
    <if test='col11!= null and col11!= ""'>
        , MAX(P.col11) AS col11
    </if>
    <if test='col12!= null and col12!= ""'>
        , MAX(P.col12) AS col12
    </if>
    <if test='col13!= null and col13!= ""'>
        , MAX(P.col13) AS col13
    </if>
    <if test='col14!= null and col14!= ""'>
        , MAX(P.col14) AS col14
    </if>
    <if test='col15!= null and col15!= ""'>
        , MAX(P.col15) AS col15
    </if>
    <if test='col16!= null and col16!= ""'>
        , MAX(P.col16) AS col16
    </if>
    <if test='col17!= null and col17!= ""'>
        , MAX(P.col17) AS col17
    </if>
    <if test='col18!= null and col18!= ""'>
        , MAX(P.col18) AS col18
    </if>
    <if test='col19!= null and col19!= ""'>
        , MAX(P.col19) AS col19
    </if>
    <if test='col20!= null and col20!= ""'>
        , MAX(P.col20) AS col20
    </if>
    <if test='col21!= null and col21!= ""'>
        , MAX(P.col21) AS col21
    </if>
    <if test='col22!= null and col22!= ""'>
        , MAX(P.col22) AS col22
    </if>
    <if test='col23!= null and col23!= ""'>
        , MAX(P.col23) AS col23
    </if>
    <if test='col24!= null and col24!= ""'>
        , MAX(P.col24) AS col24
    </if>
    <if test='col25!= null and col25!= ""'>
        , MAX(P.col25) AS col25
    </if>
    <if test='col26!= null and col26!= ""'>
        , MAX(P.col26) AS col26
    </if>
    <if test='col27!= null and col27!= ""'>
        , MAX(P.col27) AS col27
    </if>
    <if test='col28!= null and col28!= ""'>
        , MAX(P.col28) AS col28
    </if>
    <if test='col29!= null and col29!= ""'>
        , MAX(P.col29) AS col29
    </if>
    <if test='col30!= null and col30!= ""'>
        , MAX(P.col30) AS col30
    </if>
    <if test='col31!= null and col31!= ""'>
        , MAX(P.col31) AS col31
    </if>
    <if test='col32!= null and col32!= ""'>
        , MAX(P.col32) AS col32
    </if>
    <if test='col33!= null and col33!= ""'>
        , MAX(P.col33) AS col33
    </if>
    <if test='col34!= null and col34!= ""'>
        , MAX(P.col34) AS col34
    </if>
    <if test='col35!= null and col35!= ""'>
        , MAX(P.col35) AS col35
    </if>
    <if test='col36!= null and col36!= ""'>
        , MAX(P.col36) AS col36
    </if>
    <if test='col37!= null and col37!= ""'>
        , MAX(P.col37) AS col37
    </if>
    <if test='col38!= null and col38!= ""'>
        , MAX(P.col38) AS col38
    </if>
    <if test='col39!= null and col39!= ""'>
        , MAX(P.col39) AS col39
    </if>
    <if test='col40!= null and col40!= ""'>
        , MAX(P.col40) AS col40
    </if>
    <if test='col41!= null and col41!= ""'>
        , MAX(P.col41) AS col41
    </if>
    <if test='col42!= null and col42!= ""'>
        , MAX(P.col42) AS col42
    </if>
    <if test='col43!= null and col43!= ""'>
        , MAX(P.col43) AS col43
    </if>
    <if test='col44!= null and col44!= ""'>
        , MAX(P.col44) AS col44
    </if>
    <if test='col45!= null and col45!= ""'>
        , MAX(P.col45) AS col45
    </if>
    <if test='col46!= null and col46!= ""'>
        , MAX(P.col46) AS col46
    </if>
    <if test='col47!= null and col47!= ""'>
        , MAX(P.col47) AS col47
    </if>
    <if test='col48!= null and col48!= ""'>
        , MAX(P.col48) AS col48
    </if>
    <if test='col49!= null and col49!= ""'>
        , MAX(P.col49) AS col49
    </if>
    <if test='col50!= null and col50!= ""'>
        , MAX(P.col50) AS col50
    </if>
<if test='col51!= null  and col51!= ""'>  , MAX(P.col51)   AS col51  </if>
<if test='col52!= null  and col52!= ""'>  , MAX(P.col52)   AS col52  </if>
<if test='col53!= null  and col53!= ""'>  , MAX(P.col53)   AS col53  </if>
<if test='col54!= null  and col54!= ""'>  , MAX(P.col54)   AS col54  </if>
<if test='col55!= null  and col55!= ""'>  , MAX(P.col55)   AS col55  </if>
<if test='col56!= null  and col56!= ""'>  , MAX(P.col56)   AS col56  </if>
<if test='col57!= null  and col57!= ""'>  , MAX(P.col57)   AS col57  </if>
<if test='col58!= null  and col58!= ""'>  , MAX(P.col58)   AS col58  </if>
<if test='col59!= null  and col59!= ""'>  , MAX(P.col59)   AS col59  </if>
<if test='col60!= null  and col60!= ""'>  , MAX(P.col60)   AS col60  </if>
<if test='col61!= null  and col61!= ""'>  , MAX(P.col61)   AS col61  </if>
<if test='col62!= null  and col62!= ""'>  , MAX(P.col62)   AS col62  </if>
<if test='col63!= null  and col63!= ""'>  , MAX(P.col63)   AS col63  </if>
<if test='col64!= null  and col64!= ""'>  , MAX(P.col64)   AS col64  </if>
<if test='col65!= null  and col65!= ""'>  , MAX(P.col65)   AS col65  </if>
<if test='col66!= null  and col66!= ""'>  , MAX(P.col66)   AS col66  </if>
<if test='col67!= null  and col67!= ""'>  , MAX(P.col67)   AS col67  </if>
<if test='col68!= null  and col68!= ""'>  , MAX(P.col68)   AS col68  </if>
<if test='col69!= null  and col69!= ""'>  , MAX(P.col69)   AS col69  </if>
<if test='col70!= null  and col70!= ""'>  , MAX(P.col70)   AS col70  </if>
<if test='col71!= null  and col71!= ""'>  , MAX(P.col71)   AS col71  </if>
<if test='col72!= null  and col72!= ""'>  , MAX(P.col72)   AS col72  </if>
<if test='col73!= null  and col73!= ""'>  , MAX(P.col73)   AS col73  </if>
<if test='col74!= null  and col74!= ""'>  , MAX(P.col74)   AS col74  </if>
<if test='col75!= null  and col75!= ""'>  , MAX(P.col75)   AS col75  </if>
<if test='col76!= null  and col76!= ""'>  , MAX(P.col76)   AS col76  </if>
<if test='col77!= null  and col77!= ""'>  , MAX(P.col77)   AS col77  </if>
<if test='col78!= null  and col78!= ""'>  , MAX(P.col78)   AS col78  </if>
<if test='col79!= null  and col79!= ""'>  , MAX(P.col79)   AS col79  </if>
<if test='col80!= null  and col80!= ""'>  , MAX(P.col80)   AS col80  </if>
<if test='col81!= null  and col81!= ""'>  , MAX(P.col81)   AS col81  </if>
<if test='col82!= null  and col82!= ""'>  , MAX(P.col82)   AS col82  </if>
<if test='col83!= null  and col83!= ""'>  , MAX(P.col83)   AS col83  </if>
<if test='col84!= null  and col84!= ""'>  , MAX(P.col84)   AS col84  </if>
<if test='col85!= null  and col85!= ""'>  , MAX(P.col85)   AS col85  </if>
<if test='col86!= null  and col86!= ""'>  , MAX(P.col86)   AS col86  </if>
<if test='col87!= null  and col87!= ""'>  , MAX(P.col87)   AS col87  </if>
<if test='col88!= null  and col88!= ""'>  , MAX(P.col88)   AS col88  </if>
<if test='col89!= null  and col89!= ""'>  , MAX(P.col89)   AS col89  </if>
<if test='col90!= null  and col90!= ""'>  , MAX(P.col90)   AS col90  </if>
<if test='col91!= null  and col91!= ""'>  , MAX(P.col91)   AS col91  </if>
<if test='col92!= null  and col92!= ""'>  , MAX(P.col92)   AS col92  </if>
<if test='col93!= null  and col93!= ""'>  , MAX(P.col93)   AS col93  </if>
<if test='col94!= null  and col94!= ""'>  , MAX(P.col94)   AS col94  </if>
<if test='col95!= null  and col95!= ""'>  , MAX(P.col95)   AS col95  </if>
<if test='col96!= null  and col96!= ""'>  , MAX(P.col96)   AS col96  </if>
<if test='col97!= null  and col97!= ""'>  , MAX(P.col97)   AS col97  </if>
<if test='col98!= null  and col98!= ""'>  , MAX(P.col98)   AS col98  </if>
<if test='col99!= null  and col99!= ""'>  , MAX(P.col99)   AS col99  </if>
<if test='col100!= null and col100!= ""'> , MAX(P.col100)  AS col100 </if>



    <![CDATA[
              FROM (
                    SELECT   T.DL_EXPD_NAT_CD, T.NAT_NM, T.DL_EXPD_REGN_CD, T.DL_EXPD_PRVS_NM
    ]]>
<if test='col1!= null and col1!= ""'> , (CASE WHEN T.QLTY_VEHL_CD=#{col1} THEN MAX(T.LANG_CD)
    ELSE ' ' END) AS col1   </if>
    <if test='col2!= null     and col2!= ""'> , (CASE WHEN T.QLTY_VEHL_CD=#{col2} THEN MAX(T.LANG_CD)
        ELSE ' ' END) AS col2   </if>
    <if test='col3!= null     and col3!= ""'> , (CASE WHEN T.QLTY_VEHL_CD=#{col3} THEN MAX(T.LANG_CD)
        ELSE ' ' END) AS col3   </if>
    <if test='col4!= null     and col4!= ""'> , (CASE WHEN T.QLTY_VEHL_CD=#{col4} THEN MAX(T.LANG_CD)
        ELSE ' ' END) AS col4   </if>
    <if test='col5!= null     and col5!= ""'> , (CASE WHEN T.QLTY_VEHL_CD=#{col5} THEN MAX(T.LANG_CD)
        ELSE ' ' END) AS col5   </if>
    <if test='col6!= null     and col6!= ""'> , (CASE WHEN T.QLTY_VEHL_CD=#{col6} THEN MAX(T.LANG_CD)
        ELSE ' ' END) AS col6   </if>
    <if test='col7!= null     and col7!= ""'> , (CASE WHEN T.QLTY_VEHL_CD=#{col7} THEN MAX(T.LANG_CD)
        ELSE ' ' END) AS col7   </if>
    <if test='col8!= null     and col8!= ""'> , (CASE WHEN T.QLTY_VEHL_CD=#{col8} THEN MAX(T.LANG_CD)
        ELSE ' ' END) AS col8   </if>
    <if test='col9!= null     and col9!= ""'> , (CASE WHEN T.QLTY_VEHL_CD=#{col9} THEN MAX(T.LANG_CD)
        ELSE ' ' END) AS col9   </if>
    <if test='col10!= null    and col10!= ""'> , (CASE WHEN T.QLTY_VEHL_CD=#{col10} THEN
        MAX(T.LANG_CD) ELSE ' ' END) AS col10  </if>
    <if test='col11!= null    and col11!= ""'> , (CASE WHEN T.QLTY_VEHL_CD=#{col11} THEN
        MAX(T.LANG_CD) ELSE ' ' END) AS col11  </if>
    <if test='col12!= null    and col12!= ""'> , (CASE WHEN T.QLTY_VEHL_CD=#{col12} THEN
        MAX(T.LANG_CD) ELSE ' ' END) AS col12  </if>
    <if test='col13!= null    and col13!= ""'> , (CASE WHEN T.QLTY_VEHL_CD=#{col13} THEN
        MAX(T.LANG_CD) ELSE ' ' END) AS col13  </if>
    <if test='col14!= null    and col14!= ""'> , (CASE WHEN T.QLTY_VEHL_CD=#{col14} THEN
        MAX(T.LANG_CD) ELSE ' ' END) AS col14  </if>
    <if test='col15!= null    and col15!= ""'> , (CASE WHEN T.QLTY_VEHL_CD=#{col15} THEN
        MAX(T.LANG_CD) ELSE ' ' END) AS col15  </if>
    <if test='col16!= null    and col16!= ""'> , (CASE WHEN T.QLTY_VEHL_CD=#{col16} THEN
        MAX(T.LANG_CD) ELSE ' ' END) AS col16  </if>
    <if test='col17!= null    and col17!= ""'> , (CASE WHEN T.QLTY_VEHL_CD=#{col17} THEN
        MAX(T.LANG_CD) ELSE ' ' END) AS col17  </if>
    <if test='col18!= null    and col18!= ""'> , (CASE WHEN T.QLTY_VEHL_CD=#{col18} THEN
        MAX(T.LANG_CD) ELSE ' ' END) AS col18  </if>
    <if test='col19!= null    and col19!= ""'> , (CASE WHEN T.QLTY_VEHL_CD=#{col19} THEN
        MAX(T.LANG_CD) ELSE ' ' END) AS col19  </if>
    <if test='col20!= null    and col20!= ""'> , (CASE WHEN T.QLTY_VEHL_CD=#{col20} THEN
        MAX(T.LANG_CD) ELSE ' ' END) AS col20  </if>
    <if test='col21!= null    and col21!= ""'> , (CASE WHEN T.QLTY_VEHL_CD=#{col21} THEN
        MAX(T.LANG_CD) ELSE ' ' END) AS col21  </if>
    <if test='col22!= null    and col22!= ""'> , (CASE WHEN T.QLTY_VEHL_CD=#{col22} THEN
        MAX(T.LANG_CD) ELSE ' ' END) AS col22  </if>
    <if test='col23!= null    and col23!= ""'> , (CASE WHEN T.QLTY_VEHL_CD=#{col23} THEN
        MAX(T.LANG_CD) ELSE ' ' END) AS col23  </if>
    <if test='col24!= null    and col24!= ""'> , (CASE WHEN T.QLTY_VEHL_CD=#{col24} THEN
        MAX(T.LANG_CD) ELSE ' ' END) AS col24  </if>
    <if test='col25!= null    and col25!= ""'> , (CASE WHEN T.QLTY_VEHL_CD=#{col25} THEN
        MAX(T.LANG_CD) ELSE ' ' END) AS col25  </if>
    <if test='col26!= null    and col26!= ""'> , (CASE WHEN T.QLTY_VEHL_CD=#{col26} THEN
        MAX(T.LANG_CD) ELSE ' ' END) AS col26  </if>
    <if test='col27!= null    and col27!= ""'> , (CASE WHEN T.QLTY_VEHL_CD=#{col27} THEN
        MAX(T.LANG_CD) ELSE ' ' END) AS col27  </if>
    <if test='col28!= null    and col28!= ""'> , (CASE WHEN T.QLTY_VEHL_CD=#{col28} THEN
        MAX(T.LANG_CD) ELSE ' ' END) AS col28  </if>
    <if test='col29!= null    and col29!= ""'> , (CASE WHEN T.QLTY_VEHL_CD=#{col29} THEN
        MAX(T.LANG_CD) ELSE ' ' END) AS col29  </if>
    <if test='col30!= null    and col30!= ""'> , (CASE WHEN T.QLTY_VEHL_CD=#{col30} THEN
        MAX(T.LANG_CD) ELSE ' ' END) AS col30  </if>
    <if test='col31!= null    and col31!= ""'> , (CASE WHEN T.QLTY_VEHL_CD=#{col31} THEN
        MAX(T.LANG_CD) ELSE ' ' END) AS col31  </if>
    <if test='col32!= null    and col32!= ""'> , (CASE WHEN T.QLTY_VEHL_CD=#{col32} THEN
        MAX(T.LANG_CD) ELSE ' ' END) AS col32  </if>
    <if test='col33!= null    and col33!= ""'> , (CASE WHEN T.QLTY_VEHL_CD=#{col33} THEN
        MAX(T.LANG_CD) ELSE ' ' END) AS col33  </if>
    <if test='col34!= null    and col34!= ""'> , (CASE WHEN T.QLTY_VEHL_CD=#{col34} THEN
        MAX(T.LANG_CD) ELSE ' ' END) AS col34  </if>
    <if test='col35!= null    and col35!= ""'> , (CASE WHEN T.QLTY_VEHL_CD=#{col35} THEN
        MAX(T.LANG_CD) ELSE ' ' END) AS col35  </if>
    <if test='col36!= null    and col36!= ""'> , (CASE WHEN T.QLTY_VEHL_CD=#{col36} THEN
        MAX(T.LANG_CD) ELSE ' ' END) AS col36  </if>
    <if test='col37!= null    and col37!= ""'> , (CASE WHEN T.QLTY_VEHL_CD=#{col37} THEN
        MAX(T.LANG_CD) ELSE ' ' END) AS col37  </if>
    <if test='col38!= null    and col38!= ""'> , (CASE WHEN T.QLTY_VEHL_CD=#{col38} THEN
        MAX(T.LANG_CD) ELSE ' ' END) AS col38  </if>
    <if test='col39!= null    and col39!= ""'> , (CASE WHEN T.QLTY_VEHL_CD=#{col39} THEN
        MAX(T.LANG_CD) ELSE ' ' END) AS col39  </if>
    <if test='col40!= null    and col40!= ""'> , (CASE WHEN T.QLTY_VEHL_CD=#{col40} THEN
        MAX(T.LANG_CD) ELSE ' ' END) AS col40  </if>
    <if test='col41!= null    and col41!= ""'> , (CASE WHEN T.QLTY_VEHL_CD=#{col41} THEN
        MAX(T.LANG_CD) ELSE ' ' END) AS col41  </if>
    <if test='col42!= null    and col42!= ""'> , (CASE WHEN T.QLTY_VEHL_CD=#{col42} THEN
        MAX(T.LANG_CD) ELSE ' ' END) AS col42  </if>
    <if test='col43!= null    and col43!= ""'> , (CASE WHEN T.QLTY_VEHL_CD=#{col43} THEN
        MAX(T.LANG_CD) ELSE ' ' END) AS col43  </if>
    <if test='col44!= null    and col44!= ""'> , (CASE WHEN T.QLTY_VEHL_CD=#{col44} THEN
        MAX(T.LANG_CD) ELSE ' ' END) AS col44  </if>
    <if test='col45!= null    and col45!= ""'> , (CASE WHEN T.QLTY_VEHL_CD=#{col45} THEN
        MAX(T.LANG_CD) ELSE ' ' END) AS col45  </if>
    <if test='col46!= null    and col46!= ""'> , (CASE WHEN T.QLTY_VEHL_CD=#{col46} THEN
        MAX(T.LANG_CD) ELSE ' ' END) AS col46  </if>
    <if test='col47!= null    and col47!= ""'> , (CASE WHEN T.QLTY_VEHL_CD=#{col47} THEN
        MAX(T.LANG_CD) ELSE ' ' END) AS col47  </if>
    <if test='col48!= null    and col48!= ""'> , (CASE WHEN T.QLTY_VEHL_CD=#{col48} THEN
        MAX(T.LANG_CD) ELSE ' ' END) AS col48  </if>
    <if test='col49!= null    and col49!= ""'> , (CASE WHEN T.QLTY_VEHL_CD=#{col49} THEN
        MAX(T.LANG_CD) ELSE ' ' END) AS col49  </if>
    <if test='col50!= null    and col50!= ""'> , (CASE WHEN T.QLTY_VEHL_CD=#{col50} THEN
        MAX(T.LANG_CD) ELSE ' ' END) AS col50  </if>
    <if test='col51!= null  and col51!= ""'> , (CASE WHEN T.QLTY_VEHL_CD=#{col51} THEN
        MAX(T.LANG_CD) ELSE ' ' END) AS col51  </if>
    <if test='col52!= null  and col52!= ""'> , (CASE WHEN T.QLTY_VEHL_CD=#{col52} THEN
        MAX(T.LANG_CD) ELSE ' ' END) AS col52  </if>
    <if test='col53!= null  and col53!= ""'> , (CASE WHEN T.QLTY_VEHL_CD=#{col53} THEN
        MAX(T.LANG_CD) ELSE ' ' END) AS col53  </if>
    <if test='col54!= null  and col54!= ""'> , (CASE WHEN T.QLTY_VEHL_CD=#{col54} THEN
        MAX(T.LANG_CD) ELSE ' ' END) AS col54  </if>
    <if test='col55!= null  and col55!= ""'> , (CASE WHEN T.QLTY_VEHL_CD=#{col55} THEN
        MAX(T.LANG_CD) ELSE ' ' END) AS col55  </if>
    <if test='col56!= null  and col56!= ""'> , (CASE WHEN T.QLTY_VEHL_CD=#{col56} THEN
        MAX(T.LANG_CD) ELSE ' ' END) AS col56  </if>
    <if test='col57!= null  and col57!= ""'> , (CASE WHEN T.QLTY_VEHL_CD=#{col57} THEN
        MAX(T.LANG_CD) ELSE ' ' END) AS col57  </if>
    <if test='col58!= null  and col58!= ""'> , (CASE WHEN T.QLTY_VEHL_CD=#{col58} THEN
        MAX(T.LANG_CD) ELSE ' ' END) AS col58  </if>
    <if test='col59!= null  and col59!= ""'> , (CASE WHEN T.QLTY_VEHL_CD=#{col59} THEN
        MAX(T.LANG_CD) ELSE ' ' END) AS col59  </if>
    <if test='col60!= null  and col60!= ""'> , (CASE WHEN T.QLTY_VEHL_CD=#{col60} THEN
        MAX(T.LANG_CD) ELSE ' ' END) AS col60  </if>
    <if test='col61!= null  and col61!= ""'> , (CASE WHEN T.QLTY_VEHL_CD=#{col61} THEN
        MAX(T.LANG_CD) ELSE ' ' END) AS col61  </if>
    <if test='col62!= null  and col62!= ""'> , (CASE WHEN T.QLTY_VEHL_CD=#{col62} THEN
        MAX(T.LANG_CD) ELSE ' ' END) AS col62  </if>
    <if test='col63!= null  and col63!= ""'> , (CASE WHEN T.QLTY_VEHL_CD=#{col63} THEN
        MAX(T.LANG_CD) ELSE ' ' END) AS col63  </if>
    <if test='col64!= null  and col64!= ""'> , (CASE WHEN T.QLTY_VEHL_CD=#{col64} THEN
        MAX(T.LANG_CD) ELSE ' ' END) AS col64  </if>
    <if test='col65!= null  and col65!= ""'> , (CASE WHEN T.QLTY_VEHL_CD=#{col65} THEN
        MAX(T.LANG_CD) ELSE ' ' END) AS col65  </if>
    <if test='col66!= null  and col66!= ""'> , (CASE WHEN T.QLTY_VEHL_CD=#{col66} THEN
        MAX(T.LANG_CD) ELSE ' ' END) AS col66  </if>
    <if test='col67!= null  and col67!= ""'> , (CASE WHEN T.QLTY_VEHL_CD=#{col67} THEN
        MAX(T.LANG_CD) ELSE ' ' END) AS col67  </if>
    <if test='col68!= null  and col68!= ""'> , (CASE WHEN T.QLTY_VEHL_CD=#{col68} THEN
        MAX(T.LANG_CD) ELSE ' ' END) AS col68  </if>
    <if test='col69!= null  and col69!= ""'> , (CASE WHEN T.QLTY_VEHL_CD=#{col69} THEN
        MAX(T.LANG_CD) ELSE ' ' END) AS col69  </if>
    <if test='col70!= null  and col70!= ""'> , (CASE WHEN T.QLTY_VEHL_CD=#{col70} THEN
        MAX(T.LANG_CD) ELSE ' ' END) AS col70  </if>
    <if test='col71!= null  and col71!= ""'> , (CASE WHEN T.QLTY_VEHL_CD=#{col71} THEN
        MAX(T.LANG_CD) ELSE ' ' END) AS col71  </if>
    <if test='col72!= null  and col72!= ""'> , (CASE WHEN T.QLTY_VEHL_CD=#{col72} THEN
        MAX(T.LANG_CD) ELSE ' ' END) AS col72  </if>
    <if test='col73!= null  and col73!= ""'> , (CASE WHEN T.QLTY_VEHL_CD=#{col73} THEN
        MAX(T.LANG_CD) ELSE ' ' END) AS col73  </if>
    <if test='col74!= null  and col74!= ""'> , (CASE WHEN T.QLTY_VEHL_CD=#{col74} THEN
        MAX(T.LANG_CD) ELSE ' ' END) AS col74  </if>
    <if test='col75!= null  and col75!= ""'> , (CASE WHEN T.QLTY_VEHL_CD=#{col75} THEN
        MAX(T.LANG_CD) ELSE ' ' END) AS col75  </if>
    <if test='col76!= null  and col76!= ""'> , (CASE WHEN T.QLTY_VEHL_CD=#{col76} THEN
        MAX(T.LANG_CD) ELSE ' ' END) AS col76  </if>
    <if test='col77!= null  and col77!= ""'> , (CASE WHEN T.QLTY_VEHL_CD=#{col77} THEN
        MAX(T.LANG_CD) ELSE ' ' END) AS col77  </if>
    <if test='col78!= null  and col78!= ""'> , (CASE WHEN T.QLTY_VEHL_CD=#{col78} THEN
        MAX(T.LANG_CD) ELSE ' ' END) AS col78  </if>
    <if test='col79!= null  and col79!= ""'> , (CASE WHEN T.QLTY_VEHL_CD=#{col79} THEN
        MAX(T.LANG_CD) ELSE ' ' END) AS col79  </if>
    <if test='col80!= null  and col80!= ""'> , (CASE WHEN T.QLTY_VEHL_CD=#{col80} THEN
        MAX(T.LANG_CD) ELSE ' ' END) AS col80  </if>
    <if test='col81!= null  and col81!= ""'> , (CASE WHEN T.QLTY_VEHL_CD=#{col81} THEN
        MAX(T.LANG_CD) ELSE ' ' END) AS col81  </if>
    <if test='col82!= null  and col82!= ""'> , (CASE WHEN T.QLTY_VEHL_CD=#{col82} THEN
        MAX(T.LANG_CD) ELSE ' ' END) AS col82  </if>
    <if test='col83!= null  and col83!= ""'> , (CASE WHEN T.QLTY_VEHL_CD=#{col83} THEN
        MAX(T.LANG_CD) ELSE ' ' END) AS col83  </if>
    <if test='col84!= null  and col84!= ""'> , (CASE WHEN T.QLTY_VEHL_CD=#{col84} THEN
        MAX(T.LANG_CD) ELSE ' ' END) AS col84  </if>
    <if test='col85!= null  and col85!= ""'> , (CASE WHEN T.QLTY_VEHL_CD=#{col85} THEN
        MAX(T.LANG_CD) ELSE ' ' END) AS col85  </if>
    <if test='col86!= null  and col86!= ""'> , (CASE WHEN T.QLTY_VEHL_CD=#{col86} THEN
        MAX(T.LANG_CD) ELSE ' ' END) AS col86  </if>
    <if test='col87!= null  and col87!= ""'> , (CASE WHEN T.QLTY_VEHL_CD=#{col87} THEN
        MAX(T.LANG_CD) ELSE ' ' END) AS col87  </if>
    <if test='col88!= null  and col88!= ""'> , (CASE WHEN T.QLTY_VEHL_CD=#{col88} THEN
        MAX(T.LANG_CD) ELSE ' ' END) AS col88  </if>
    <if test='col89!= null  and col89!= ""'> , (CASE WHEN T.QLTY_VEHL_CD=#{col89} THEN
        MAX(T.LANG_CD) ELSE ' ' END) AS col89  </if>
    <if test='col90!= null  and col90!= ""'> , (CASE WHEN T.QLTY_VEHL_CD=#{col90} THEN
        MAX(T.LANG_CD) ELSE ' ' END) AS col90  </if>
    <if test='col91!= null  and col91!= ""'> , (CASE WHEN T.QLTY_VEHL_CD=#{col91} THEN
        MAX(T.LANG_CD) ELSE ' ' END) AS col91  </if>
    <if test='col92!= null  and col92!= ""'> , (CASE WHEN T.QLTY_VEHL_CD=#{col92} THEN
        MAX(T.LANG_CD) ELSE ' ' END) AS col92  </if>
    <if test='col93!= null  and col93!= ""'> , (CASE WHEN T.QLTY_VEHL_CD=#{col93} THEN
        MAX(T.LANG_CD) ELSE ' ' END) AS col93  </if>
    <if test='col94!= null  and col94!= ""'> , (CASE WHEN T.QLTY_VEHL_CD=#{col94} THEN
        MAX(T.LANG_CD) ELSE ' ' END) AS col94  </if>
    <if test='col95!= null  and col95!= ""'> , (CASE WHEN T.QLTY_VEHL_CD=#{col95} THEN
        MAX(T.LANG_CD) ELSE ' ' END) AS col95  </if>
    <if test='col96!= null  and col96!= ""'> , (CASE WHEN T.QLTY_VEHL_CD=#{col96} THEN
        MAX(T.LANG_CD) ELSE ' ' END) AS col96  </if>
    <if test='col97!= null  and col97!= ""'> , (CASE WHEN T.QLTY_VEHL_CD=#{col97} THEN
        MAX(T.LANG_CD) ELSE ' ' END) AS col97  </if>
    <if test='col98!= null  and col98!= ""'> , (CASE WHEN T.QLTY_VEHL_CD=#{col98} THEN
        MAX(T.LANG_CD) ELSE ' ' END) AS col98  </if>
    <if test='col99!= null  and col99!= ""'> , (CASE WHEN T.QLTY_VEHL_CD=#{col99} THEN
        MAX(T.LANG_CD) ELSE ' ' END) AS col99  </if>
    <if test='col100!= null and col100!= ""'> , (CASE WHEN T.QLTY_VEHL_CD=#{col100} THEN
        MAX(T.LANG_CD) ELSE ' ' END) AS col100 </if>
    <![CDATA[
                      FROM (
                            SELECT   A.DL_EXPD_NAT_CD
                                   , A.NAT_NM
                                   , A.DL_EXPD_REGN_CD
                                   , B.DL_EXPD_PRVS_NM
                                   , C.QLTY_VEHL_CD
                                   , C.LANG_CD
                              FROM (
                                    SELECT   DL_EXPD_NAT_CD
                                           , QLTY_VEHL_CD
                                           , GROUP_CONCAT(LANG_CD ORDER BY DL_EXPD_NAT_CD, QLTY_VEHL_CD SEPARATOR ',') AS LANG_CD
                                      FROM TB_NATL_LANG_MGMT
                                     WHERE DL_EXPD_CO_CD = #{dlExpdCoCd}
                                       AND USE_YN = 'Y'
        ]]>
              <if test='natlCd != null and natlCd != ""'>
                       AND DL_EXPD_NAT_CD LIKE CONCAT(#{natlCd},'%')
              </if>
              <if test='qltyVehlCd != null and qltyVehlCd != ""'>
                       AND QLTY_VEHL_CD = #{qltyVehlCd}
              </if>
              <if test='mdlMdyCd != null and mdlMdyCd != ""'>
                       AND MDL_MDY_CD = #{mdlMdyCd}
                       AND MDL_MDY_CD = DATE_FORMAT(SYSDATE(),'%y')
              </if>

                <if test='langCd != null and langCd != ""'>
                       AND LANG_CD = #{langCd}
              </if>
               <if test='dlExpdRegnCd != null and dlExpdRegnCd != ""'>
                       AND LANG_CD IN (
                                       SELECT LANG_CD
                                         FROM TB_LANG_MGMT
                                        WHERE DL_EXPD_REGN_CD = #{dlExpdRegnCd}
                                        GROUP BY LANG_CD
                                      )
              </if>
    <![CDATA[
                                     GROUP BY DL_EXPD_NAT_CD, QLTY_VEHL_CD
                                     ORDER BY DL_EXPD_NAT_CD, QLTY_VEHL_CD
                                    ) C
                                   , TB_NATL_MGMT A
                                   LEFT OUTER JOIN
                                   TB_CODE_MGMT B
                                   ON '0008' = B.DL_EXPD_G_CD
                                    AND A.DL_EXPD_REGN_CD = B.DL_EXPD_PRVS_CD
                             WHERE A.DL_EXPD_CO_CD = #{dlExpdCoCd}
        ]]>
              <if test='natlNm != null and natlNm != ""'>
                               AND A.NAT_NM LIKE CONCAT(#{natlNm},'%')
              </if>
    <![CDATA[
                               AND A.DL_EXPD_NAT_CD = C.DL_EXPD_NAT_CD
                            ) T
                     GROUP BY T.DL_EXPD_NAT_CD, T.NAT_NM, T.DL_EXPD_REGN_CD, T.DL_EXPD_PRVS_NM, T.QLTY_VEHL_CD
                   ) P
             GROUP BY P.DL_EXPD_NAT_CD, P.NAT_NM, P.DL_EXPD_REGN_CD, P.DL_EXPD_PRVS_NM
             ORDER BY P.DL_EXPD_NAT_CD
        ]]>

    </select>

  <select id="selectNatlVehlLangDetail" parameterType="stmComReqDTO" resultType="natlMgmtResDTO">


        <![CDATA[
           SELECT   #{dlExpdNatCd} AS DL_EXPD_NAT_CD
                   , A.MDL_MDY_CD
                   , A.QLTY_VEHL_CD
                   , B.LANG_CD
                   ,C.DYTM_PLN_NAT_CD
              FROM TB_VEHL_MGMT A
                    LEFT OUTER JOIN
                   (
                      SELECT   DL_EXPD_NAT_CD
                             , MDL_MDY_CD
                             , QLTY_VEHL_CD
                             , GROUP_CONCAT(LANG_CD ORDER BY DL_EXPD_NAT_CD, QLTY_VEHL_CD SEPARATOR ',') AS LANG_CD
                        FROM TB_NATL_LANG_MGMT
                       WHERE DL_EXPD_NAT_CD = #{dlExpdNatCd}
                         AND MDL_MDY_CD = #{mdlMdyCd}
                       GROUP BY DL_EXPD_NAT_CD, MDL_MDY_CD, QLTY_VEHL_CD
                       ORDER BY QLTY_VEHL_CD
                      ) B
                    ON A.QLTY_VEHL_CD = B.QLTY_VEHL_CD
                    LEFT OUTER JOIN TB_ALTN_WIOUT_NATL_MGMT C
                    ON B.DL_EXPD_NAT_CD = C.DL_EXPD_NAT_CD
             WHERE A.DL_EXPD_CO_CD = #{dlExpdCoCd}
               AND A.USE_YN = 'Y'
               AND A.MDL_MDY_CD = #{mdlMdyCd}
               AND A.QLTY_VEHL_CD IN (
                                      SELECT QLTY_VEHL_CD
                                        FROM TB_AUTH_VEHL
                                       WHERE USER_EENO = #{userEeno}
                                       GROUP BY QLTY_VEHL_CD
                                      )
             GROUP BY A.MDL_MDY_CD, A.QLTY_VEHL_CD, B.LANG_CD,C.DYTM_PLN_NAT_CD
        ]]>
    </select>
  <select id="selectNatlMgmtCount" parameterType="stmComReqDTO" resultType="String">

           /* aes.stm.lang.LangDAO.selectNatlLangMgmtCount */
        <![CDATA[
            SELECT (CASE WHEN COUNT(*)=0 THEN 'Y' ELSE 'N' END) AS CHK
              FROM TB_NATL_MGMT
             WHERE DL_EXPD_NAT_CD = #{dlExpdNatCd}
        ]]>
    </select>

  <select id="selectNatlMdyCombo" parameterType="natlMgmtReqDTO" resultType="natlMgmtResDTO">
                    /* aes.stm.vehlMgmt.VehlMgmtDAO.selectCpyTgVehl */
        <![CDATA[

                   select A.DL_EXPD_NAT_CD
                   ,B.MDL_MDY_CD||'MY' as TOT_NM
                   ,B.MDL_MDY_CD


                   from tb_natl_mgmt A
                   join tb_natl_lang_mgmt B
                   on A.DL_EXPD_NAT_CD  = B.DL_EXPD_NAT_CD

                   where A.DL_EXPD_NAT_CD = #{dlExpdNatCd}
                    and A.DL_EXPD_CO_CD = #{dlExpdCoCd}



             ]]>


               group by  A.DL_EXPD_NAT_CD, B.MDL_MDY_CD
               order by B.MDL_MDY_CD

</select>

 <select id="selectNatlLangCpyList" parameterType="natlMgmtReqDTO" resultType="natlMgmtResDTO">
                    /* aes.stm.vehlMgmt.VehlMgmtDAO.selectNatlLangCpyList */
        <![CDATA[
            SELECT   T.QLTY_VEHL_CD
                   , GROUP_CONCAT(T.LANG_CD ORDER BY T.QLTY_VEHL_CD SEPARATOR ',') AS LANG_CD
              FROM (
                    SELECT   QLTY_VEHL_CD
                           , LANG_CD
                      FROM TB_NATL_LANG_MGMT
                     WHERE DL_EXPD_CO_CD = #{dlExpdCoCd}
                       AND DL_EXPD_NAT_CD = #{dlExpdNatCd}
                       AND MDL_MDY_CD = #{mdlMdyCd}
                      GROUP BY QLTY_VEHL_CD, LANG_CD
                    ) T
                 GROUP BY T.QLTY_VEHL_CD


             ]]>

</select>

 <select id="selectNatlCdMst" parameterType="natlMgmtReqDTO" resultType="natlMgmtResDTO">
                    /* aes.stm.vehlMgmt.VehlMgmtDAO.selectNatlCdMst */
        <![CDATA[
          SELECT
          A.DL_EXPD_NAT_CD,
          A.DL_EXPD_REGN_CD,

          A.NAT_NM
          FROM TB_NATL_MGMT A
          WHERE DL_EXPD_NAT_CD = #{dlExpdNatCd}
          and DL_EXPD_CO_CD = #{dlExpdCoCd}




             ]]>

</select>
<select id="getNatlVehlRegn" parameterType="natlMgmtReqDTO" resultType="natlMgmtResDTO">
                    /* aes.stm.vehlMgmt.VehlMgmtDAO.getNatlVehlRegn */
        <![CDATA[
               SELECT DL_EXPD_REGN_CD
            FROM TB_NATL_VEHL_MGMT
            WHERE QLTY_VEHL_CD = #{qltyVehlCd}
                AND DL_EXPD_NAT_CD = #{dlExpdNatCd}


             ]]>

</select>
    <select id="natlMstValidChk" parameterType="natlMgmtReqDTO" resultType="String">
          /* aes.stm.lang.LangDAO.selectLangMst */
        <![CDATA[
            SELECT (CASE WHEN COUNT(DL_EXPD_NAT_CD)='0' THEN 'Y' ELSE 'N' END) AS NATL_CHK
              FROM TB_NATL_MGMT
             WHERE DL_EXPD_NAT_CD = #{dlExpdNatCd}
        ]]>
    </select>
    <delete id="deleteNatlLangMgmt" parameterType="natlMgmtSaveDTO">
            /* ProgramID=aes.stm.lang.LangDAO.deleteNatlLangMgmt */
            <![CDATA[
                 DELETE FROM TB_NATL_LANG_MGMT
                  WHERE DL_EXPD_NAT_CD = #{dlExpdNatCd}
                    AND MDL_MDY_CD = #{mdlMdyCd}
            ]]>
    </delete>

    <delete id="deleteNatlVehlMgmt" parameterType="natlMgmtSaveDTO">
        /* ProgramID=aes.stm.lang.LangDAO.deleteNatlVehlMgmt */
        <![CDATA[
             DELETE FROM TB_NATL_VEHL_MGMT
              WHERE DL_EXPD_NAT_CD = #{dlExpdNatCd}
        ]]>
    </delete>
<insert id="insertNatlVehlMgmt" parameterType="natlMgmtSaveDTO">
        /* ProgramID=aes.stm.lang.LangDAO.insertNatlVehlMgmt */
        <![CDATA[
             INSERT INTO TB_NATL_VEHL_MGMT
                  (
                     DL_EXPD_CO_CD
                   , DL_EXPD_NAT_CD
                   , QLTY_VEHL_CD
                   , DL_EXPD_REGN_CD
                   , PPRR_EENO
                   , FRAM_DTM

                  )
                  VALUES
                  (
                     #{dlExpdCoCd}
                   , #{dlExpdNatCd}
                   , #{qltyVehlCd}
                   , #{dlExpdRegnCd}
                   , #{userEeno}
                   , SYSDATE()
                  )
        ]]>
    </insert>




     <insert id="insertNatlCdMst" parameterType="natlMgmtReqDTO">
        /* ProgramID=aes.stm.lang.LangDAO.insertNatlMst */
        <![CDATA[
             INSERT INTO TB_NATL_MGMT
                  (
                     DL_EXPD_NAT_CD
                   , NAT_NM
                   , DL_EXPD_REGN_CD
                   , DL_EXPD_CO_CD
                   , PPRR_EENO
                   , FRAM_DTM

                  )
            VALUES
                  (
                     #{dlExpdNatCd}
                   , #{natNm}
                   , #{dlExpdRegnCd}
                   , #{dlExpdCoCd}
                   , #{userEeno}
                   , SYSDATE()
                  )
        ]]>
    </insert>

 <insert id="insertNatlLangMgmt" parameterType="natlMgmtSaveDTO">
          /* ProgramID=aes.stm.lang.LangDAO.insertNatlLangMgmt */
        <![CDATA[
           INSERT INTO TB_NATL_LANG_MGMT
                (
                   DL_EXPD_CO_CD
                 , DL_EXPD_NAT_CD
                 , QLTY_VEHL_CD
                 , MDL_MDY_CD
                 , LANG_CD
                 , USE_YN
                 , NAPC_YN
                 , PPRR_EENO
                 , FRAM_DTM

                )
                VALUES
                (
                   #{dlExpdCoCd}
                 , #{dlExpdNatCd}
                 , #{qltyVehlCd}
                 , #{mdlMdyCd}
                 , #{langCd}
                 ,'Y'
                 , 'N'
                 , #{userEeno}
                 , SYSDATE()

                 )
        ]]>
    </insert>

    <insert id="insertNatlBlkList" parameterType="natlMgmtSaveDTO">
          /* ProgramID=aes.stm.lang.LangDAO.insertNatlLangMgmt */
        <![CDATA[
         INSERT INTO TB_ALTN_WIOUT_NATL_MGMT
                  (
                     DL_EXPD_CO_CD
                   , DL_EXPD_NAT_CD
                   , DYTM_PLN_NAT_CD
                   , PRVS_SCN_CD
                   , PPRR_EENO
                   , FRAM_DTM
                   )
                   VALUES
                  (
                     #{dlExpdCoCd}
                   , #{dlExpdNatCd}
                   , TRIM(#{dytmPlnNatCd})
                   , 'A'
                   , #{userEeno}
                   , SYSDATE()
                  )
        ]]>
    </insert>
 <update id="updRegnCd" parameterType="natlMgmtReqDTO">
           /* ProgramID=aes.stm.lang.LangDAO.updateNatlVehlMgmt */
        <![CDATA[
            UPDATE TB_NATL_VEHL_MGMT
               SET   DL_EXPD_REGN_CD = #{dlExpdRegnCd}
                   , UPDR_EENO       = #{userEeno}
                   , MDFY_DTM        = SYSDATE()
             WHERE DL_EXPD_CO_CD  = #{dlExpdCoCd}
               AND DL_EXPD_NAT_CD = #{dlExpdNatCd}
               AND QLTY_VEHL_CD = #{qltyVehlCd}
        ]]>
    </update>



     <delete id="deleteNatlBlkList" parameterType="natlMgmtReqDTO">
        /* ProgramID=aes.stm.lang.LangDAO.deleteNatlBlkList */
        <![CDATA[
             DELETE FROM TB_ALTN_WIOUT_NATL_MGMT
              WHERE DL_EXPD_CO_CD = #{dlExpdCoCd}
                AND DL_EXPD_NAT_CD = #{dlExpdNatCd}
        ]]>
    </delete>
</mapper>

