<?xml version="1.0" encoding="UTF-8"?>
<!DOCTYPE mapper PUBLIC "-//mybatis.org//DTD Mapper 3.0//EN" "http://mybatis.org/dtd/mybatis-3-mapper.dtd">

<mapper namespace="com.oms.stm.dao.VehlMgmtDAO">

    <select id="selectVehlMgmtList" parameterType="hashMap" resultType="hashMap">
                   /* aes.stm.vehlMgmt.VehlMgmtDAO.selectVehlMgmtList */
        <![CDATA[
            SELECT   A.QLTY_VEHL_CD      as qltyVehlCd
                   , A.MDL_MDY_CD        as mdlMdyCd
                   , A.QLTY_VEHL_NM      as qltyVehlNm
                   , A.DL_EXPD_PAC_SCN_CD as dlExpdPacScnCd
                   , A.PAC_SCN_GBN       as pacScnGbn
                   , A.DL_EXPD_PDI_CD    as dlExpdPdiCd
                   , A.PDI_NM            as pdiNm
                   , A.JB_MDY_REL_CD     as jbMdyRelCd
                   , A.JB_MDY_REL_NM     as jbMdyRelNm
                   , C.DYTM_PLN_CD       as dytmPlnCd
                   , C.PRDN_MST_CD       as prdnMstCd
                   , C.BOM_VEHL_CD       as bomVehlCd
                   , C.SALE_VEHL_CD      as saleVehlCd
                   , B.HMC               as hmc
                   , B.KYUNG             as kyung
                   , B.SEHWA             as sehwa
                   , B.PDI               as pdi

        ]]>

        <if test = 'col1!= null and col1!= ""' >
                   , (SELECT MAX(Y.DL_EXPD_PRVS_NM) FROM   TB_VEHL_MDY_REL_MGMT X, TB_CODE_MGMT Y
                       WHERE X.QLTY_VEHL_CD = A.QLTY_VEHL_CD AND X.MDL_MDY_CD = A.MDL_MDY_CD
                         AND X.DL_EXPD_REGN_CD = #{col1} AND X.JB_MDY_REL_CD = Y.DL_EXPD_PRVS_CD
                         AND Y.DL_EXPD_G_CD = '0007' ) as  regn01
        </if>
        <if test = 'col2!= null and col2!= ""' >
                   , (SELECT MAX(Y.DL_EXPD_PRVS_NM) FROM   TB_VEHL_MDY_REL_MGMT X, TB_CODE_MGMT Y
                       WHERE X.QLTY_VEHL_CD = A.QLTY_VEHL_CD AND X.MDL_MDY_CD = A.MDL_MDY_CD
                         AND X.DL_EXPD_REGN_CD = #{col2} AND X.JB_MDY_REL_CD = Y.DL_EXPD_PRVS_CD
                         AND Y.DL_EXPD_G_CD = '0007' )as  regn02
        </if>
        <if test = 'col3!= null and col3!= ""' >
                   , (SELECT MAX(Y.DL_EXPD_PRVS_NM) FROM   TB_VEHL_MDY_REL_MGMT X, TB_CODE_MGMT Y
                       WHERE X.QLTY_VEHL_CD = A.QLTY_VEHL_CD AND X.MDL_MDY_CD = A.MDL_MDY_CD
                         AND X.DL_EXPD_REGN_CD = #{col3} AND X.JB_MDY_REL_CD = Y.DL_EXPD_PRVS_CD
                         AND Y.DL_EXPD_G_CD = '0007' ) as  regn03
        </if>
        <if test = 'col4 != null and col4 != ""' >
                   , (SELECT MAX(Y.DL_EXPD_PRVS_NM) FROM   TB_VEHL_MDY_REL_MGMT X, TB_CODE_MGMT Y
                       WHERE X.QLTY_VEHL_CD = A.QLTY_VEHL_CD AND X.MDL_MDY_CD = A.MDL_MDY_CD
                         AND X.DL_EXPD_REGN_CD = #{col4} AND X.JB_MDY_REL_CD = Y.DL_EXPD_PRVS_CD
                         AND Y.DL_EXPD_G_CD = '0007' ) as  regn04
        </if>
        <if test = 'col5 != null and col5 != ""' >
                   , (SELECT MAX(Y.DL_EXPD_PRVS_NM) FROM   TB_VEHL_MDY_REL_MGMT X, TB_CODE_MGMT Y
                       WHERE X.QLTY_VEHL_CD = A.QLTY_VEHL_CD AND X.MDL_MDY_CD = A.MDL_MDY_CD
                         AND X.DL_EXPD_REGN_CD = #{col5} AND X.JB_MDY_REL_CD = Y.DL_EXPD_PRVS_CD
                         AND Y.DL_EXPD_G_CD = '0007' ) as  regn05
        </if>
        <if test = 'col6 != null and col6 != ""' >
                   , (SELECT MAX(Y.DL_EXPD_PRVS_NM) FROM   TB_VEHL_MDY_REL_MGMT X, TB_CODE_MGMT Y
                       WHERE X.QLTY_VEHL_CD = A.QLTY_VEHL_CD AND X.MDL_MDY_CD = A.MDL_MDY_CD
                         AND X.DL_EXPD_REGN_CD = #{col6} AND X.JB_MDY_REL_CD = Y.DL_EXPD_PRVS_CD
                         AND Y.DL_EXPD_G_CD = '0007' ) as  regn06
        </if>
        <if test = 'col7 != null and col7 != ""' >
                   , (SELECT MAX(Y.DL_EXPD_PRVS_NM) FROM   TB_VEHL_MDY_REL_MGMT X, TB_CODE_MGMT Y
                       WHERE X.QLTY_VEHL_CD = A.QLTY_VEHL_CD AND X.MDL_MDY_CD = A.MDL_MDY_CD
                         AND X.DL_EXPD_REGN_CD = #{col7} AND X.JB_MDY_REL_CD = Y.DL_EXPD_PRVS_CD
                         AND Y.DL_EXPD_G_CD = '0007' ) as  regn07
        </if>
        <if test = 'col8 != null and col8 != ""' >
                   , (SELECT MAX(Y.DL_EXPD_PRVS_NM) FROM   TB_VEHL_MDY_REL_MGMT X, TB_CODE_MGMT Y
                       WHERE X.QLTY_VEHL_CD = A.QLTY_VEHL_CD AND X.MDL_MDY_CD = A.MDL_MDY_CD
                         AND X.DL_EXPD_REGN_CD = #{col8} AND X.JB_MDY_REL_CD = Y.DL_EXPD_PRVS_CD
                         AND Y.DL_EXPD_G_CD = '0007' ) as  regn08
        </if>
        <![CDATA[   ]]>

                   , A.USE_YN as useYn
              FROM (
                    SELECT   A.QLTY_VEHL_CD
                           , A.MDL_MDY_CD
                           , A.QLTY_VEHL_NM
                           , A.DL_EXPD_PAC_SCN_CD
                           , (CASE WHEN A.DL_EXPD_PAC_SCN_CD='01' THEN '승용' ELSE '상용' END) AS PAC_SCN_GBN
                           , DL_EXPD_PDI_CD
                           , F.DL_EXPD_PRVS_NM AS PDI_NM
                           , A.JB_MDY_REL_CD
                           , G.DL_EXPD_PRVS_NM AS JB_MDY_REL_NM
                           , A.USE_YN
                      FROM   TB_VEHL_MGMT A
                             LEFT OUTER JOIN TB_CODE_MGMT F ON '0005' = F.DL_EXPD_G_CD AND A.DL_EXPD_PDI_CD = F.DL_EXPD_PRVS_CD
                             LEFT OUTER JOIN TB_CODE_MGMT G ON A.JB_MDY_REL_CD = G.DL_EXPD_PRVS_CD AND '0007' = G.DL_EXPD_G_CD
                     WHERE A.DL_EXPD_CO_CD = #{dlExpdCoCd}
                     AND A.QLTY_VEHL_CD IN (
                                  SELECT QLTY_VEHL_CD
                                    FROM TB_AUTH_VEHL
                                   WHERE USER_EENO = #{userEeno}
                                   AND DL_EXPD_CO_CD = #{dlExpdCoCd}
                      )
                       AND A.MDL_MDY_CD = (CASE WHEN #{mdlMdyCd} IS NULL THEN SUBSTR(SYSDATE(),3,2) ELSE #{mdlMdyCd} END)
                       AND A.DL_EXPD_PDI_CD = (CASE WHEN #{dlExpdPdiCd} IS NULL THEN A.DL_EXPD_PDI_CD WHEN #{dlExpdPdiCd}='ALL' THEN A.DL_EXPD_PDI_CD ELSE #{dlExpdPdiCd} END)
                    ) A
                    LEFT OUTER JOIN
                   (
                    SELECT   QLTY_VEHL_CD
                           , REPLACE(REPLACE(MAX(P.HMC), ', ' ,'' ),' ,' ,'' ) AS  HMC
                           , REPLACE(REPLACE(MAX(P.KYUNG), ', ' ,'' ),' ,' ,'' ) AS  KYUNG
                           , REPLACE(REPLACE(MAX(P.SEHWA), ', ' ,'' ),' ,' ,'' ) AS  SEHWA
                           , REPLACE(REPLACE(MAX(P.PDI), ', ' ,'' ),' ,' ,'' ) AS  PDI
                           , REPLACE(REPLACE(MAX(P.HMC_EENO), ', ' ,'' ),' ,' ,'' ) AS  HMC_EENO
                           , REPLACE(REPLACE(MAX(P.KYUNG_EENO), ', ' ,'' ),' ,' ,'' ) AS  KYUNG_EENO
                           , REPLACE(REPLACE(MAX(P.SEHWA_EENO), ', ' ,'' ),' ,' ,'' ) AS  SEHWA_EENO
                           , REPLACE(REPLACE(MAX(P.PDI_EENO), ', ' ,'' ),' ,' ,'' ) AS  PDI_EENO
                      FROM (
                            SELECT   T.QLTY_VEHL_CD
                                   , GROUP_CONCAT(T.HMC ORDER BY T.CRGR_EENO SEPARATOR ',') AS HMC
                                   , GROUP_CONCAT(T.KYUNG ORDER BY T.CRGR_EENO SEPARATOR ',') AS KYUNG
                                   , GROUP_CONCAT(T.SEHWA ORDER BY T.CRGR_EENO SEPARATOR ',') AS SEHWA
                                   , GROUP_CONCAT(T.PDI ORDER BY T.CRGR_EENO SEPARATOR ',') AS PDI
                                   , GROUP_CONCAT(T.HMC_EENO ORDER BY T.CRGR_EENO SEPARATOR ',') AS HMC_EENO
                                   , GROUP_CONCAT(T.KYUNG_EENO ORDER BY T.CRGR_EENO SEPARATOR ',') AS KYUNG_EENO
                                   , GROUP_CONCAT(T.SEHWA_EENO ORDER BY T.CRGR_EENO SEPARATOR ',') AS SEHWA_EENO
                                   , GROUP_CONCAT(T.PDI_EENO ORDER BY T.CRGR_EENO SEPARATOR ',') AS PDI_EENO
                              FROM (
                                    SELECT   A.QLTY_VEHL_CD
                                           , A.CRGR_EENO
                                           , B.USER_NM
                                           , A.BLNS_CO_CD
                                           , (CASE WHEN A.BLNS_CO_CD='01' THEN B.USER_NM ELSE ' ' END) AS HMC
                                           , (CASE WHEN A.BLNS_CO_CD='03' THEN B.USER_NM ELSE ' ' END) AS KYUNG
                                           , (CASE WHEN A.BLNS_CO_CD='06' THEN B.USER_NM ELSE ' ' END) AS SEHWA
                                           , (CASE WHEN A.BLNS_CO_CD='04' THEN B.USER_NM ELSE ' ' END) AS PDI
                                           , (CASE WHEN A.BLNS_CO_CD='01' THEN B.USER_EENO ELSE ' ' END) AS HMC_EENO
                                           , (CASE WHEN A.BLNS_CO_CD='03' THEN B.USER_EENO ELSE ' ' END) AS KYUNG_EENO
                                           , (CASE WHEN A.BLNS_CO_CD='06' THEN B.USER_EENO ELSE ' ' END) AS SEHWA_EENO
                                           , (CASE WHEN A.BLNS_CO_CD='04' THEN B.USER_EENO ELSE ' ' END) AS PDI_EENO
                                      FROM   TB_VEHL_CRGR_MGMT A
                                           , TB_USR_MGMT B
                                     WHERE A.USE_YN = 'Y'
                                       AND A.MDL_MDY_CD = (CASE WHEN #{mdlMdyCd} IS NULL THEN SUBSTR(SYSDATE(),3,2) ELSE #{mdlMdyCd} END)
                                       AND B.USE_YN = 'Y'
                                       AND A.CRGR_EENO = B.USER_EENO
                                    ) T
                             GROUP BY QLTY_VEHL_CD
                            ) P
                     GROUP BY QLTY_VEHL_CD
                  ) B
                  ON A.QLTY_VEHL_CD = B.QLTY_VEHL_CD
                  LEFT OUTER JOIN
                 (
                    SELECT H.QLTY_VEHL_CD, H.DYTM_PLN_CD, H.PRDN_MST_CD, H.BOM_VEHL_CD, H.SALE_VEHL_CD
                      FROM (
                            SELECT   QLTY_VEHL_CD
                                   , (
                                      SELECT GROUP_CONCAT(PRDN_VEHL_CD SEPARATOR ',')
                                        FROM TB_ALTN_VEHL_MGMT
                                       WHERE QLTY_VEHL_CD = A.QLTY_VEHL_CD
                                         AND PRVS_SCN_CD = 'A'
                                       GROUP BY QLTY_VEHL_CD
                                      )  AS DYTM_PLN_CD
                                   , (
                                      SELECT GROUP_CONCAT(PRDN_VEHL_CD SEPARATOR ',')
                                        FROM TB_ALTN_VEHL_MGMT
                                       WHERE QLTY_VEHL_CD = A.QLTY_VEHL_CD
                                         AND PRVS_SCN_CD = 'B'
                                       GROUP BY QLTY_VEHL_CD
                                      )  AS PRDN_MST_CD
                                   , (
                                      SELECT GROUP_CONCAT(PRDN_VEHL_CD SEPARATOR ',')
                                        FROM TB_ALTN_VEHL_MGMT
                                       WHERE QLTY_VEHL_CD = A.QLTY_VEHL_CD
                                         AND PRVS_SCN_CD = 'C'
                                       GROUP BY QLTY_VEHL_CD
                                      )  AS BOM_VEHL_CD
                                   , (
                                      SELECT GROUP_CONCAT(PRDN_VEHL_CD SEPARATOR ',')
                                        FROM TB_ALTN_VEHL_MGMT
                                       WHERE QLTY_VEHL_CD = A.QLTY_VEHL_CD
                                         AND PRVS_SCN_CD = 'D'
                                       GROUP BY QLTY_VEHL_CD
                                      )  AS SALE_VEHL_CD
                              FROM TB_ALTN_VEHL_MGMT A
                           ) H
                      GROUP BY QLTY_VEHL_CD, DYTM_PLN_CD, PRDN_MST_CD, BOM_VEHL_CD, SALE_VEHL_CD
                    ) C
                    ON A.QLTY_VEHL_CD = C.QLTY_VEHL_CD
             WHERE 1 = 1

<if test='qltyVehlCd != null  and qltyVehlCd !=""'>
         and A.QLTY_VEHL_CD = (CASE WHEN #{qltyVehlCd}='ALL' THEN A.QLTY_VEHL_CD ELSE #{qltyVehlCd} END)
</if>

<if test='userEenoSch != null  and userEenoSch !=""'>
         and   (
               B.HMC_EENO LIKE  ('%'||#{userEenoSch}|| '%')
            OR B.KYUNG_EENO LIKE ('%'||#{userEenoSch}|| '%')
            OR B.SEHWA_EENO LIKE ('%'||#{userEenoSch}|| '%')
            OR B.PDI_EENO LIKE ('%'||#{userEenoSch}|| '%')
           )
</if>
            ORDER BY A.QLTY_VEHL_CD
    </select>

<select id="selectVehlMgmtInfo" parameterType="hashMap" resultType="vehlMgmtResDTO">
                    /* aes.stm.vehlMgmt.VehlMgmtDAO.selectVehlMgmt */
        <![CDATA[
            SELECT   A.QLTY_VEHL_CD
                   , A.MDL_MDY_CD
                   , A.QLTY_VEHL_NM
                   , A.DL_EXPD_PAC_SCN_CD
                   , A.PAC_SCN_GBN
                   , A.DL_EXPD_PDI_CD
                   , A.PDI_NM
                   , A.JB_MDY_REL_CD
                   , A.JB_MDY_REL_NM
                   , C.DYTM_PLN_CD
                   , C.PRDN_MST_CD
                   , C.BOM_VEHL_CD
                   , C.SALE_VEHL_CD
                   , B.HMC
                   , B.KYUNG
                   , B.SEHWA
                   , B.PDI
                   , TRIM(B.HMC_EENO) AS HMC_EENO
                   , TRIM(B.KYUNG_EENO) AS KYUNG_EENO
                   , TRIM(B.SEHWA_EENO) AS SEHWA_EENO
                   , TRIM(B.PDI_EENO) AS PDI_EENO
        ]]>
       <if test = 'col1!= null and col1!= ""' >
                   , (SELECT MAX(Y.DL_EXPD_PRVS_CD) FROM   TB_VEHL_MDY_REL_MGMT X, TB_CODE_MGMT Y
                       WHERE X.QLTY_VEHL_CD = A.QLTY_VEHL_CD AND X.MDL_MDY_CD = A.MDL_MDY_CD
                         AND X.DL_EXPD_REGN_CD = #{col1} AND X.JB_MDY_REL_CD = Y.DL_EXPD_PRVS_CD
                         AND Y.DL_EXPD_G_CD = '0007' ) as  regn01
        </if>
        <if test = 'col2!= null and col2!= ""' >
                   , (SELECT MAX(Y.DL_EXPD_PRVS_CD) FROM   TB_VEHL_MDY_REL_MGMT X, TB_CODE_MGMT Y
                       WHERE X.QLTY_VEHL_CD = A.QLTY_VEHL_CD AND X.MDL_MDY_CD = A.MDL_MDY_CD
                         AND X.DL_EXPD_REGN_CD = #{col2} AND X.JB_MDY_REL_CD = Y.DL_EXPD_PRVS_CD
                         AND Y.DL_EXPD_G_CD = '0007' )as  regn02
        </if>
        <if test = 'col3!= null and col3!= ""' >
                   , (SELECT MAX(Y.DL_EXPD_PRVS_CD) FROM   TB_VEHL_MDY_REL_MGMT X, TB_CODE_MGMT Y
                       WHERE X.QLTY_VEHL_CD = A.QLTY_VEHL_CD AND X.MDL_MDY_CD = A.MDL_MDY_CD
                         AND X.DL_EXPD_REGN_CD = #{col3} AND X.JB_MDY_REL_CD = Y.DL_EXPD_PRVS_CD
                         AND Y.DL_EXPD_G_CD = '0007' ) as  regn03
        </if>
        <if test = 'col4 != null and col4 != ""' >
                   , (SELECT MAX(Y.DL_EXPD_PRVS_CD) FROM   TB_VEHL_MDY_REL_MGMT X, TB_CODE_MGMT Y
                       WHERE X.QLTY_VEHL_CD = A.QLTY_VEHL_CD AND X.MDL_MDY_CD = A.MDL_MDY_CD
                         AND X.DL_EXPD_REGN_CD = #{col4} AND X.JB_MDY_REL_CD = Y.DL_EXPD_PRVS_CD
                         AND Y.DL_EXPD_G_CD = '0007' ) as  regn04
        </if>
        <if test = 'col5 != null and col5 != ""' >
                   , (SELECT MAX(Y.DL_EXPD_PRVS_CD) FROM   TB_VEHL_MDY_REL_MGMT X, TB_CODE_MGMT Y
                       WHERE X.QLTY_VEHL_CD = A.QLTY_VEHL_CD AND X.MDL_MDY_CD = A.MDL_MDY_CD
                         AND X.DL_EXPD_REGN_CD = #{col5} AND X.JB_MDY_REL_CD = Y.DL_EXPD_PRVS_CD
                         AND Y.DL_EXPD_G_CD = '0007' ) as  regn05
        </if>
        <if test = 'col6 != null and col6 != ""' >
                   , (SELECT MAX(Y.DL_EXPD_PRVS_CD) FROM   TB_VEHL_MDY_REL_MGMT X, TB_CODE_MGMT Y
                       WHERE X.QLTY_VEHL_CD = A.QLTY_VEHL_CD AND X.MDL_MDY_CD = A.MDL_MDY_CD
                         AND X.DL_EXPD_REGN_CD = #{col6} AND X.JB_MDY_REL_CD = Y.DL_EXPD_PRVS_CD
                         AND Y.DL_EXPD_G_CD = '0007' ) as  regn06
        </if>
        <if test = 'col7 != null and col7 != ""' >
                   , (SELECT MAX(Y.DL_EXPD_PRVS_CD) FROM   TB_VEHL_MDY_REL_MGMT X, TB_CODE_MGMT Y
                       WHERE X.QLTY_VEHL_CD = A.QLTY_VEHL_CD AND X.MDL_MDY_CD = A.MDL_MDY_CD
                         AND X.DL_EXPD_REGN_CD = #{col7} AND X.JB_MDY_REL_CD = Y.DL_EXPD_PRVS_CD
                         AND Y.DL_EXPD_G_CD = '0007' ) as  regn07
        </if>
        <if test = 'col8 != null and col8 != ""' >
                   , (SELECT MAX(Y.DL_EXPD_PRVS_CD) FROM   TB_VEHL_MDY_REL_MGMT X, TB_CODE_MGMT Y
                       WHERE X.QLTY_VEHL_CD = A.QLTY_VEHL_CD AND X.MDL_MDY_CD = A.MDL_MDY_CD
                         AND X.DL_EXPD_REGN_CD = #{col8} AND X.JB_MDY_REL_CD = Y.DL_EXPD_PRVS_CD
                         AND Y.DL_EXPD_G_CD = '0007' ) as  regn08
        </if>
        <![CDATA[
                   , (
                      SELECT MAX(X.JB_MDY_REL_CD)
                        FROM TB_VEHL_MDY_REL_MGMT X
                       WHERE X.QLTY_VEHL_CD = A.QLTY_VEHL_CD
                         AND X.MDL_MDY_CD = A.MDL_MDY_CD
                         AND X.DL_EXPD_REGN_CD = '02'
                      ) BB
                   , (
                      SELECT MAX(X.JB_MDY_REL_CD)
                        FROM TB_VEHL_MDY_REL_MGMT X
                       WHERE X.QLTY_VEHL_CD = A.QLTY_VEHL_CD
                         AND X.MDL_MDY_CD = A.MDL_MDY_CD
                         AND X.DL_EXPD_REGN_CD = '03'
                      ) CC
                   , (
                      SELECT MAX(X.JB_MDY_REL_CD)
                        FROM TB_VEHL_MDY_REL_MGMT X
                       WHERE X.QLTY_VEHL_CD = A.QLTY_VEHL_CD
                         AND X.MDL_MDY_CD = A.MDL_MDY_CD
                         AND X.DL_EXPD_REGN_CD = '04'
                      ) DD
                   , (
                      SELECT MAX(X.JB_MDY_REL_CD)
                        FROM TB_VEHL_MDY_REL_MGMT X
                       WHERE X.QLTY_VEHL_CD = A.QLTY_VEHL_CD
                         AND X.MDL_MDY_CD = A.MDL_MDY_CD
                         AND X.DL_EXPD_REGN_CD = '05'
                      ) EE
                   , (
                      SELECT MAX(X.JB_MDY_REL_CD)
                        FROM TB_VEHL_MDY_REL_MGMT X
                       WHERE X.QLTY_VEHL_CD = A.QLTY_VEHL_CD
                         AND X.MDL_MDY_CD = A.MDL_MDY_CD
                         AND X.DL_EXPD_REGN_CD = '06'
                      ) FF
                   , A.USE_YN
              FROM (
                    SELECT   A.QLTY_VEHL_CD
                           , A.MDL_MDY_CD
                           , A.QLTY_VEHL_NM
                           , A.DL_EXPD_PAC_SCN_CD
                           , (CASE WHEN A.DL_EXPD_PAC_SCN_CD='01' THEN '승용' ELSE '상용' END) AS PAC_SCN_GBN
                           , A.DL_EXPD_PDI_CD
                           , F.DL_EXPD_PRVS_NM AS PDI_NM
                           , A.JB_MDY_REL_CD
                           , G.DL_EXPD_PRVS_NM AS JB_MDY_REL_NM
                           , A.USE_YN
                      FROM   TB_VEHL_MGMT A
                             LEFT OUTER JOIN
                             TB_CODE_MGMT F
                             ON '0005' = F.DL_EXPD_G_CD
                                AND A.DL_EXPD_PDI_CD = F.DL_EXPD_PRVS_CD
                             LEFT OUTER JOIN
                             TB_CODE_MGMT G
                             ON A.JB_MDY_REL_CD = G.DL_EXPD_PRVS_CD
                                AND '0007' = G.DL_EXPD_G_CD
                     WHERE A.DL_EXPD_CO_CD = #{dlExpdCoCd}
                       AND A.QLTY_VEHL_CD = #{qltyVehlCd}
                       AND A.MDL_MDY_CD = (CASE WHEN #{mdlMdyCd} IS NULL THEN SUBSTR(SYSDATE(),3,2) ELSE #{mdlMdyCd} END)
                    ) A
                    LEFT OUTER JOIN
                   (
                    SELECT   P.QLTY_VEHL_CD
                           , REPLACE(REPLACE(MAX(P.HMC), ', ' ,'' ),' ,' ,'' ) AS  HMC
                           , REPLACE(REPLACE(MAX(P.KYUNG), ', ' ,'' ),' ,' ,'' ) AS  KYUNG
                           , REPLACE(REPLACE(MAX(P.SEHWA), ', ' ,'' ),' ,' ,'' ) AS  SEHWA
                           , REPLACE(REPLACE(MAX(P.PDI), ', ' ,'' ),' ,' ,'' ) AS  PDI
                           , REPLACE(REPLACE(MAX(P.HMC_EENO), ', ' ,'' ),' ,' ,'' ) AS  HMC_EENO
                           , REPLACE(REPLACE(MAX(P.KYUNG_EENO), ', ' ,'' ),' ,' ,'' ) AS  KYUNG_EENO
                           , REPLACE(REPLACE(MAX(P.SEHWA_EENO), ', ' ,'' ),' ,' ,'' ) AS  SEHWA_EENO
                           , REPLACE(REPLACE(MAX(P.PDI_EENO), ', ' ,'' ),' ,' ,'' ) AS  PDI_EENO
                      FROM (
                            SELECT   K.QLTY_VEHL_CD
                                   , GROUP_CONCAT(K.HMC ORDER BY K.CRGR_EENO SEPARATOR ',') AS HMC
                                   , GROUP_CONCAT(K.KYUNG ORDER BY K.CRGR_EENO SEPARATOR ',') AS KYUNG
                                   , GROUP_CONCAT(K.SEHWA ORDER BY K.CRGR_EENO SEPARATOR ',') AS SEHWA
                                   , GROUP_CONCAT(K.PDI ORDER BY K.CRGR_EENO SEPARATOR ',') AS PDI
                                   , GROUP_CONCAT(K.HMC_EENO ORDER BY K.CRGR_EENO SEPARATOR ',') AS HMC_EENO
                                   , GROUP_CONCAT(K.KYUNG_EENO ORDER BY K.CRGR_EENO SEPARATOR ',') AS KYUNG_EENO
                                   , GROUP_CONCAT(K.SEHWA_EENO ORDER BY K.CRGR_EENO SEPARATOR ',') AS SEHWA_EENO
                                   , GROUP_CONCAT(K.PDI_EENO ORDER BY K.CRGR_EENO SEPARATOR ',') AS PDI_EENO
                              FROM (
                                    SELECT   A.QLTY_VEHL_CD
                                           , A.CRGR_EENO
                                           , B.USER_NM
                                           , A.BLNS_CO_CD
                                           , (CASE WHEN A.BLNS_CO_CD='01' THEN B.USER_NM ELSE ' ' END) AS HMC
                                           , (CASE WHEN A.BLNS_CO_CD='03' THEN B.USER_NM ELSE ' ' END) AS KYUNG
                                           , (CASE WHEN A.BLNS_CO_CD='06' THEN B.USER_NM ELSE ' ' END) AS SEHWA
                                           , (CASE WHEN A.BLNS_CO_CD='04' THEN B.USER_NM ELSE ' ' END) AS PDI
                                           , (CASE WHEN A.BLNS_CO_CD='01' THEN B.USER_NM ELSE ' ' END) AS HMC_EENO
                                           , (CASE WHEN A.BLNS_CO_CD='03' THEN B.USER_NM ELSE ' ' END) AS KYUNG_EENO
                                           , (CASE WHEN A.BLNS_CO_CD='06' THEN B.USER_NM ELSE ' ' END) AS SEHWA_EENO
                                           , (CASE WHEN A.BLNS_CO_CD='04' THEN B.USER_NM ELSE ' ' END) AS PDI_EENO
                                      FROM   TB_VEHL_CRGR_MGMT A
                                           , TB_USR_MGMT B
                                     WHERE A.USE_YN = 'Y'
                                       AND A.QLTY_VEHL_CD = #{qltyVehlCd}
                                       AND A.MDL_MDY_CD = (CASE WHEN #{mdlMdyCd} IS NULL THEN SUBSTR(SYSDATE(),3,2) ELSE #{mdlMdyCd} END)
                                       AND B.USE_YN = 'Y'
                                       AND A.CRGR_EENO = B.USER_EENO
                                    ) K
                             GROUP BY K.QLTY_VEHL_CD
                            ) P
                     GROUP BY P.QLTY_VEHL_CD
                  ) B
                  ON A.QLTY_VEHL_CD = B.QLTY_VEHL_CD
                  LEFT OUTER JOIN
                 (
                    SELECT   T.QLTY_VEHL_CD, T.DYTM_PLN_CD, T.PRDN_MST_CD, T.BOM_VEHL_CD, T.SALE_VEHL_CD
                      FROM (
                            SELECT   QLTY_VEHL_CD
                                   , (
                                      SELECT GROUP_CONCAT(PRDN_VEHL_CD SEPARATOR ',')
                                        FROM TB_ALTN_VEHL_MGMT
                                       WHERE QLTY_VEHL_CD = A.QLTY_VEHL_CD
                                         AND PRVS_SCN_CD = 'A'
                                       GROUP BY QLTY_VEHL_CD
                                      )  AS DYTM_PLN_CD
                                   , (
                                      SELECT GROUP_CONCAT(PRDN_VEHL_CD SEPARATOR ',')
                                        FROM TB_ALTN_VEHL_MGMT
                                       WHERE QLTY_VEHL_CD = A.QLTY_VEHL_CD
                                         AND PRVS_SCN_CD = 'B'
                                       GROUP BY QLTY_VEHL_CD
                                      )  AS PRDN_MST_CD
                                   , (
                                      SELECT GROUP_CONCAT(PRDN_VEHL_CD SEPARATOR ',')
                                        FROM TB_ALTN_VEHL_MGMT
                                       WHERE QLTY_VEHL_CD = A.QLTY_VEHL_CD
                                         AND PRVS_SCN_CD = 'C'
                                       GROUP BY QLTY_VEHL_CD
                                      )  AS BOM_VEHL_CD
                                   , (
                                      SELECT GROUP_CONCAT(PRDN_VEHL_CD SEPARATOR ',')
                                        FROM TB_ALTN_VEHL_MGMT
                                       WHERE QLTY_VEHL_CD = A.QLTY_VEHL_CD
                                         AND PRVS_SCN_CD = 'D'
                                       GROUP BY QLTY_VEHL_CD
                                      )  AS SALE_VEHL_CD
                              FROM TB_ALTN_VEHL_MGMT A
                             WHERE A.QLTY_VEHL_CD = #{qltyVehlCd}
                           ) T
                      GROUP BY T.QLTY_VEHL_CD, T.DYTM_PLN_CD, T.PRDN_MST_CD, T.BOM_VEHL_CD, T.SALE_VEHL_CD
                    ) C
                    ON A.QLTY_VEHL_CD = C.QLTY_VEHL_CD
        ]]>
    </select>

<select id="selectVehlChrgList" parameterType="hashMap" resultType="vehlMgmtCrgDTO">
                   /* aes.stm.vehlMgmt.VehlMgmtDAO.selectNatlVehlChk */

            SELECT A.qlty_vehl_cd,
                       A.crgr_eeno,
                       B.user_nm,
                       A.blns_co_cd,
                       B.USER_EENO

                FROM   tb_vehl_crgr_mgmt A,
                       tb_usr_mgmt B
                WHERE  A.use_yn = 'Y'
                       AND A.qlty_vehl_cd = #{qltyVehlCd}
                       AND A.mdl_mdy_cd = ( case WHEN #{mdlMdyCd} IS null
                       then Substr(Sysdate(), 3, 2) ELSE #{mdlMdyCd} end )
                       AND B.use_yn = 'Y'
                      AND A.crgr_eeno = B.user_eeno
                      and B.BLNS_CO_CD =#{blnsCoCd}

</select>


 <select id="selectDlExpdPacScnCdList" parameterType="stmComReqDTO" resultType="vehlMgmtResDTO">
                   /* aes.stm.vehlMgmt.VehlMgmtDAO.selectNatlVehlChk */

         SELECT A.DL_EXPD_PAC_SCN_CD,
                   B.DL_EXPD_PRVS_NM AS DL_EXPD_PAC_SCN_NM
             FROM (
                   SELECT B.DL_EXPD_PAC_SCN_CD
                     FROM (
                           SELECT QLTY_VEHL_CD
                             FROM TB_AUTH_VEHL
                            WHERE USER_EENO = #{userEeno}
                            AND DL_EXPD_CO_CD = #{dlExpdCoCd}
                            GROUP BY QLTY_VEHL_CD
                           ) A,
                          TB_VEHL_MGMT B
                    WHERE A.QLTY_VEHL_CD = B.QLTY_VEHL_CD
                      AND B.USE_YN = 'Y'
                      AND B.DL_EXPD_CO_CD =#{dlExpdCoCd}
                    GROUP BY B.DL_EXPD_PAC_SCN_CD
                  ) A,
                  TB_CODE_MGMT B
            WHERE A.DL_EXPD_PAC_SCN_CD = B.DL_EXPD_PRVS_CD
              AND B.DL_EXPD_G_CD = '0004'
            ORDER BY B.SORT_SN

</select>
<!--
        Query Name  :selectCpyTgVehl
        Description : 차종별 언어복사 타겟 리스트 조회
            since          author              description
        ===========    =============    ===========================
        2016. 5. 19.      JH KIM                최초 생성
        2023. 3. 14.      KH KIM                -
    -->
    <select id="selectCpyTgVehl" parameterType="vehlMgmtReqDTO" resultType="java.util.HashMap">
                    /* aes.stm.vehlMgmt.VehlMgmtDAO.selectCpyTgVehl */
        <![CDATA[
            SELECT   A.QLTY_VEHL_CD
                        , A.MDL_MDY_CD
                        , A.QLTY_VEHL_CD AS VAL_CD
                        , A.MDL_MDY_CD||'MY' AS TOT_NM
              FROM   TB_LANG_MGMT A , TB_VEHL_MGMT B

             WHERE A.QLTY_VEHL_CD = B.QLTY_VEHL_CD
                    AND B.DL_EXPD_CO_CD = #{dlExpdCoCd}
                    AND A.QLTY_VEHL_CD IN (
                                      SELECT QLTY_VEHL_CD
                                        FROM TB_AUTH_VEHL
                                       WHERE USER_EENO = #{userEeno}
                                       and DL_EXPD_CO_CD = #{dlExpdCoCd}
                                      )
                                         ]]>

        <if test = 'qltyVehlCd != null and qltyVehlCd != ""' >
                   and  A.QLTY_VEHL_CD = #{qltyVehlCd}
        </if>
        group by A.QLTY_VEHL_CD,A.MDL_MDY_CD,B.DL_EXPD_CO_CD

</select>
 <select id="selectNatlVehlChk" parameterType="vehlMgmtReqDTO" resultType="String">
                   /* aes.stm.vehlMgmt.VehlMgmtDAO.selectNatlVehlChk */
        <![CDATA[
            SELECT (CASE WHEN COUNT(*)=0 THEN 'N' ELSE 'Y' END) AS VEHL_CHK
              FROM TB_NATL_VEHL_MGMT
             WHERE DL_EXPD_CO_CD = #{dlExpdCoCd}
               AND DL_EXPD_NAT_CD = #{dlExpdNatCd}
               AND QLTY_VEHL_CD = #{qltyVehlCd}
        ]]>
</select>
    <!--
        Query Name  : aes.stm.vehlMgmt.VehlMgmtDAO.selectVehlMdyList
        Description : 연식관리 리스트
            since          author              description
        ===========    =============    ===========================
        2016. 5. 10.      JH KIM                최초 생성
    -->
    <select id="selectVehlMdyList" parameterType="hashMap" resultType="hashMap">
                    /* aes.stm.vehlMgmt.VehlMgmtDAO.selectVehlMdyList */
        <![CDATA[ ]]>
        select

* from (

            SELECT      A.QLTY_VEHL_CD as qltyVehlCd
                            ,trim(B.QLTY_VEHL_NM) as qltyVehlNm
                            ,A.DL_EXPD_REGN_CD as dlExpdRegnCd
                            ,C.DL_EXPD_PRVS_NM as dlExpdPrvsNm
                            ,A.DESMP1_CD AS desmp1Cd
                            ,A.DEFMP1_CD AS defmp1Cd
                            ,A.MDL_MDY_CD AS mdlMdyCd

                <if test = 'col1!= null and col1!= ""' >
                   , (select  za.MDL_MDY_CD
                            from tb_vehl_mdy_mgmt ZA
                            where ZA.QLTY_VEHL_CD = a.qlty_vehl_cd
                            and ZA.DL_EXPD_REGN_CD  = a.dl_expd_regn_cd
                            and SUBSTR(replace(#{col1}, '-', ''), 3, 4) between ZA.DESMP1_CD  and ZA.DEFMP1_CD
                       ) as col1
               </if>
               <if test = 'col2!= null and col2!= ""' >
                   , (select  za.MDL_MDY_CD
                            from tb_vehl_mdy_mgmt ZA
                            where ZA.QLTY_VEHL_CD = a.qlty_vehl_cd
                            and ZA.DL_EXPD_REGN_CD  = a.dl_expd_regn_cd
                            and SUBSTR(replace(#{col2}, '-', ''), 3, 4) between ZA.DESMP1_CD  and ZA.DEFMP1_CD
                       ) as col2
               </if>
               <if test = 'col3!= null and col3!= ""' >
                   , (select  za.MDL_MDY_CD
                            from tb_vehl_mdy_mgmt ZA
                            where ZA.QLTY_VEHL_CD = a.qlty_vehl_cd
                            and ZA.DL_EXPD_REGN_CD  = a.dl_expd_regn_cd
                            and SUBSTR(replace(#{col3}, '-', ''), 3, 4) between ZA.DESMP1_CD  and ZA.DEFMP1_CD
                       ) as col3
               </if>
               <if test = 'col4!= null and col4!= ""' >
                    , (select  za.MDL_MDY_CD
                            from tb_vehl_mdy_mgmt ZA
                            where ZA.QLTY_VEHL_CD = a.qlty_vehl_cd
                            and ZA.DL_EXPD_REGN_CD  = a.dl_expd_regn_cd
                            and SUBSTR(replace(#{col4}, '-', ''), 3, 4) between ZA.DESMP1_CD  and ZA.DEFMP1_CD
                       ) as col4
               </if>
               <if test = 'col5!= null and col5!= ""' >
                    , (select  za.MDL_MDY_CD
                            from tb_vehl_mdy_mgmt ZA
                            where ZA.QLTY_VEHL_CD = a.qlty_vehl_cd
                            and ZA.DL_EXPD_REGN_CD  = a.dl_expd_regn_cd
                            and SUBSTR(replace(#{col5}, '-', ''), 3, 4) between ZA.DESMP1_CD  and ZA.DEFMP1_CD
                       ) as col5
               </if>
               <if test = 'col6!= null and col6!= ""' >
                    , (select  za.MDL_MDY_CD
                            from tb_vehl_mdy_mgmt ZA
                            where ZA.QLTY_VEHL_CD = a.qlty_vehl_cd
                            and ZA.DL_EXPD_REGN_CD  = a.dl_expd_regn_cd
                            and SUBSTR(replace(#{col6}, '-', ''), 3, 4) between ZA.DESMP1_CD  and ZA.DEFMP1_CD
                       ) as col6
               </if>
               <if test = 'col7!= null and col7!= ""' >
                    , (select  za.MDL_MDY_CD
                            from tb_vehl_mdy_mgmt ZA
                            where ZA.QLTY_VEHL_CD = a.qlty_vehl_cd
                            and ZA.DL_EXPD_REGN_CD  = a.dl_expd_regn_cd
                            and SUBSTR(replace(#{col7}, '-', ''), 3, 4) between ZA.DESMP1_CD  and ZA.DEFMP1_CD
                       ) as col7
               </if>
               <if test = 'col8!= null and col8!= ""' >
                    , (select  za.MDL_MDY_CD
                            from tb_vehl_mdy_mgmt ZA
                            where ZA.QLTY_VEHL_CD = a.qlty_vehl_cd
                            and ZA.DL_EXPD_REGN_CD  = a.dl_expd_regn_cd
                            and SUBSTR(replace(#{col8}, '-', ''), 3, 4) between ZA.DESMP1_CD  and ZA.DEFMP1_CD
                       ) as col8
               </if>
               <if test = 'col9!= null and col9!= ""' >
                    , (select  za.MDL_MDY_CD
                            from tb_vehl_mdy_mgmt ZA
                            where ZA.QLTY_VEHL_CD = a.qlty_vehl_cd
                            and ZA.DL_EXPD_REGN_CD  = a.dl_expd_regn_cd
                            and SUBSTR(replace(#{col9}, '-', ''), 3, 4) between ZA.DESMP1_CD  and ZA.DEFMP1_CD
                       ) as col9
                </if>
                <if test = 'col10!= null and col10!= ""' >
                    , (select  za.MDL_MDY_CD
                            from tb_vehl_mdy_mgmt ZA
                            where ZA.QLTY_VEHL_CD = a.qlty_vehl_cd
                            and ZA.DL_EXPD_REGN_CD  = a.dl_expd_regn_cd
                            and SUBSTR(replace(#{col10}, '-', ''), 3, 4) between ZA.DESMP1_CD  and ZA.DEFMP1_CD
                       ) as col10
               </if>
               <if test = 'col11!= null and col11!= ""' >
                    , (select  za.MDL_MDY_CD
                            from tb_vehl_mdy_mgmt ZA
                            where ZA.QLTY_VEHL_CD = a.qlty_vehl_cd
                            and ZA.DL_EXPD_REGN_CD  = a.dl_expd_regn_cd
                            and SUBSTR(replace(#{col11}, '-', ''), 3, 4) between ZA.DESMP1_CD  and ZA.DEFMP1_CD
                       ) as col11
               </if>
               <if test = 'col12!= null and col12!= ""' >
                    , (select  za.MDL_MDY_CD
                            from tb_vehl_mdy_mgmt ZA
                            where ZA.QLTY_VEHL_CD = a.qlty_vehl_cd
                            and ZA.DL_EXPD_REGN_CD  = a.dl_expd_regn_cd
                            and SUBSTR(replace(#{col12}, '-', ''), 3, 4) between ZA.DESMP1_CD  and ZA.DEFMP1_CD
                       ) as col12
               </if>

                   , (select  za.MDL_MDY_CD
                            from tb_vehl_mdy_mgmt ZA
                            where ZA.QLTY_VEHL_CD = a.qlty_vehl_cd
                            and ZA.DL_EXPD_REGN_CD  = a.dl_expd_regn_cd
                            and  DEFMP1_CD = '9999'
                        ) as col13
              FROM   TB_VEHL_MDY_MGMT A
                   , TB_VEHL_MGMT B
                   , TB_CODE_MGMT C
             WHERE A.QLTY_VEHL_CD = B.QLTY_VEHL_CD
               AND A.MDL_MDY_CD = B.MDL_MDY_CD
               AND B.DL_EXPD_CO_CD = #{dlExpdCoCd}
               AND C.DL_EXPD_G_CD = '0008'
               AND A.DL_EXPD_REGN_CD = C.DL_EXPD_PRVS_CD


    <if test = 'qltyVehlCd != null and qltyVehlCd != ""' >
            AND A.QLTY_VEHL_CD = #{qltyVehlCd}
    </if>
    <if test = 'dlExpdRegnCd != null and dlExpdRegnCd != ""' >
           AND A.DL_EXPD_REGN_CD = #{dlExpdRegnCd}
    </if>
    <if test = 'dlExpdPacScnCd != null and dlExpdPacScnCd != ""' >
           AND B.DL_EXPD_PAC_SCN_CD = #{dlExpdPacScnCd}
    </if>
    <if test = 'dlExpdPdiCd != null and dlExpdPdiCd != ""' >
           AND B.DL_EXPD_PDI_CD = #{dlExpdPdiCd}
    </if>
    <if test = 'sYm != null and sYm != ""' >
           AND ((A.DESMP1_CD BETWEEN SUBSTR(REPLACE(#{sYm},'-',''),3,4) AND SUBSTR(REPLACE(#{eYm},'-',''),3,4) ) OR (A.DEFMP1_CD = '9999'))
    </if>

             ORDER BY A.QLTY_VEHL_CD, A.MDL_MDY_CD, A.DL_EXPD_REGN_CD

             ) as xa
             group by xa.qltyVehlCd,qltyVehlNm,dlExpdRegnCd,dlExpdPrvsNm
    </select>



<delete id="deleteVehlLangCp" parameterType="vehlMgmtReqDTO">
                    /* ProgramID=aes.stm.vehlMgmt.VehlMgmtDAO.deleteVehlLangCp */
        <![CDATA[
             DELETE FROM TB_LANG_MGMT
              WHERE QLTY_VEHL_CD = #{c1qltyVehlCd}
                AND MDL_MDY_CD = #{c1mdlMdyCd}
        ]]>
    </delete>
     <!--
        Query Name  : aes.stm.mem.MemberDAO.insertHmcVehlAuth
        Description : 차종권한 입력
            since          author              description
        ===========    =============    ===========================
        2016.3.25      JH KIM                최초 생성
    -->
    <insert id="insertHmcVehlAuth" parameterType="vehlMgmtCrgDTO">
           /* ProgramID=aes.stm.mem.insertHmcVehlAuth */
        <![CDATA[
            INSERT INTO TB_AUTH_VEHL ( USER_EENO, QLTY_VEHL_CD, DL_EXPD_CO_CD, CL_SCN_CD, PPRR_EENO, FRAM_DTM)
            SELECT   USER_EENO
                   , #{qltyVehlCd}
                   , #{dlExpdCoCd}
                   , #{clScnCd}
                   , #{userEeno}
                   , SYSDATE()
              FROM TB_USR_MGMT
             WHERE GRP_CD IN ( '100', #{grpCd} )
               AND USE_GBN = 'U'
               AND USER_EENO NOT IN (
                                     SELECT USER_EENO
                                       FROM TB_AUTH_VEHL
                                      WHERE QLTY_VEHL_CD = #{qltyVehlCd}
                                      AND DL_EXPD_CO_CD = #{dlExpdCoCd}
                                    )
        ]]>
    </insert>
 <insert id="insertVehlLangCopy" parameterType="vehlMgmtReqDTO">
                   /* ProgramID=aes.stm.vehlMgmt.VehlMgmtDAO.insertVehlLangCopy */
        <![CDATA[
            INSERT INTO TB_LANG_MGMT
            (
             SELECT A.DATA_SN + (
                                 SELECT (
                                         SELECT MAX(DATA_SN) AS MAXNUM
                                           FROM TB_LANG_MGMT
                                         ) - MIN(B.DATA_SN) + 1
                                   FROM TB_LANG_MGMT B
                                  WHERE B.QLTY_VEHL_CD = #{qltyVehlCd}
                                    AND B.MDL_MDY_CD = #{mdlMdyCd}
                                    AND B.USE_YN = 'Y'
                                ) AS DATA_SN,
                    #{c1qltyVehlCd} AS QLTY_VEHL_CD,
                    #{c1mdlMdyCd} AS MDL_MDY_CD,
                    A.LANG_CD,
                    A.DL_EXPD_REGN_CD,
                    A.LANG_CD_NM,
                    A.USE_YN,
                    A.NAPC_YN,
                    #{userEeno},
                    SYSDATE(),
                    '',
                    '',
                    A.SORT_SN,
                    A.A_CODE,
                    A.N1_INS_YN,
                    A.ET_YN
               FROM TB_LANG_MGMT A
              WHERE A.QLTY_VEHL_CD = #{qltyVehlCd}
                AND A.MDL_MDY_CD = #{mdlMdyCd}
                AND A.USE_YN = 'Y'
            )
        ]]>
    </insert>
    <delete id="deleteVehlNatlLang" parameterType="vehlMgmtReqDTO">
                    /* ProgramID=aes.stm.vehlMgmt.VehlMgmtDAO.deleteVehlNatlLang */
        <![CDATA[
             DELETE FROM TB_NATL_LANG_MGMT
              WHERE QLTY_VEHL_CD = #{c1qltyVehlCd}
                AND MDL_MDY_CD = #{c1mdlMdyCd}
        ]]>
    </delete>

<insert id="insertVehlNatlLangCpy" parameterType="vehlMgmtReqDTO">
                    /* ProgramID=aes.stm.vehlMgmt.VehlMgmtDAO.insertVehlNatlLangCpy */
        <![CDATA[
                INSERT INTO TB_NATL_LANG_MGMT
                (
                 SELECT   DL_EXPD_CO_CD
                        , DL_EXPD_NAT_CD
                        , #{c1qltyVehlCd}
                        , #{c1mdlMdyCd}
                        , LANG_CD
                        , USE_YN
                        , NAPC_YN
                        , #{userEeno}
                        , SYSDATE()
                        , ''
                        , SYSDATE()
                   FROM TB_NATL_LANG_MGMT
                  WHERE QLTY_VEHL_CD = #{qltyVehlCd}
                    AND MDL_MDY_CD = #{mdlMdyCd}
                )
        ]]>
    </insert>
    <select id="selectCpyTgNatlVehl" parameterType="vehlMgmtReqDTO" resultType="vehlMgmtResDTO">
                   /* aes.stm.vehlMgmt.VehlMgmtDAO.selectCpyTgNatlVehl */
        <![CDATA[
            SELECT DL_EXPD_CO_CD, DL_EXPD_NAT_CD, DL_EXPD_REGN_CD
              FROM TB_NATL_VEHL_MGMT
             WHERE DL_EXPD_CO_CD = #{dlExpdCoCd}
               AND QLTY_VEHL_CD = #{qltyVehlCd}
        ]]>
    </select>

     <select id="selectVehlMgmtNatlLangList" parameterType="vehlMgmtReqDTO" resultType="hashMap">
                    /* aes.stm.vehlMgmt.VehlMgmtDAO.selectVehlMgmtNatlLangList */
        <![CDATA[
            SELECT   T.DL_EXPD_NAT_CD
                   , GROUP_CONCAT(T.LANG_CD ORDER BY T.DL_EXPD_NAT_CD SEPARATOR ',') AS LANG_CD
              FROM (
                    SELECT   DL_EXPD_NAT_CD
                           , LANG_CD
                      FROM TB_NATL_LANG_MGMT
                     WHERE DL_EXPD_CO_CD = #{dlExpdCoCd}
                       AND QLTY_VEHL_CD = #{qltyVehlCd}
                       AND MDL_MDY_CD = #{mdlMdyCd}
                      GROUP BY DL_EXPD_NAT_CD, LANG_CD
                    ) T
                 GROUP BY T.DL_EXPD_NAT_CD
        ]]>
    </select>



    <insert id="insertVehlMgmtCrgr" parameterType="vehlMgmtReqDTO">
                    /* ProgramID=aes.stm.vehlMgmt.VehlMgmtDAO.insertVehlMgmtCrgr */
        <![CDATA[
             INSERT INTO TB_VEHL_CRGR_MGMT
                  (
                     QLTY_VEHL_CD
                   , MDL_MDY_CD
                   , CRGR_EENO
                   , BLNS_CO_CD
                   , USE_YN
                   , PPRR_EENO
                   , FRAM_DTM
                  )
                     ]]>
                  VALUES
                    <foreach item="item" collection="list" separator=",">
                        (#{item.qltyVehlCd}, #{item.mdlMdyCd}, TRIM(#{item.userEeno})
                        , #{item.blnsCoCd}, 'Y', #{item.pprrEeno}, SYSDATE())
                     </foreach>


    </insert>

  <select id="selectVehlMgmtCnt" parameterType="vehlMgmtReqDTO" resultType="String">
                    /* aes.stm.vehlMgmt.VehlMgmtDAO.selectVehlMgmtNatlLangList */
      <![CDATA[
            SELECT (CASE WHEN COUNT(*)=0 THEN 'Y' ELSE 'N' END) AS mdychk
              FROM TB_VEHL_MGMT
             WHERE QLTY_VEHL_CD = #{qltyVehlCd}
               AND MDL_MDY_CD   = #{mdlMdyCd}
        ]]>
    </select>
  <!--
        Query Name  : aes.stm.vehlMgmt.VehlMgmtDAO.selectVehlMdyChk
        Description : 차종코드 등록시 연식 등록 확인

    -->
    <select id="selectVehlMdyChk" parameterType="vehlMgmtReqDTO" resultType="String">
                   /* aes.stm.vehlMgmt.VehlMgmtDAO.selectVehlMdyChk */
        <![CDATA[
            SELECT (CASE WHEN COUNT(*)=0 THEN 'P' ELSE 'Y' END) AS MDYCHK
              FROM TB_VEHL_MDY_MGMT
             WHERE QLTY_VEHL_CD = #{qltyVehlCd}
               AND MDL_MDY_CD = #{mdlMdyCd}
        ]]>
    </select>
<select id="selectMdyMonth" parameterType="vehlMgmtReqDTO" resultType="vehlMgmtResDTO">
                    /* aes.stm.vehlMgmt.VehlMgmtDAO.selectMdyMonth */
      <![CDATA[
    SELECT   DATE_FORMAT(DATE_SUB(SYSDATE(), INTERVAL 1 YEAR),'%Y-%m') AS S_YM
                   , DATE_FORMAT(SYSDATE(),'%Y-%m') AS E_YM
              FROM DUAL
        ]]>
    </select>
    <select id="selectPreVehlMdyChk" parameterType="vehlMgmtReqDTO" resultType="vehlMgmtResDTO">
                    /* aes.stm.vehlMgmt.VehlMgmtDAO.selectPreVehlMdyChk */
      <![CDATA[
                SELECT   (CASE WHEN COUNT(*)=0 THEN 'N' ELSE 'Y' END) AS CHK_CP_VEHL
                       , IFNULL(MAX(MDL_MDY_CD),'00') LAST_MY
                  FROM TB_VEHL_MGMT
                 WHERE QLTY_VEHL_CD = #{qltyVehlCd}
                   AND MDL_MDY_CD = (#{mdlMdyCd} - 1)
        ]]>
    </select>
<!--
        Query Name  : aes.stm.vehlMgmt.VehlMgmtDAO.selectDlExpdMdyPreList
        Description : 차종별 이전연식 리스트 조회
    -->
    <select id="selectDlExpdMdyPreList" parameterType="vehlMgmtReqDTO" resultType="vehlMgmtResDTO">
                   /* aes.stm.vehlMgmt.VehlMgmtDAO.selectDlExpdMdyPreList */
        <![CDATA[
            SELECT A.MDL_MDY_CD,
                   C.JB_MDY_REL_CD,
                   CASE WHEN #{jbMdyRelCd} = '01' AND C.JB_MDY_REL_CD = '01' THEN 'Y'
                        WHEN #{jbMdyRelCd} = '01' AND C.JB_MDY_REL_CD = '02' THEN 'Y'
                        WHEN #{jbMdyRelCd} = '01' AND C.JB_MDY_REL_CD = '03' THEN 'Y'
                        WHEN #{jbMdyRelCd} = '01' AND C.JB_MDY_REL_CD = '04' THEN 'N'
                        WHEN #{jbMdyRelCd} = '03' AND C.JB_MDY_REL_CD = '01' THEN 'Y'
                        WHEN #{jbMdyRelCd} = '03' AND C.JB_MDY_REL_CD = '02' THEN 'N'
                        WHEN #{jbMdyRelCd} = '03' AND C.JB_MDY_REL_CD = '03' THEN 'Y'
                        WHEN #{jbMdyRelCd} = '03' AND C.JB_MDY_REL_CD = '04' THEN 'N'
                        ELSE 'N'
                   END AS CHK_MDY
              FROM TB_VEHL_MDY_MGMT A,
                   TB_VEHL_MGMT B,
                   TB_VEHL_MDY_REL_MGMT C
             WHERE A.QLTY_VEHL_CD = B.QLTY_VEHL_CD
               AND A.MDL_MDY_CD = B.MDL_MDY_CD
               AND A.QLTY_VEHL_CD = C.QLTY_VEHL_CD
               AND A.MDL_MDY_CD = C.MDL_MDY_CD
               AND A.DL_EXPD_REGN_CD = C.DL_EXPD_REGN_CD
               AND A.QLTY_VEHL_CD = #{qltyVehlCd}
               AND A.MDL_MDY_CD < #{mdlMdyCd}
               AND A.DL_EXPD_REGN_CD = #{dlExpdRegnCd}
               AND B.USE_YN = 'Y'
             ORDER BY A.MDL_MDY_CD DESC
        ]]>
    </select>
      <!--
        Query Name  : aes.stm.vehlMgmt.VehlMgmtDAO.selectVehlLangList
        Description : 차종별 언어 리스트 조회
    -->
    <select id="selectVehlLangList" parameterType="vehlMgmtReqDTO" resultType="vehlMgmtResDTO">
                   /* aes.stm.vehlMgmt.VehlMgmtDAO.selectVehlLangList */
        <![CDATA[
            SELECT LANG_CD
              FROM TB_LANG_MGMT
             WHERE QLTY_VEHL_CD = #{oriQltyVehlCd}
               AND MDL_MDY_CD = #{oriMdlMdyCd}
               AND DL_EXPD_REGN_CD = #{dlExpdRegnCd}
               AND USE_YN = 'Y'
        ]]>
    </select>


    <!--
        Query Name  : aes.stm.vehlMgmt.VehlMgmtDAO.selectDlExpdMdyNextList
        Description : 차종별 이전연식 리스트 조회
    -->
    <select id="selectDlExpdMdyNextList" parameterType="vehlMgmtReqDTO" resultType="vehlMgmtResDTO">
                   /* aes.stm.vehlMgmt.VehlMgmtDAO.selectDlExpdMdyNextList */
        <![CDATA[
            SELECT A.MDL_MDY_CD,
                   C.JB_MDY_REL_CD,
                   CASE WHEN #{jbMdyRelCd} = '01' AND C.JB_MDY_REL_CD = '01' THEN 'Y'
                        WHEN #{jbMdyRelCd} = '01' AND C.JB_MDY_REL_CD = '02' THEN 'Y'
                        WHEN #{jbMdyRelCd} = '01' AND C.JB_MDY_REL_CD = '03' THEN 'Y'
                        WHEN #{jbMdyRelCd} = '01' AND C.JB_MDY_REL_CD = '04' THEN 'N'
                        WHEN #{jbMdyRelCd} = '02' AND C.JB_MDY_REL_CD = '01' THEN 'Y'
                        WHEN #{jbMdyRelCd} = '02' AND C.JB_MDY_REL_CD = '02' THEN 'Y'
                        WHEN #{jbMdyRelCd} = '02' AND C.JB_MDY_REL_CD = '03' THEN 'N'
                        WHEN #{jbMdyRelCd} = '02' AND C.JB_MDY_REL_CD = '04' THEN 'N'
                        ELSE 'N'
                   END AS CHK_MDY
              FROM TB_VEHL_MDY_MGMT A,
                   TB_VEHL_MGMT B,
                   TB_VEHL_MDY_REL_MGMT C
             WHERE A.QLTY_VEHL_CD = B.QLTY_VEHL_CD
               AND A.MDL_MDY_CD = B.MDL_MDY_CD
               AND A.QLTY_VEHL_CD = C.QLTY_VEHL_CD
               AND A.MDL_MDY_CD = C.MDL_MDY_CD
               AND A.DL_EXPD_REGN_CD = C.DL_EXPD_REGN_CD
               AND A.QLTY_VEHL_CD = #{qltyVehlCd}
               AND A.MDL_MDY_CD > #{mdlMdyCd}
               AND A.DL_EXPD_REGN_CD = #{dlExpdRegnCd}
               AND B.USE_YN = 'Y'
             ORDER BY A.MDL_MDY_CD ASC
        ]]>
    </select>


       <!--
        Query Name  : aes.stm.vehlMgmt.VehlMgmtDAO.getVehlCombo
        Description : 차종 콤보박스 조회
    -->

    <select id="getVehlCombo" parameterType="vehlMgmtReqDTO" resultType="vehlMgmtResDTO">
        /* ProgramID = VehlMgmtDAO.getVehlCombo --내수/수출 구분없이 전체 항목에서 조회하는 경우 */
    <![CDATA[
                SELECT A.QLTY_VEHL_CD,
                       SUBSTR(A.QLTY_VEHL_NM,1,15) AS QLTY_VEHL_NM,
                       A.CL_SCN_CD,
                       A.EXPD_CO_CD,
                       B.DL_EXPD_PRVS_NM AS EXPD_CO_NM,
                       A.EXPD_PAC_SCN_CD,
                       C.DL_EXPD_PRVS_NM AS EXPD_PAC_SCN_NM,
                       A.EXPD_PDI_CD,
                       D.DL_EXPD_PRVS_NM AS EXPD_PDI_NM
                FROM (SELECT B.QLTY_VEHL_CD,
                             CONCAT(B.QLTY_VEHL_CD, '(', MAX(B.QLTY_VEHL_NM), ')') AS QLTY_VEHL_NM,
                             MAX(A.CL_SCN_CD) AS CL_SCN_CD,
                             MAX(DL_EXPD_CO_CD) AS EXPD_CO_CD,
                             MAX(DL_EXPD_PAC_SCN_CD) AS EXPD_PAC_SCN_CD,
                             MAX(DL_EXPD_PDI_CD) AS EXPD_PDI_CD
                      FROM (SELECT QLTY_VEHL_CD,
                                   MAX(CL_SCN_CD) AS CL_SCN_CD
                            FROM TB_AUTH_VEHL

                            WHERE 1 = 1
    ]]>
                            <if test='userEeno != null  and userEeno !=""'>
                            AND USER_EENO = #{userEeno}
                            </if>
                            AND DL_EXPD_CO_CD = #{dlExpdCoCd}
    <![CDATA[
                            GROUP BY QLTY_VEHL_CD
                           ) A,
                           TB_VEHL_MGMT B
                      WHERE A.QLTY_VEHL_CD = B.QLTY_VEHL_CD
    ]]>
                      <if test='sdate != null  and sdate !=""'>
                      AND B.MDL_MDY_CD BETWEEN DATE_FORMAT(DATE_SUB(STR_TO_DATE(REPLACE(#{sdate},'-',''), '%Y%m%d'), INTERVAL 48 MONTH), '%y') AND DATE_FORMAT(DATE_ADD(STR_TO_DATE(REPLACE(#{sdate},'-',''), '%Y%m%d'), INTERVAL 24 MONTH), '%y')
                      </if>
                      <if test='dlExpdPdiCd != null  and dlExpdPdiCd !=""'>
                      AND B.DL_EXPD_PDI_CD = (CASE WHEN #{dlExpdPdiCd}='ALL' THEN B.DL_EXPD_PDI_CD
                                                   WHEN #{dlExpdPdiCd} IS NULL THEN B.DL_EXPD_PDI_CD
                                                   ELSE #{pdi} END)
                      </if>
    <![CDATA[
                      AND B.USE_YN = 'Y'
                      GROUP BY B.QLTY_VEHL_CD
                     ) A,
                     TB_CODE_MGMT B,
                     TB_CODE_MGMT C,
                     TB_CODE_MGMT D
                WHERE A.EXPD_CO_CD = B.DL_EXPD_PRVS_CD
                AND B.DL_EXPD_G_CD = '0003'
                AND A.EXPD_PAC_SCN_CD = C.DL_EXPD_PRVS_CD
                AND C.DL_EXPD_G_CD = '0004'
                AND A.EXPD_PDI_CD = D.DL_EXPD_PRVS_CD
                AND D.DL_EXPD_G_CD = '0005'
                ORDER BY A.QLTY_VEHL_CD
    ]]>
    </select>


       <!--
        Query Name  : aes.stm.vehlMgmt.VehlMgmtDAO.getPdiCombo
        Description : PDI 콤보박스 조회
    -->
    <select id="getPdiCombo" parameterType="vehlMgmtReqDTO" resultType="vehlMgmtResDTO">
        /* ProgramID = getPdiCombo */
    <![CDATA[
                SELECT A.DL_EXPD_PDI_CD,
                       B.DL_EXPD_PRVS_NM AS DL_EXPD_PDI_NM
                FROM (SELECT B.DL_EXPD_PDI_CD
                      FROM (SELECT QLTY_VEHL_CD
                            FROM TB_AUTH_VEHL
                            WHERE USER_EENO = #{userEeno}
                            AND DL_EXPD_CO_CD = #{dlExpdCoCd}
                            GROUP BY QLTY_VEHL_CD
                           ) A,
                           TB_VEHL_MGMT B
                      WHERE A.QLTY_VEHL_CD = B.QLTY_VEHL_CD
    ]]>
                      <if test='sdate != null  and sdate !=""'>
                      AND B.MDL_MDY_CD BETWEEN DATE_FORMAT(DATE_SUB(STR_TO_DATE(REPLACE(#{sdate},'-',''), '%Y%m%d'), INTERVAL 48 MONTH), '%y') AND DATE_FORMAT(DATE_ADD(STR_TO_DATE(REPLACE(#{sdate},'-',''), '%Y%m%d'), INTERVAL 24 MONTH), '%y')
                      </if>
    <![CDATA[
                      AND B.USE_YN = 'Y'
                      GROUP BY B.DL_EXPD_PDI_CD
                     ) A,
                     TB_CODE_MGMT B
                WHERE A.DL_EXPD_PDI_CD = B.DL_EXPD_PRVS_CD
                AND B.DL_EXPD_G_CD = '0005'
                ORDER BY B.SORT_SN
    ]]>
    </select>



    <insert id="insertVehlMgmtMain" parameterType="vehlMgmtReqDTO">
                    /* ProgramID=aes.stm.vehlMgmt.VehlMgmtDAO.insertVehlMgmtMain */
        <![CDATA[
            INSERT INTO TB_VEHL_MGMT
                  (
                     QLTY_VEHL_CD
                   , MDL_MDY_CD
                   , DL_EXPD_CO_CD
                   , QLTY_VEHL_NM
                   , DL_EXPD_PAC_SCN_CD
                   , DL_EXPD_PDI_CD
                   , USE_YN
                   , PPRR_EENO
                   , FRAM_DTM
                  )
                  VALUES
                  (
                     #{qltyVehlCd}
                   , #{mdlMdyCd}
                   , #{dlExpdCoCd}
                   , #{qltyVehlNm}
                   , #{dlExpdPacScnCd}
                   , #{dlExpdPdiCd}
                   , #{useYn}
                   , #{userEeno}
                   , SYSDATE()
                  )
        ]]>
    </insert>
    <!--
        Query Name  : aes.stm.vehlMgmt.VehlMgmtDAO.insertNatlVehlMgmt
        Description : 국가별 차량 등록
    -->

      <insert id="insertNatlVehlMgmt" parameterType="vehlMgmtSaveDTO">
                    /* ProgramID=aes.stm.vehlMgmt.VehlMgmtDAO.insertNatlVehlMgmt */
        <![CDATA[
             INSERT INTO TB_NATL_VEHL_MGMT
                  (
                     DL_EXPD_CO_CD
                   , DL_EXPD_NAT_CD
                   , QLTY_VEHL_CD
                   , DL_EXPD_REGN_CD
                   , PPRR_EENO
                   , FRAM_DTM
                  )
                  VALUES
                  (
                    #{dlExpdCoCd}
                   , #{dlExpdNatCd}
                   , #{qltyVehlCd}
                   , (CASE WHEN #{dlExpdRegnCd} = NULL
                     THEN
                     (
                      SELECT DL_EXPD_REGN_CD
                        FROM TB_NATL_MGMT
                      WHERE DL_EXPD_CO_CD = #{dlExpdCoCd}
                         AND DL_EXPD_NAT_CD = #{dlExpdNatCd}
                     )
                     ELSE #{dlExpdRegnCd} END)
                   , #{pprrEeno}
                   , SYSDATE()
                  )
        ]]>
    </insert>

 <!--
        Query Name  : aes.stm.vehlMgmt.VehlMgmtDAO.insertVehlMgmtRegnRelCd
        Description : 차량별 연식관계 등록

    -->
    <insert id="insertVehlMgmtRegnRelCd" parameterType="vehlMgmtReqDTO">
                    /* ProgramID=aes.stm.vehlMgmt.VehlMgmtDAO.insertVehlMgmtRegnRelCd */
        <![CDATA[
             INSERT INTO TB_VEHL_MDY_REL_MGMT
                  (
                     QLTY_VEHL_CD
                   , MDL_MDY_CD
                   , DL_EXPD_REGN_CD
                   , JB_MDY_REL_CD
                   , PPRR_EENO
                   , FRAM_DTM
                  )
                  VALUES
                  (
                     #{qltyVehlCd}
                   , #{mdlMdyCd}
                   , #{dlExpdRegnCd}
                   , TRIM(#{jbMdyRelCd})
                   , #{userEeno}
                   , SYSDATE()
                  )
        ]]>
    </insert>
    <!--
        Query Name  : aes.stm.vehlMgmt.VehlMgmtDAO.insertVehlDlExpdMdyMgmt
        Description : 차량별 이전연식관계 등록
    -->
    <insert id="insertVehlDlExpdMdyMgmt" parameterType="vehlMgmtReqDTO">
                    /* ProgramID=aes.stm.vehlMgmt.VehlMgmtDAO.insertVehlDlExpdMdyMgmt */
        <![CDATA[
             INSERT INTO TB_DL_EXPD_MDY_MGMT
                  (
                     QLTY_VEHL_CD
                   , MDL_MDY_CD
                   , DL_EXPD_MDL_MDY_CD
                   , PPRR_EENO
                   , FRAM_DTM
                   , DL_EXPD_REGN_CD
                  )
                  VALUES
                  (
                     #{qltyVehlCd}
                   , #{mdlMdyCd}
                   , #{dlExpdMdlMdyCd}
                   , #{userEeno}
                   , SYSDATE()
                   , #{dlExpdRegnCd}
                  )
        ]]>
    </insert>
     <!--
        Query Name  : aes.stm.vehlMgmt.VehlMgmtDAO.insertVehlMgmtAltn
        Description : 차량별 공정코드 등록
    -->
    <insert id="insertVehlMgmtAltn" parameterType="vehlMgmtReqDTO">
                    /* ProgramID=aes.stm.vehlMgmt.VehlMgmtDAO.insertVehlMgmtAltn */
        <![CDATA[
             INSERT INTO TB_ALTN_VEHL_MGMT
                  (
                     QLTY_VEHL_CD
                   , PRDN_VEHL_CD
                   , PRVS_SCN_CD
                   , PPRR_EENO
                   , FRAM_DTM
                  )
                  VALUES
                  (
                     #{qltyVehlCd}
                   , TRIM(#{prdnVehlCd})
                   , #{prvsScnCd}
                   , #{userEeno}
                   , SYSDATE()
                  )
        ]]>
    </insert>
    <!--
        Query Name  : aes.stm.vehlMgmt.VehlMgmtDAO.insertNatlVehlLang
        Description : 차량의 국가별 언어 리스트 등록
    -->
    <insert id="insertNatlVehlLang" parameterType="vehlMgmtReqDTO">
             /* ProgramID=aes.stm.vehlMgmt.VehlMgmtDAO.insertNatlVehlLang */
        <![CDATA[
             INSERT INTO TB_NATL_LANG_MGMT
                  (
                     DL_EXPD_CO_CD
                   , DL_EXPD_NAT_CD
                   , QLTY_VEHL_CD
                   , MDL_MDY_CD
                   , LANG_CD
                   , USE_YN
                   , NAPC_YN
                   , PPRR_EENO
                   , FRAM_DTM
                  )
                  VALUES
                  (
                    #{dlExpdCoCd}
                   , #{dlExpdNatCd}
                   , #{qltyVehlCd}
                   , #{mdlMdyCd}
                   , #{langCd}
                   , 'Y'
                   , 'N'
                   , #{pprrEeno}
                   , SYSDATE()
                  )
        ]]>
    </insert>
    <!--
        Query Name  : aes.stm.vehlMgmt.VehlMgmtDAO.updateVehlMgmtMain
        Description : 차량 정보 수정
    -->
    <update id="updateVehlMgmtMain" parameterType="vehlMgmtReqDTO">
                   /* ProgramID=aes.stm.vehlMgmt.VehlMgmtDAO.updateVehlMgmtMain */
        <![CDATA[
            UPDATE TB_VEHL_MGMT
               SET   QLTY_VEHL_CD  = #{qltyVehlCd}
                   , MDL_MDY_CD    = #{mdlMdyCd}
                   , QLTY_VEHL_NM = #{qltyVehlNm}
                   , DL_EXPD_PAC_SCN_CD = #{dlExpdPacScnCd}
                   , DL_EXPD_PDI_CD = #{dlExpdPdiCd}
                   , USE_YN = #{useYn}
                   , UPDR_EENO     = #{updrEeno}
                   , MDFY_DTM      = SYSDATE()
             WHERE QLTY_VEHL_CD    = #{oriQltyVehlCd}
               AND MDL_MDY_CD      = #{oriMdlMdyCd}
        ]]>
    </update>
    <!--
        Query Name  : aes.stm.vehlMgmt.VehlMgmtDAO.deleteVehlMgmtCrgr
        Description : 차량별 담당자 삭제
    -->
    <delete id="deleteVehlMgmtCrgr" parameterType="vehlMgmtReqDTO">
                    /* ProgramID=aes.stm.vehlMgmt.VehlMgmtDAO.deleteVehlMgmtCrgr */
        <![CDATA[
             DELETE FROM TB_VEHL_CRGR_MGMT
              WHERE QLTY_VEHL_CD = #{qltyVehlCd}
                AND MDL_MDY_CD = #{mdlMdyCd}
        ]]>
    </delete>
    <!--
        Query Name  : aes.stm.vehlMgmt.VehlMgmtDAO.deleteVehlMgmtRegnRelCd
        Description : 차량별 연식관계 삭제
    -->
    <delete id="deleteVehlMgmtRegnRelCd" parameterType="vehlMgmtReqDTO">
                    /* ProgramID=aes.stm.vehlMgmt.VehlMgmtDAO.deleteVehlMgmtRegnRelCd */
        <![CDATA[
             DELETE FROM TB_VEHL_MDY_REL_MGMT
              WHERE QLTY_VEHL_CD = #{oriQltyVehlCd}
                AND MDL_MDY_CD = #{oriMdlMdyCd}
        ]]>
    </delete>
    <!--
        Query Name  : aes.stm.vehlMgmt.VehlMgmtDAO.deleteVehlDlExpdMdyMgmt
        Description : 차량별 이전연식관계 삭제
    -->
    <delete id="deleteVehlDlExpdMdyMgmt" parameterType="vehlMgmtReqDTO">
                    /* ProgramID=aes.stm.vehlMgmt.VehlMgmtDAO.deleteVehlDlExpdMdyMgmt */
        <![CDATA[
             DELETE FROM TB_DL_EXPD_MDY_MGMT
              WHERE QLTY_VEHL_CD = #{qltyVehlCd}
                AND MDL_MDY_CD = #{mdlMdyCd}
        ]]>
    </delete>
     <!--
        Query Name  : aes.stm.vehlMgmt.VehlMgmtDAO.deleteVehlMgmtAltn
        Description : 차량별 공정코드 삭제
    -->
    <delete id="deleteVehlMgmtAltn" parameterType="vehlMgmtReqDTO">
                    /* ProgramID=aes.stm.vehlMgmt.VehlMgmtDAO.deleteVehlMgmtAltn */
        <![CDATA[
             DELETE FROM TB_ALTN_VEHL_MGMT
              WHERE QLTY_VEHL_CD = #{oriQltyVehlCd}
        ]]>
    </delete>
     <!--
        Query Name  : aes.stm.vehlMgmt.VehlMgmtDAO.deleteNatlVehlLang
        Description : 차량의 국가별 언어 리스트 전체 삭제
    -->
    <delete id="deleteNatlVehlLang" parameterType="vehlMgmtReqDTO">
                    /* ProgramID=aes.stm.vehlMgmt.VehlMgmtDAO.deleteNatlVehlLang */
        <![CDATA[
             DELETE FROM TB_NATL_LANG_MGMT
              WHERE QLTY_VEHL_CD = #{qltyVehlCd}
                AND MDL_MDY_CD = #{mdlMdyCd}
        ]]>
    </delete>
















    <!--================================== 연식관리================================================ -->

        <!--
        Query Name  : aes.stm.vehlMgmt.VehlMgmtDAO.selectMdyChk1
        Description : 연식등록전 chk1

    -->
    <select id="selectMdyChk1" parameterType="vehlMdyMgmtReqDTO" resultType="vehlMdyMgmtResDTO">
                   /* aes.stm.vehlMgmt.VehlMgmtDAO.selectMdyChk1 */
        <![CDATA[
            SELECT   IFNULL(MAX(DESMP1_CD),'N')  AS PREV_STRT_PACK
                   , IFNULL(MAX(DEFMP1_CD),'N')  AS PREV_END_PACK
                   , IFNULL(MAX(MDL_MDY_CD),'N') AS PREV_MDL_MDY_CD
                   , (CASE WHEN COUNT(DESMP1_CD)=0 THEN 'N' ELSE 'Y' END) CHK
              FROM TB_VEHL_MDY_MGMT
             WHERE QLTY_VEHL_CD = #{qltyVehlCd}
               AND DL_EXPD_REGN_CD = #{dlExpdRegnCd}

        ]]>
    </select>
        <!--
        Query Name  : aes.stm.vehlMgmt.VehlMgmtDAO.selectMdyChk2
        Description : 연식등록전 chk2
            since          author              description
        ===========    =============    ===========================
        2016. 5. 12.      JH KIM                최초 생성
    -->
    <select id="selectMdyChk2" parameterType="vehlMdyMgmtReqDTO" resultType="vehlMdyMgmtResDTO">
                   /* aes.stm.vehlMgmt.VehlMgmtDAO.selectMdyChk2 */
        <![CDATA[
            SELECT   IFNULL(MAX(DEFMP1_CD),'N')  AS PPREV_END_PACK
                   , IFNULL(MAX(MDL_MDY_CD),'N') AS PPREV_MDL_MDY_CD
                   , (CASE WHEN COUNT(DEFMP1_CD)=0 THEN 'N' ELSE 'Y' END) AS CHK
              FROM TB_VEHL_MDY_MGMT
             WHERE QLTY_VEHL_CD = #{qltyVehlCd}
               AND DL_EXPD_REGN_CD = #{dlExpdRegnCd}
               AND MDL_MDY_CD =#{mdlMdyCd}
        ]]>
    </select>
       <!--
        Query Name  : aes.stm.vehlMgmt.VehlMgmtDAO.selectMdyChk3
        Description : 연식등록전 chk3 (마감된 연식 수정, 등록 방지)
            since          author              description
        ===========    =============    ===========================
        2016. 5. 13.      JH KIM                최초 생성
    -->
    <select id="selectMdyChk3" parameterType="vehlMdyMgmtReqDTO" resultType="String">
                   /* aes.stm.vehlMgmt.VehlMgmtDAO.selectMdyChk3 */
        <![CDATA[
            SELECT (CASE WHEN COUNT(DEFMP1_CD)=0 THEN 'Y' ELSE 'N' END) EDIT_CHK
              FROM TB_VEHL_MDY_MGMT
             WHERE QLTY_VEHL_CD = #{qltyVehlCd}
               AND MDL_MDY_CD = #{mdlMdyCd}
               AND DL_EXPD_REGN_CD = #{dlExpdRegnCd}
               AND DEFMP1_CD <> '9999'

        ]]>
    </select>


  <!--
        Query Name  : aes.stm.vehlMgmt.VehlMgmtDAO.insertVehlMdyInfo
        Description : 신규 연식등록
            since          author              description
        ===========    =============    ===========================
        2016.5.12      JH KIM                최초 생성
    -->
    <insert id="insertVehlMdyInfo" parameterType="vehlMdyMgmtReqDTO" >
                    /* ProgramID=aes.stm.vehlMgmt.VehlMgmtDAO.insertVehlMdyInfo */
        <![CDATA[
             INSERT INTO TB_VEHL_MDY_MGMT
                  (
                     QLTY_VEHL_CD
                   , DL_EXPD_REGN_CD
                   , DESMP1_CD
                   , DEFMP1_CD
                   , MDL_MDY_CD
                   , PPRR_EENO
                   , FRAM_DTM
                  )
                  VALUES
                  (
                     #{qltyVehlCd}
                   , #{dlExpdRegnCd}
                   , #{desmp1Cd}
                   , #{defmp1Cd}
                   , #{mdlMdyCd}
                   , #{userEeno}
                   , SYSDATE()
                  )
        ]]>
    </insert>

   <!--
        Query Name  : aes.stm.vehlMgmt.VehlMgmtDAO.updateVehlMdyInfo
        Description : 현재 연식 정보 수정

    -->
    <update id="updateVehlMdyInfo" parameterType="vehlMdyMgmtReqDTO">
                  /* ProgramID=aes.stm.vehlMgmt.VehlMgmtDAO.updateVehlMdyInfo */
        <![CDATA[
           UPDATE TB_VEHL_MDY_MGMT
              SET DESMP1_CD = #{month},
                  UPDR_EENO = #{userEeno},
                  MDFY_DTM = SYSDATE()
            WHERE QLTY_VEHL_CD = #{qltyVehlCd}
              AND DL_EXPD_REGN_CD = #{dlExpdRegnCd}
              AND MDL_MDY_CD = #{mdlMdyCd}
        ]]>
    </update>


   <!--
        Query Name  : aes.stm.vehlMgmt.VehlMgmtDAO.updateVehlMdyEndInfo
        Description : 신규 연식등록 시 이전 연식 정보 마감
            since          author              description
        ===========    =============    ===========================
        2016.5.10      JH KIM                최초 생성
    -->
    <update id="updateVehlMdyEndInfo" parameterType="vehlMdyMgmtReqDTO">
                  /* ProgramID=aes.stm.vehlMgmt.VehlMgmtDAO.updateVehlMdyEndInfo */
        <![CDATA[
           UPDATE TB_VEHL_MDY_MGMT
              SET DEFMP1_CD = DATE_FORMAT(DATE_sub(str_to_date(concat(#{desmp1Cd},'01'),'%y%m%d'), INTERVAL 1 MONTH), '%y%m'),
                  UPDR_EENO = #{userEeno},
                  MDFY_DTM = SYSDATE()
            WHERE QLTY_VEHL_CD = #{qltyVehlCd}
              AND DL_EXPD_REGN_CD = #{dlExpdRegnCd}
              AND DESMP1_CD = #{prevStrtPack}
              AND MDL_MDY_CD = #{prevMdlMdyCd}



        ]]>
    </update>


    <!--
        Query Name  : aes.stm.vehlMgmt.VehlMgmtDAO.updateVehlPreMdyInfo
        Description : 현재 연식 정보 수정에 따른 이전 역시 마감월팩 수정
            since          author              description
        ===========    =============    ===========================
        2016.5.10      JH KIM                최초 생성
    -->
    <update id="updateVehlPreMdyInfo" parameterType="vehlMdyMgmtReqDTO">
                  /* ProgramID=aes.stm.vehlMgmt.VehlMgmtDAO.updateVehlPreMdyInfo */
        <![CDATA[
           UPDATE TB_VEHL_MDY_MGMT
              SET DEFMP1_CD = DATE_FORMAT(DATE_sub(str_to_date(concat(#{desmp1Cd},'01'),'%y%m%d'), INTERVAL 1 MONTH), '%y%m'),
                  UPDR_EENO = #{userEeno},
                  MDFY_DTM = SYSDATE()
            WHERE QLTY_VEHL_CD    = #{qltyVehlCd}
              AND DL_EXPD_REGN_CD = #{dlExpdRegnCd}
              AND DEFMP1_CD  = #{pprevEndPack}
              AND MDL_MDY_CD = #{pprevMdlMdyCd}
        ]]>
    </update>



</mapper>

