<?xml version="1.0" encoding="UTF-8"?>
<!DOCTYPE mapper PUBLIC "-//mybatis.org//DTD Mapper 3.0//EN" "http://mybatis.org/dtd/mybatis-3-mapper.dtd">



<mapper namespace="com.oms.mri.dao.ClcmDAO">

    <select id="selectClcmInfoList" parameterType="clcmInfosReqDTO" resultType="clcmInfosResDTO">
    /* selectClcmInfoList */
        <![CDATA[
        WITH T AS (
            SELECT
                A.QLTY_VEHL_CD,
                MAX(B.QLTY_VEHL_NM) AS QLTY_VEHL_NM
            FROM (
                SELECT QLTY_VEHL_CD
                FROM TB_AUTH_VEHL
                WHERE 1=1
                AND USER_EENO = #{userEeno}
                /* 로그인한 사용자의 회사코드에 따른 차종 제한 */
                AND DL_EXPD_CO_CD = #{dlExpdCoCd}
                AND QLTY_VEHL_CD = (CASE WHEN #{qltyVehlCd} = 'ALL' THEN QLTY_VEHL_CD WHEN #{qltyVehlCd} IS NULL THEN QLTY_VEHL_CD ELSE #{qltyVehlCd} END)
                GROUP BY QLTY_VEHL_CD
            ) A, TB_VEHL_MGMT B
            WHERE 1=1
                AND A.QLTY_VEHL_CD = B.QLTY_VEHL_CD
                AND B.DL_EXPD_PAC_SCN_CD = (CASE WHEN IFNULL(#{dlExpdPacScnCd},'ALL')='ALL' THEN B.DL_EXPD_PAC_SCN_CD ELSE #{dlExpdPacScnCd} END)
                AND B.USE_YN = 'Y'
            GROUP BY A.QLTY_VEHL_CD
        ),
        U AS (
            SELECT
                P.DL_EXPD_ALTR_NO,
                P.QLTY_VEHL_CD,
                P.QLTY_VEHL_NM,
                P.IDX
            FROM (
                SELECT
                    K.DL_EXPD_ALTR_NO,
                    K.QLTY_VEHL_CD,
                    K.QLTY_VEHL_NM,
                    K.IDX
                FROM (
                    SELECT
                        A.DL_EXPD_ALTR_NO,
                        B.QLTY_VEHL_CD,
                        B.QLTY_VEHL_NM,
                        CASE
                            WHEN A.RCPM_SHAP_CD = '05' THEN 2
                            WHEN A.RCPM_SHAP_CD = '06' THEN 0
                            WHEN A.RCPM_SHAP_CD = '07' THEN 1
                            ELSE 3
                        END AS IDX
                    FROM TB_CHKLIST_INFO A
                    ,(
                        SELECT
                            A.DL_EXPD_ALTR_NO,
                            A.QLTY_VEHL_CD,
                            MAX(B.QLTY_VEHL_NM) AS QLTY_VEHL_NM
                        FROM TB_CHKLIST_DTL_INFO A, T B
                        WHERE 1=1
                            AND A.QLTY_VEHL_CD = B.QLTY_VEHL_CD
                        GROUP BY A.DL_EXPD_ALTR_NO, A.QLTY_VEHL_CD
                    ) B
                    WHERE 1=1
                        AND A.DL_EXPD_ALTR_NO = B.DL_EXPD_ALTR_NO
                        AND A.ALTR_YMD BETWEEN REPLACE(#{sDate}, '-', '') AND REPLACE(#{eDate}, '-', '')
                        AND A.CHGR_EENO = (CASE WHEN IFNULL(#{crgrEeno},'ALL')='ALL' THEN A.CHGR_EENO ELSE #{crgrEeno} END)
                        AND A.DEL_YN = 'N'
        ]]>
        <if test="altrTitl != null and altrTitl != '' and altrTitl != 'ALL'" >
                        AND ( (UPPER(A.ALTR_TITL) LIKE CONCAT('%',UPPER(#{altrTitl}),'%')) OR (A.ALTR_TITL IS NULL AND #{altrTitl} IS NULL) )
        </if>
        <if test="dlExpdAltrNo != null and dlExpdAltrNo != '' and dlExpdAltrNo != 'ALL'" >
                        AND A.DL_EXPD_ALTR_NO LIKE (CASE WHEN #{dlExpdAltrNo}='ALL' THEN A.DL_EXPD_ALTR_NO ELSE CONCAT('%',#{dlExpdAltrNo},'%') END)
        </if>
        <![CDATA[
                    ORDER BY IDX, A.DL_EXPD_ALTR_NO DESC, B.QLTY_VEHL_CD
                ) K
            ) P
        )
        SELECT
            A.DL_EXPD_ALTR_NO,
            B.QLTY_VEHL_CD,
            B.QLTY_VEHL_NM,
            FU_GET_LANG_LIST_BY_VEHL(A.DL_EXPD_ALTR_NO, B.QLTY_VEHL_CD) AS LANG_CD,
            FU_GET_PBCN_LIST_BY_VEHL(A.DL_EXPD_ALTR_NO, B.QLTY_VEHL_CD) AS NEW_PRNT_PBCN_NO,
            DATE_FORMAT(STR_TO_DATE(ALTR_YMD, '%Y%m%d'),'%Y-%m-%d') AS ALTR_YMD,
            RCPM_SHAP_CD,
            D.DL_EXPD_PRVS_NM AS RCPM_SHAP_NM,
            DSPP_NM,
            CHGR_EENO,
            IFNULL(C.USER_NM,'oldNm') AS CHGR_NM,
            CRGR_NM,
            N1AFP2_ADR,
            N1AFP2_ADR1,
            IFNULL(ALTR_TITL, ALTR_SBC) AS ALTR_TITL,
            ALTR_SBC AS ALTR_SBC,
            ALTR_SBC AS ALTR_SBC1,
            ATTC_YN
        FROM TB_CHKLIST_INFO A
        LEFT OUTER JOIN TB_USR_MGMT C ON A.CHGR_EENO = C.USER_EENO
        LEFT JOIN TB_CODE_MGMT D ON D.DL_EXPD_G_CD = '0010' AND A.RCPM_SHAP_CD = D.DL_EXPD_PRVS_CD
        , U B
        WHERE A.DL_EXPD_ALTR_NO = B.DL_EXPD_ALTR_NO
        ORDER BY ALTR_YMD DESC, B.IDX, A.DL_EXPD_ALTR_NO DESC, B.QLTY_VEHL_CD
        ]]>
    </select>

    <select id="getDlExpdAltrNo" parameterType="clcmInfoPopReqDTO" resultType="String">
    /* getDlExpdAltrNo */
        <![CDATA[
            SELECT
                CONCAT(
                    (CASE
                        WHEN #{rcpmShapCd} = '06' then 'R'
                        WHEN #{rcpmShapCd} = '05' then 'V'
                        WHEN #{rcpmShapCd} = '07' then 'V'
                        ELSE 'C'
                    END)
                    , DATE_FORMAT(SYSDATE(), '%y')
                    , '-'
                    , IFNULL(LPAD(CAST(SUBSTR(MAX(DL_EXPD_ALTR_NO), 5, 4) AS INTEGER)+1,4,'0'), '0001')
                ) AS DL_EXPD_ALTR_NO
            FROM TB_CHKLIST_INFO
            WHERE 1=1
                AND SUBSTRING(ALTR_YMD,3,2) = DATE_FORMAT(SYSDATE(), '%y')
        ]]>
        <choose>
            <when test =' "06".equals(rcpmShapCd) '>
                AND RCPM_SHAP_CD = '06'
            </when>
            <when test =' "05".equals(rcpmShapCd) or "07".equals(rcpmShapCd) '>
                AND RCPM_SHAP_CD IN ('05', '07')
            </when>
            <otherwise>
                AND RCPM_SHAP_CD NOT IN ('05', '06', '07')
            </otherwise>
        </choose>
    </select>

    <insert id="insertClcmInfo" parameterType="clcmInfoPopReqDTO">
    /* insertClcmInfo */
        <![CDATA[
        INSERT INTO TB_CHKLIST_INFO (
            DL_EXPD_ALTR_NO,
            ALTR_YMD,
            RCPM_SHAP_CD,
            DSPP_NM,
            CHGR_EENO,
            CRGR_NM,
            ALTR_TITL,
            ALTR_SBC,
            PPRR_EENO,
            FRAM_DTM,
            UPDR_EENO,
            MDFY_DTM,
            DEL_YN,
            N1AFP2_ADR,
            N1AFP2_ADR1,
            ET_YN,
            ATTC_YN
        ) VALUES (
            #{dlExpdAltrNo},
            DATE_FORMAT(SYSDATE(), '%Y%m%d'),
            #{rcpmShapCd},
            #{dsppNm},
            #{userEeno},
            #{crgrNm},
            #{altrTitl},
            #{altrSbc},
            #{userEeno},
            SYSDATE(),
            #{userEeno},
            SYSDATE(),
            'N',
            #{n1afp2Adr},
            #{n1afp2Adr1},
            #{etYn}, /*메일 전송여부*/
            #{attcYn} /*첨부파일 여부*/
        )
        ]]>
    </insert>

    <insert id="insertClcmInfoDtl" parameterType="clcmInfoPopReqDTO">
        <![CDATA[
        INSERT INTO TB_CHKLIST_DTL_INFO (
            DL_EXPD_ALTR_NO,
            QLTY_VEHL_CD,
            LANG_CD,
            N_PRNT_PBCN_NO,
            PPRR_EENO,
            FRAM_DTM,
            UPDR_EENO,
            MDFY_DTM,
            ET_YN
        ) VALUES (
            #{dlExpdAltrNo},
            #{qltyVehlCd},
            #{langCd},
            #{newPrntPbcnNo},
            #{userEeno},
            SYSDATE(),
            #{userEeno},
            SYSDATE(),
            #{etYn}
        )
        ]]>
    </insert>

    <update id="updateClcmInfo" parameterType="clcmInfoPopReqDTO">
    /* updateClcmInfo */
        <![CDATA[
         UPDATE TB_CHKLIST_INFO SET
            ALTR_YMD = DATE_FORMAT(SYSDATE(), '%Y%m%d'),
            CHGR_EENO = #{userEeno},
            UPDR_EENO = #{userEeno},
            MDFY_DTM = SYSDATE()
         WHERE 1=1
            AND DL_EXPD_ALTR_NO = #{dlExpdAltrNo}
        ]]>
    </update>

    <select id="selectClcmInfoDtlCount" parameterType="String" resultType="Integer">
        <![CDATA[
            SELECT COUNT(*) AS CNT FROM TB_CHKLIST_DTL_INFO
            WHERE DL_EXPD_ALTR_NO = #{dlExpdAltrNo}
        ]]>
    </select>
    <delete id="deleteClcmInfo" parameterType="String">
    /* deleteClcmInfo */
        <![CDATA[
         UPDATE TB_CHKLIST_INFO SET DEL_YN = 'Y'
         WHERE DL_EXPD_ALTR_NO = #{dlExpdAltrNo}
        ]]>
    </delete>
    <delete id="deleteClcmInfoDtl" parameterType="clcmInfoPopReqDTO">
    /* deleteClcmInfoDtl */
        <![CDATA[
         DELETE FROM TB_CHKLIST_DTL_INFO
         WHERE 1=1
            AND DL_EXPD_ALTR_NO = #{dlExpdAltrNo}
            AND QLTY_VEHL_CD = #{qltyVehlCd}
        ]]>
    </delete>

    <select id="selectClcmInfo" parameterType="clcmInfosReqDTO" resultType="clcmInfoResDTO">
        <![CDATA[
        SELECT
            A.DL_EXPD_ALTR_NO ,
            A.ALTR_YMD ,
            A.RCPM_SHAP_CD ,
            A.DSPP_NM ,
            A.CHGR_EENO ,
            A.CRGR_NM ,
            A.ALTR_SBC,
            A.DEL_YN ,
            A.N1AFP2_ADR ,
            A.N1AFP2_ADR1 ,
            A.ET_YN ,
            A.ATTC_YN ,
            A.PPRR_EENO ,
            A.FRAM_DTM ,
            A.UPDR_EENO ,
            A.MDFY_DTM ,
            A.ALTR_TITL,
            U.USER_NM AS PPRR_EENO_NM ,
            C.DL_EXPD_PRVS_NM AS RCPM_SHAP_NM
        FROM TB_CHKLIST_INFO A
        LEFT JOIN TB_USR_MGMT U ON U.USER_EENO = A.PPRR_EENO
        LEFT JOIN TB_CODE_MGMT C ON C.DL_EXPD_G_CD = '0010' AND C.DL_EXPD_PRVS_CD = A.RCPM_SHAP_CD
        WHERE A.DL_EXPD_ALTR_NO = #{dlExpdAltrNo}
        ]]>
    </select>

    <select id="selectClcmInfoDtl" parameterType="clcmInfosReqDTO" resultType="java.util.HashMap">
        <![CDATA[
        WITH LANG AS (
            SELECT LANG_CD, LANG_CD_NM
            FROM TB_LANG_MAST
            GROUP BY LANG_CD, LANG_CD_NM
        ),
        VEHL AS (
            SELECT QLTY_VEHL_CD, QLTY_VEHL_NM
            FROM TB_VEHL_MGMT
            GROUP BY QLTY_VEHL_CD, QLTY_VEHL_NM
        )
        select
            A.QLTY_VEHL_CD AS qltyVehlCd
            , IFNULL(CONCAT(A.QLTY_VEHL_CD, '(', C.QLTY_VEHL_NM, ')'),A.QLTY_VEHL_CD) AS qltyVehlNm
            , A.LANG_CD AS langCd
            , IFNULL(CONCAT(A.LANG_CD, '(', B.LANG_CD_NM, ')'),A.LANG_CD) AS langCdNm
            , IFNULL(A.N_PRNT_PBCN_NO, '미적용') AS newPrntPbcnNo
        FROM TB_CHKLIST_DTL_INFO A
        LEFT JOIN LANG B ON A.LANG_CD = B.LANG_CD
        LEFT JOIN VEHL C ON A.QLTY_VEHL_CD = C.QLTY_VEHL_CD
        WHERE 1=1
            AND A.DL_EXPD_ALTR_NO = #{dlExpdAltrNo}
            /*AND A.QLTY_VEHL_CD = qltyVehlCd*/
        ]]>
    </select>

    <select id="selectClcmLangCdList" parameterType="String" resultType="java.util.HashMap">
        <![CDATA[
            SELECT
                LANG_CD AS langCd
                , MAX(LANG_CD_NM) AS langCdNm
            FROM TB_LANG_MGMT
            WHERE QLTY_VEHL_CD = #{qltyVehlCd}
            GROUP BY LANG_CD
            ORDER BY LANG_CD
        ]]>
    </select>

</mapper>

