<?xml version="1.0" encoding="UTF-8"?>
<!DOCTYPE mapper PUBLIC "-//mybatis.org//DTD Mapper 3.0//EN" "http://mybatis.org/dtd/mybatis-3-mapper.dtd">
<mapper namespace="com.oms.stm.dao.BoardDAO">
<!--
    SQL File Name  : BoardDAO.xml
    Description    : 설명을 기술합니다.
    author         : 김경훈
    since          : 2023.1.19
-->


      <select id="selectBoardList" parameterType="boardReqDTO" resultType="boardResDTO">

          SELECT   A.BLC_SN
                   , A.AFFR_SCN_CD
                   , CASE WHEN A.AFFR_SCN_CD = '01' THEN '재고관리'
                   WHEN A.AFFR_SCN_CD = '02' THEN '제작준비'
                   WHEN A.AFFR_SCN_CD = '03' THEN '발간현황'
                   END AS AFFR_SCN_NM
                   , A.RGN_EENO
                   , A.BLC_RGST_YMD
                   , A.BLC_TITL_NM
                   , A.BLC_SBC
                   , A.N1AFP2_ADR
                   , A.PPRR_EENO
                   , B.USER_NM  AS RGN_NM
                   , DATE_FORMAT(CAST(A.FRAM_DTM AS DATETIME),'%Y-%m-%d') AS FRAM_DTM
                   , A.UPDR_EENO
                   , A.MDFY_DTM
                   , DATE_FORMAT(CAST(A.BUL_STRT_YMD AS DATETIME),'%Y-%m-%d') || ' ~ '|| DATE_FORMAT(CAST(A.BUL_FNH_YMD AS DATETIME),'%Y-%m-%d') as bulDtm
                   , DATE_FORMAT(CAST(A.BUL_STRT_YMD AS DATETIME),'%Y-%m-%d') AS bulStrtYmd
                   , DATE_FORMAT(CAST(A.BUL_FNH_YMD AS DATETIME),'%Y-%m-%d') AS bulFnhYmd
                   , A.BUL_YN
                   , (
                      SELECT CASE COUNT(*) WHEN 0 THEN 'N' ELSE 'Y' END
                        FROM TB_ATTC_MGMT
                       WHERE ATTC_GBN = 'B'
                         AND GBN_SN = A.BLC_SN
                      ) AS ATTC_YN
              FROM   TB_BOARD_MGMT A
                   , TB_USR_MGMT B
             WHERE A.PPRR_EENO = B.USER_EENO

                <if test='affrScnCd != null  and affrScnCd !=""'>
                            and A.AFFR_SCN_CD = #{affrScnCd}
                </if>
                <if test='blcTitlNm != null  and blcTitlNm !=""'>
                            and A.BLC_TITL_NM LIKE CONCAT('%', #{blcTitlNm}, '%')
                </if>
                <if test='sDate != null  and sDate !=""'>
                             and A.BLC_RGST_YMD<![CDATA[>=]]>REPLACE(#{sDate}, '-', '')
                </if>
                 <if test='eDate != null  and eDate !=""'>
                            and A.BLC_RGST_YMD<![CDATA[<=]]>REPLACE(#{eDate}, '-', '')
                </if>

             ORDER BY A.BLC_SN DESC

    </select>
  <select id="selectBoardOne" parameterType="boardReqDTO" resultType="boardResDTO">

          SELECT   A.BLC_SN
                   , A.AFFR_SCN_CD
                   , CASE WHEN A.AFFR_SCN_CD = '01' THEN '재고관리'
                   WHEN A.AFFR_SCN_CD = '02' THEN '제작준비'
                   WHEN A.AFFR_SCN_CD = '03' THEN '발간현황'
                   END AS AFFR_SCN_NM
                   , A.RGN_EENO
                   , A.BLC_RGST_YMD
                   , A.BLC_TITL_NM
                   , A.BLC_SBC
                   , A.N1AFP2_ADR
                   , A.PPRR_EENO
                   , B.USER_NM  AS RGN_NM
                   , DATE_FORMAT(CAST(A.FRAM_DTM AS DATETIME),'%Y-%m-%d') AS FRAM_DTM
                   , A.UPDR_EENO
                   , A.MDFY_DTM
                   , DATE_FORMAT(CAST(A.BUL_STRT_YMD AS DATETIME),'%Y-%m-%d') || ' ~ '|| DATE_FORMAT(CAST(A.BUL_FNH_YMD AS DATETIME),'%Y-%m-%d') as bulDtm
                   , DATE_FORMAT(CAST(A.BUL_STRT_YMD AS DATETIME),'%Y-%m-%d') AS bulStrtYmd
                   , DATE_FORMAT(CAST(A.BUL_FNH_YMD AS DATETIME),'%Y-%m-%d') AS bulFnhYmd
                   , A.BUL_YN
                   , (
                      SELECT CASE COUNT(*) WHEN 0 THEN 'N' ELSE 'Y' END
                        FROM TB_ATTC_MGMT
                       WHERE ATTC_GBN = 'B'
                         AND GBN_SN = A.BLC_SN
                      ) AS ATTC_YN
              FROM   TB_BOARD_MGMT A
                   , TB_USR_MGMT B
             WHERE A.PPRR_EENO = B.USER_EENO

             AND A. BLC_SN = #{blcSn}



    </select>
 <select id="selectRcvrList" parameterType="boardReqDTO" resultType="usrMgmtResDto">

            select

    RCVR_EENO as userEeno,
    B.USER_NM,

    C.DL_EXPD_PRVS_NM AS CO_NM,
    D.DL_EXPD_PRVS_NM  as DEPT_NM


    from tb_rcvr_mgmt a
      , TB_USR_MGMT B
               , TB_CODE_MGMT C
               , TB_CODE_MGMT D
           where A.RCVR_EENO  = B.USER_EENO
           and B.BLNS_CO_CD = C.DL_EXPD_PRVS_CD
            and B.USER_DCD = D.DL_EXPD_PRVS_CD
           AND C.DL_EXPD_G_CD = '0001'
            and D.DL_EXPD_G_CD = '0011'
           AND B.USE_YN = 'Y'
           AND B.USE_GBN = 'U'


    AND gbn_sn = #{blcSn}
    and RCVR_GBN = '01'


    order by A.SORT_SN



    </select>


 <select id="selectRcvrChkList" parameterType="boardReqDTO" resultType="rcvrResDTO">

    select
A.USER_EENO
,A.USER_NM
,A.CO_NM
,A.DEPT_NM
,case when XB.RCVR_EENO is null then 'N' else 'Y'end as chkYn


from (


select

    A.USER_EENO ,
    A.USER_NM,
    B.DL_EXPD_PRVS_NM AS CO_NM,
    C.DL_EXPD_PRVS_NM  as DEPT_NM



    FROM TB_USR_MGMT A
         , TB_CODE_MGMT B
        , TB_CODE_MGMT C


   where A.BLNS_CO_CD = B.DL_EXPD_PRVS_CD
    AND A.USER_DCD = C.DL_EXPD_PRVS_CD

   AND B.DL_EXPD_G_CD = '0001'
and C.DL_EXPD_G_CD = '0011'
   AND A.USE_YN = 'Y'
   AND A.USE_GBN = 'U'


          ORDER BY A.USER_NM


          ) as A
          left join
          (
              select

             XA.RCVR_EENO

            FROM   tb_rcvr_mgmt xa
              where  RCVR_GBN = '01'
              and GBN_SN = #{blcSn}

          ) XB on A.USER_EENO = XB.RCVR_EENO



    </select>

     <select id="selectBoardGrpList" parameterType="boardReqDTO" resultType="boardResDTO">

            SELECT   USER_EENO as userEeno
                   , USER_NM as modalUserNm
                   , GRP_CD as grpCd
              FROM TB_USR_MGMT
             WHERE USE_GBN = 'G'
             ORDER BY GRP_CD


    </select>


     <select id="selectBoardNo" parameterType="boardReqDTO" resultType="boardResDTO">
    /* aes.stm.board.BoardDAO.selectBoardNo
    시퀀스 체크*/
        <![CDATA[
            SELECT NEXTVAL(TB_BOARD_MGMT_SQ)
              FROM DUAL
        ]]>

    </select>
<insert id="insertBoard" parameterType="boardReqDTO">
    <selectKey resultType="string" keyProperty="gbnSn" order="AFTER">
        SELECT max(BLC_SN) as gbnSn FROM TB_BOARD_MGMT
    </selectKey>

        INSERT INTO TB_BOARD_MGMT
               (

                    AFFR_SCN_CD,
                    RGN_EENO,
                    BLC_RGST_YMD,
                    BLC_TITL_NM,
                    BLC_SBC,
                    ATTC_YN,
                    N1AFP2_ADR,
                    BUL_STRT_YMD,
                    BUL_FNH_YMD,
                    BUL_YN,
                    PPRR_EENO,
                    FRAM_DTM

               )
       VALUES
               (

                    #{affrScnCd},
                    #{userEeno},
                    DATE_FORMAT(SYSDATE(),'%Y%m%d'),
                    #{blcTitlNm},
                    #{blcSbc},
                    IFNULL(#{attcYn},'N'),
                    #{n1afp2Adr},
                   REPLACE(#{bulStrtYmd},'-',''),
                    REPLACE(#{bulFnhYmd},'-',''),
                    #{bulYn},
                     #{userEeno},
                    NOW()
                )

    </insert>
        <insert id="insertRcvrMgmt" parameterType="boardReqDTO">
           /* ProgramID=aes.stm.board.BoardDAO.insertRcvrMgmt */
        <![CDATA[       ]]>
            INSERT INTO TB_RCVR_MGMT
                   (
                       RCVR_GBN,
                        GBN_SN,
                        RCVR_EENO,
                        SORT_SN,
                        PPRR_EENO,
                        FRAM_DTM
                    )
                   VALUES
                <foreach item="item" collection="usrList" separator=",">
                    (
                        '01',
                        #{item.gbnSn},
                        #{item.rcvrEeno},
                        #{item.sortSn},
                        #{item.userEeno},
                        SYSDATE()

                     )
                 </foreach>

    </insert>
    <update id="updateBoard" parameterType="boardReqDTO">
           /* ProgramID=aes.stm.board.BoardDAO.updateBoard */
        <![CDATA[
            UPDATE TB_BOARD_MGMT
               SET AFFR_SCN_CD = #{affrScnCd},
                   RGN_EENO = #{userEeno},
                   BLC_TITL_NM = #{blcTitlNm},
                   BLC_SBC = #{blcSbc},
                   ATTC_YN = #{attcYn},
                   N1AFP2_ADR = #{n1afp2Adr},
                   UPDR_EENO = #{userEeno},
                   MDFY_DTM = SYSDATE(),
                   BUL_STRT_YMD = REPLACE(#{bulStrtYmd},'-',''),
                   BUL_FNH_YMD = REPLACE(#{bulFnhYmd},'-',''),
                   BUL_YN = #{bulYn}
             WHERE BLC_SN = #{blcSn}
        ]]>
    </update>
    <delete id="deleteBoard" parameterType="boardReqDTO">
           /* ProgramID=aes.stm.board.BoardDAO.deleteBoard */
        <![CDATA[
            DELETE FROM TB_BOARD_MGMT
             WHERE BLC_SN = #{blcSn}
        ]]>
    </delete>

 <delete id="deleteBoardRecvr" parameterType="boardReqDTO">
           /* ProgramID=aes.stm.board.BoardDAO.deleteBoard */
        <![CDATA[
            DELETE FROM tb_rcvr_mgmt
             WHERE gbn_sn = #{blcSn}
             and rcvr_gbn = '01'
        ]]>
    </delete>


 <delete id="deleteBoardMulti" parameterType="boardReqDTO">
           /* ProgramID=aes.stm.board.BoardDAO.deleteBoard */

            DELETE FROM TB_BOARD_MGMT
             WHERE BLC_SN in
             <foreach item="item" collection="deleteList" separator="," open="(" close=")" >
              #{item.blcSn}
             </foreach>

    </delete>

 <delete id="deleteBoardRecvrMulti" parameterType="boardReqDTO">
           /* ProgramID=aes.stm.board.BoardDAO.deleteBoard */

            DELETE FROM tb_rcvr_mgmt
            WHERE gbn_sn in
            <foreach item="item" collection="deleteList" separator="," open="(" close=")" >
              #{item.blcSn}
             </foreach>
             and rcvr_gbn = '01'

    </delete>



</mapper>

