<?xml version="1.0" encoding="UTF-8"?>
<!DOCTYPE mapper PUBLIC "-//mybatis.org//DTD Mapper 3.0//EN" "http://mybatis.org/dtd/mybatis-3-mapper.dtd">

<mapper namespace="com.oms.print.dao.MonthPutDAO">

    <select id = "selectMonthPutList" parameterType="monthPutReqDTO" resultType="monthPutInfosResDTO">
        /* selectPrintStateList */
        <![CDATA[
        SELECT A.QLTY_VEHL_CD , MAX(B.QLTY_VEHL_NM) AS QLTY_VEHL_NM
        ]]>
        <if test = "langCd != null and langCd != '' and langCd != 'ALL'" >
            , A.LANG_CD
            , MAX(C.LANG_CD_NM) AS LANG_CD_NM
        </if>

        <if test = "col0 != null and col0 != ''" >
            , SUM(A.col0) AS col0
            , SUM(A.pcol0) AS pcol0
            , SUM(A.qcol0) AS qcol0
        </if>
        <if test = "col1 != null and col1 != ''" >
            , SUM(A.col1) AS col1
            , SUM(A.pcol1) AS pcol1
            , SUM(A.qcol1) AS qcol1
        </if>
        <if test = "col2 != null and col2 != ''" >
            , SUM(A.col2) AS col2
            , SUM(A.pcol2) AS pcol2
            , SUM(A.qcol2) AS qcol2
        </if>
        <if test = "col3 != null and col3 != ''" >
            , SUM(A.col3) AS col3
            , SUM(A.pcol3) AS pcol3
            , SUM(A.qcol3) AS qcol3
        </if>
        <if test = "col4 != null and col4 != ''" >
            , SUM(A.col4) AS col4
            , SUM(A.pcol4) AS pcol4
            , SUM(A.qcol4) AS qcol4
        </if>
        <if test = "col5 != null and col5 != ''" >
            , SUM(A.col5) AS col5
            , SUM(A.pcol5) AS pcol5
            , SUM(A.qcol5) AS qcol5
        </if>
        <if test = "col6 != null and col6 != ''" >
            , SUM(A.col6) AS col6
            , SUM(A.pcol6) AS pcol6
            , SUM(A.qcol6) AS qcol6
        </if>
        <if test = "col7 != null and col7 != ''" >
            , SUM(A.col7) AS col7
            , SUM(A.pcol7) AS pcol7
            , SUM(A.qcol7) AS qcol7
        </if>
        <if test = "col8 != null and col8 != ''" >
            , SUM(A.col8) AS col8
            , SUM(A.pcol8) AS pcol8
            , SUM(A.qcol8) AS qcol8
        </if>
        <if test = "col9 != null and col9 != ''" >
            , SUM(A.col9) AS col9
            , SUM(A.pcol9) AS pcol9
            , SUM(A.qcol9) AS qcol9
        </if>
        <if test = "col10 != null and col10 != ''" >
            , SUM(A.col10) AS col10
            , SUM(A.pcol10) AS pcol10
            , SUM(A.qcol10) AS qcol10
        </if>
        <if test = "col11 != null and col11 != ''" >
            , SUM(A.col11) AS col11
            , SUM(A.pcol11) AS pcol11
            , SUM(A.qcol11) AS qcol11
        </if>
        <if test = "col12 != null and col12 != ''" >
            , SUM(A.col12) AS col12
            , SUM(A.pcol12) AS pcol12
            , SUM(A.qcol12) AS qcol12
        </if>
        <if test = "col13 != null and col13 != ''" >
            , SUM(A.col13) AS col13
            , SUM(A.pcol13) AS pcol13
            , SUM(A.qcol13) AS qcol13
        </if>

        <![CDATA[
        FROM (
            SELECT
                Q.QLTY_VEHL_CD
                , Q.LANG_CD
                , Q.MDL_MDY_CD
        ]]>

        <if test = "col0 != null and col0 != ''" >
                , CASE WHEN #{col0} = Q.YM THEN Q.QTY ELSE 0 END AS col0
                , CASE WHEN #{pcol0} = Q.YM THEN Q.PAYMENT ELSE 0 END AS pcol0
                , CASE WHEN #{qcol0} = Q.YM THEN Q.PRNTQTY ELSE 0 END AS qcol0
        </if>
        <if test = "col1 != null and col1 != ''" >
                , CASE WHEN #{col1} = Q.YM THEN Q.QTY ELSE 0 END AS col1
                , CASE WHEN #{pcol1} = Q.YM THEN Q.PAYMENT ELSE 0 END AS pcol1
                , CASE WHEN #{qcol1} = Q.YM THEN Q.PRNTQTY ELSE 0 END AS qcol1
        </if>
        <if test = "col2 != null and col2 != ''" >
                , CASE WHEN #{col2} = Q.YM THEN Q.QTY ELSE 0 END AS col2
                , CASE WHEN #{pcol2} = Q.YM THEN Q.PAYMENT ELSE 0 END AS pcol2
                , CASE WHEN #{qcol2} = Q.YM THEN Q.PRNTQTY ELSE 0 END AS qcol2
        </if>
        <if test = "col3 != null and col3 != ''" >
                , CASE WHEN #{col3} = Q.YM THEN Q.QTY ELSE 0 END AS col3
                , CASE WHEN #{pcol3} = Q.YM THEN Q.PAYMENT ELSE 0 END AS pcol3
                , CASE WHEN #{qcol3} = Q.YM THEN Q.PRNTQTY ELSE 0 END AS qcol3
        </if>
        <if test = "col4 != null and col4 != ''" >
                , CASE WHEN #{col4} = Q.YM THEN Q.QTY ELSE 0 END AS col4
                , CASE WHEN #{pcol4} = Q.YM THEN Q.PAYMENT ELSE 0 END AS pcol4
                , CASE WHEN #{qcol4} = Q.YM THEN Q.PRNTQTY ELSE 0 END AS qcol4
        </if>
        <if test = "col5 != null and col5 != ''" >
                , CASE WHEN #{col5} = Q.YM THEN Q.QTY ELSE 0 END AS col5
                , CASE WHEN #{pcol5} = Q.YM THEN Q.PAYMENT ELSE 0 END AS pcol5
                , CASE WHEN #{qcol5} = Q.YM THEN Q.PRNTQTY ELSE 0 END AS qcol5
        </if>
        <if test = "col6 != null and col6 != ''" >
                , CASE WHEN #{col6} = Q.YM THEN Q.QTY ELSE 0 END AS col6
                , CASE WHEN #{pcol6} = Q.YM THEN Q.PAYMENT ELSE 0 END AS pcol6
                , CASE WHEN #{qcol6} = Q.YM THEN Q.PRNTQTY ELSE 0 END AS qcol6
        </if>
        <if test = "col7 != null and col7 != ''" >
                , CASE WHEN #{col7} = Q.YM THEN Q.QTY ELSE 0 END AS col7
                , CASE WHEN #{pcol7} = Q.YM THEN Q.PAYMENT ELSE 0 END AS pcol7
                , CASE WHEN #{qcol7} = Q.YM THEN Q.PRNTQTY ELSE 0 END AS qcol7
        </if>
        <if test = "col8 != null and col8 != ''" >
                , CASE WHEN #{col8} = Q.YM THEN Q.QTY ELSE 0 END AS col8
                , CASE WHEN #{pcol8} = Q.YM THEN Q.PAYMENT ELSE 0 END AS pcol8
                , CASE WHEN #{qcol8} = Q.YM THEN Q.PRNTQTY ELSE 0 END AS qcol8
        </if>
        <if test = "col9 != null and col9 != ''" >
                , CASE WHEN #{col9} = Q.YM THEN Q.QTY ELSE 0 END AS col9
                , CASE WHEN #{pcol9} = Q.YM THEN Q.PAYMENT ELSE 0 END AS pcol9
                , CASE WHEN #{qcol9} = Q.YM THEN Q.PRNTQTY ELSE 0 END AS qcol9
        </if>
        <if test = "col10 != null and col10 != ''" >
                , CASE WHEN #{col10} = Q.YM THEN Q.QTY ELSE 0 END AS col10
                , CASE WHEN #{pcol10} = Q.YM THEN Q.PAYMENT ELSE 0 END AS pcol10
                , CASE WHEN #{qcol10} = Q.YM THEN Q.PRNTQTY ELSE 0 END AS qcol10
        </if>
        <if test = "col11 != null and col11 != ''" >
                , CASE WHEN #{col11} = Q.YM THEN Q.QTY ELSE 0 END AS col11
                , CASE WHEN #{pcol11} = Q.YM THEN Q.PAYMENT ELSE 0 END AS pcol11
                , CASE WHEN #{qcol11} = Q.YM THEN Q.PRNTQTY ELSE 0 END AS qcol11
        </if>
        <if test = "col12 != null and col12 != ''" >
                , CASE WHEN #{col12} = Q.YM THEN Q.QTY ELSE 0 END AS col12
                , CASE WHEN #{pcol12} = Q.YM THEN Q.PAYMENT ELSE 0 END AS pcol12
                , CASE WHEN #{qcol12} = Q.YM THEN Q.PRNTQTY ELSE 0 END AS qcol12
        </if>
        <if test = "col13 != null and col13 != ''" >
                , CASE WHEN #{col13} = Q.YM THEN Q.QTY ELSE 0 END AS col13
                , CASE WHEN #{pcol13} = Q.YM THEN Q.PAYMENT ELSE 0 END AS pcol13
                , CASE WHEN #{qcol13} = Q.YM THEN Q.PRNTQTY ELSE 0 END AS qcol13
        </if>
        <![CDATA[
            FROM (
                SELECT P.QLTY_VEHL_CD, P.LANG_CD, P.MDL_MDY_CD, P.YM, SUM(P.QTY) AS QTY, SUM(P.PAYMENT) AS PAYMENT, SUM(P.PRNTQTY) AS PRNTQTY
                FROM (
                    SELECT
                        QLTY_VEHL_CD
                        , LANG_CD
                        , MDL_MDY_CD
                        , SUBSTR(WHOT_YMD, 3, 4) AS YM
                        , SUM(QTY) AS QTY
                        , 0 AS PAYMENT
                        , 0 AS PRNTQTY
                    FROM (
                        SELECT
                            QLTY_VEHL_CD
                            , LANG_CD
                            , MDL_MDY_CD
                            , SUM(DL_EXPD_WHOT_QTY) AS QTY
                            , WHOT_YMD
                        FROM TB_PDI_WHOT_INFO
                        WHERE 1=1
                            AND WHOT_YMD BETWEEN REPLACE(#{sDate}, '-', '') AND REPLACE(#{eDate}, '-', '')
                            AND DL_EXPD_WHOT_ST_CD = '01'
                        GROUP BY QLTY_VEHL_CD, LANG_CD, MDL_MDY_CD, WHOT_YMD
                    ) A
                    GROUP BY QLTY_VEHL_CD, LANG_CD, MDL_MDY_CD, SUBSTR(WHOT_YMD, 3, 4)

                    UNION ALL

                    SELECT
                        C.QLTY_VEHL_CD
                        , C.LANG_CD
                        , C.MDL_MDY_CD
                        , SUBSTR(C.TRTM_YMD, 3, 4) AS YM
                        , 0 AS QTY
                        , SUM(IFNULL(C.PRNT_PARR_BGT, 0)) AS PAYMENT
                        , SUM(IFNULL(C.PRNT_PARR_QTY, 0)) AS PRNTQTY
                    FROM (
                        SELECT
                            A.QLTY_VEHL_CD
                            , A.LANG_CD
                            , A.MDL_MDY_CD
                            , B.TRTM_YMD
                            , A.PRNT_PARR_BGT
                            , A.PRNT_PARR_QTY
                        FROM TB_PRNT_REQ_INFO A, TB_PRNT_BKGD_INFO B
                        WHERE 1=1
                            AND A.QLTY_VEHL_CD = B.QLTY_VEHL_CD
                            AND A.MDL_MDY_CD = B.MDL_MDY_CD
                            AND A.LANG_CD = B.LANG_CD
                            AND A.N_PRNT_PBCN_NO = B.N_PRNT_PBCN_NO
                            AND B.DL_EXPD_RDCS_ST_CD = '02'
                            AND B.TRTM_YMD BETWEEN REPLACE(#{sDate}, '-', '') AND REPLACE(#{eDate}, '-', '')
                    ) C
                    GROUP BY C.QLTY_VEHL_CD, C.LANG_CD, C.MDL_MDY_CD, SUBSTR(C.TRTM_YMD, 3, 4)
                ) P
                GROUP BY P.QLTY_VEHL_CD, P.LANG_CD, P.MDL_MDY_CD, P.YM
            ) Q
        ) A
        , TB_VEHL_MGMT B
        , TB_LANG_MAST C
        , TB_CODE_MGMT D
        WHERE 1=1
            AND A.QLTY_VEHL_CD = B.QLTY_VEHL_CD
            AND A.LANG_CD = C.LANG_CD
            AND A.MDL_MDY_CD = B.MDL_MDY_CD
            AND C.DL_EXPD_REGN_CD = D.DL_EXPD_PRVS_CD
            AND D.DL_EXPD_G_CD = '0008'
        ]]>

        <if test = "qltyVehlCd != null and qltyVehlCd != '' and qltyVehlCd != 'ALL'" >
        AND A.QLTY_VEHL_CD = #{qltyVehlCd}
        </if>
        <if test = "langCd != null and langCd != '' and langCd != 'ALL'" >
        AND A.LANG_CD = #{langCd}
        </if>
        <if test = "mdlMdyCd != null and mdlMdyCd != '' and mdlMdyCd != 'ALL'" >
        AND A.MDL_MDY_CD = #{mdlMdyCd}
        </if>
        <if test = "dlExpdRegnCd != null and dlExpdRegnCd != '' and dlExpdRegnCd != 'ALL'" >
        AND C.DL_EXPD_REGN_CD = #{dlExpdRegnCd}
        </if>
        <![CDATA[
        GROUP BY A.QLTY_VEHL_CD
        ]]>

        <if test="mdlMdyCd != null and mdlMdyCd != '' and mdlMdyCd != 'ALL'">
        , A.MDL_MDY_CD
        </if>

        <if test="langCd != null and langCd != '' and langCd != 'ALL'">
        , A.LANG_CD
        ORDER BY A.LANG_CD
        </if>

    </select>

</mapper>

