<?xml version="1.0" encoding="UTF-8"?>
<!DOCTYPE mapper PUBLIC "-//mybatis.org//DTD Mapper 3.0//EN" "http://mybatis.org/dtd/mybatis-3-mapper.dtd">
<!--
    Description    : 설명을 기술합니다.
    author         : 안경수
    since          : 2023.1.19
-->

<mapper namespace="com.oms.sys.dao.PgmMgmtDAO">

    <select id="selectPgmMgmtListAll" resultType="pgmMgmtResDTO">
        /*  QueryID=selectPgmMgmtListAll - 메뉴리스트 */

           SELECT
                MENU_ID,
                PGM_ID,
                PGM_ID_SN,
                PGM_NM,
                PGM_PATH_ADR,
                INP_SCN_CD,
                USE_YN,
                PPRR_EENO,
                FRAM_DTM,
                UPDR_EENO,
                MDFY_DTM
              FROM   TB_PGM_MGMT
              ORDER BY PGM_ID, PGM_ID_SN
    </select>

     <select id="selectAuthAffrMgmtList"  parameterType="authAffrMgmtReqDTO" resultType="authAffrMgmtResDTO" >
     /*  QueryID=selectAuthAffrMgmtList - 메뉴별 권한리스트 */

        SELECT
            a.grp_cd,
            a.menu_auth_cd,
            a.use_yn,
            b.grp_nm,
            c.menu_id,
            c.pgm_nm,
            c.pgm_id_sn,
            c.pgm_id
        FROM tb_auth_affr_mgmt a
        JOIN tb_usr_grp_mgmt b on a.grp_cd = b.grp_cd
        RIGHT JOIN tb_pgm_mgmt c on a.menu_id = c.menu_id
         <if test="pgmId != null and pgmId != ''">
            WHERE c.pgm_id = #{pgmId}
         </if>
        ORDER BY a.grp_cd, a.menu_id, c.pgm_id_sn
     </select>

     <select id="selectAuthAffrMgmtListByGrp"  parameterType="authAffrMgmtReqDTO" resultType="authAffrMgmtResDTO" >
     /*  QueryID=selectAuthAffrMgmtListByGrp - 권한그룹별 권한리스트 */

        SELECT
            a.grp_cd,
            a.menu_auth_cd,
            a.use_yn,
            b.grp_nm,
            c.menu_id,
            c.pgm_nm,
            c.pgm_id_sn,
            c.pgm_id
        FROM tb_auth_affr_mgmt a
        JOIN tb_usr_grp_mgmt b on a.grp_cd = b.grp_cd AND b.grp_cd = #{grpCd}
        RIGHT JOIN tb_pgm_mgmt c on a.menu_id = c.menu_id
        ORDER BY a.grp_cd IS NULL ASC, a.grp_cd, a.menu_id, c.pgm_id_sn
     </select>

     <select id="selectAuthAffrMgmt" parameterType="authAffrMgmtReqDTO" resultType="authAffrMgmtResDTO" >
     /*  QueryID=selectAuthAffrMgmt - 특정메뉴 권한리스트 */

        SELECT
            t.menu_id, t.menu_auth_cd, t.use_yn, t.grp_cd, t.grp_nm ,
            c.pgm_nm,  c.pgm_id_sn, c.pgm_id
        FROM (
            SELECT
                a.menu_id,
                a.menu_auth_cd,
                a.use_yn,
                b.grp_cd,
                b.grp_nm
            FROM tb_auth_affr_mgmt a
            RIGHT JOIN tb_usr_grp_mgmt b ON a.grp_cd = b.grp_cd AND a.menu_id = #{menuId}
        ) t
        LEFT JOIN tb_pgm_mgmt c ON t.menu_id = c.menu_id

     </select>


     <delete id="deleteAuthAffrMgmt" parameterType="authAffrMgmtReqDTO">
        /* QueryID=deleteAuthAffrMgmt */
        DELETE FROM tb_auth_affr_mgmt
        <where>
             <if test="menuId != null and menuId != ''">
                AND menu_id = #{menuId}
             </if>
             <if test="grpCd != null and grpCd != ''">
                AND grp_cd = #{grpCd}
            </if>
        </where>

     </delete>

     <insert id="insertAuthAffrMgmt" parameterType="java.util.List">
        /* QueryID=insertAuthAffrMgmt */
        INSERT INTO tb_auth_affr_mgmt VALUES
        <foreach item="item" collection="list" separator=",">
            (#{item.grpCd}, #{item.menuId}, #{item.menuAuthCd}, 'Y', #{item.pprrEeno}, NOW(), #{item.pprrEeno}, NOW())
        </foreach>
     </insert>




    <select id="selectPgmMgmtList" parameterType="commReqDTO" resultType="pgmMgmtResDTO">
        <![CDATA[
        /*  QueryID=com.oms.dao.PgmMgmtDAO.selectPgmMgmt */

            SELECT   C.MENU_ID      AS menuId
                   , C.PGM_ID       AS pgmId
                   , C.PGM_NM       AS pgmNm
                   , C.PGM_PATH_ADR AS pgmPathAdr
                   , C.PGM_ID_SN    AS pgmIdSn
                   , B.MENU_AUTH_CD AS menuAuthCd
              FROM   TB_USR_MGMT A
                   , TB_AUTH_AFFR_MGMT B
                   , TB_PGM_MGMT C
               WHERE A.USER_EENO =  #{userEeno}
               AND B.GRP_CD = A.GRP_CD
               AND B.USE_YN = 'Y'
               AND TRIM(B.MENU_ID) = TRIM(C.MENU_ID)
               AND C.USE_YN = 'Y'
             ORDER BY C.PGM_ID, C.PGM_ID_SN
        ]]>
    </select>


    <select id="selectGrpUsrList"  resultType="pgmMgmtResDTO">
        <![CDATA[
        /*  QueryID=com.oms.dao.PgmMgmtDAO.selectPgmMgmt */

           WITH T AS (
                SELECT   USER_EENO
                    , GRP_CD
                   , USER_NM as GRP_NM
              FROM TB_USR_MGMT
             WHERE USE_GBN = 'G' )

             SELECT * FROM T
             LEFT JOIN (SELECT
                GRP_CD
             , COUNT(*) as USR_CNT
             FROM TB_USR_MGMT B
             WHERE USE_GBN != 'G'
             GROUP BY GRP_CD) XB ON T.GRP_CD = XB.GRP_CD

        ]]>
    </select>
 <!--
        Query Name  : aes.stm.pgmMgmt.PgmMgmtDAO.insertPgmMgmt
        Description :
    -->
    <insert id="insertPgmMgmt" parameterType="pgmMgmtReqDTO">
             /* ProgramID=insertPgmMgmt */
        <![CDATA[
            INSERT INTO TB_ACT_MGMT
                (   ACT_SN
                  , ACT_ID
                  , MENU_ID
                  , ACT_NM
                  , ACT_TYPE
                  , PPRR_EENO
                  , FRAM_DTM
                )
                 values
                (
                    (SELECT IFNULL(MAX(ACT_SN),0)+1 FROM TB_ACT_MGMT)
                  , #{nactId}
                  , #{nmenuCd}
                  , #{nactNm}
                  , #{nactType}
                  , #{pprrEeno}
                  , SYSDATE()
                )
        ]]>
    </insert>


<!--
        Query Name  : aes.stm.pgmMgmt.PgmMgmtDAO.updatePgmMgmt
        Description :
    -->
    <update id="updatePgmMgmt" parameterType="pgmMgmtReqDTO">
                   /* ProgramID=aes.stm.pgmMgmt.PgmMgmtDAO.updatePgmMgmt */
        <![CDATA[
            UPDATE TB_ACT_MGMT
               SET   ACT_ID    = #{actId}
                   , MENU_ID   = #{menuCd}
                   , ACT_NM    = #{actNm}
                   , ACT_TYPE  = #{actType}
                   , UPDR_EENO = #{updrEeno}
                   , MDFY_DTM  = SYSDATE()
             WHERE ACT_SN = #{actSn}
        ]]>
    </update>

  <!--
        Query Name  : aes.stm.pgmMgmt.PgmMgmtDAO.deletePgmMgmt
        Description :
    -->
    <delete id="deletePgmMgmt" parameterType="pgmMgmtReqDTO">
                    /* ProgramID=aes.stm.pgmMgmt.PgmMgmtDAO.deletePgmMgmt */
        <![CDATA[
             DELETE FROM TB_ACT_MGMT
              WHERE ACT_SN = #{actSn}
        ]]>
    </delete>
 <!--
        Query Name  : aes.stm.pgmMgmt.PgmMgmtDAO.insertPgmGrpAuth
        Description :
    -->
    <insert id="insertPgmGrpAuth" parameterType="pgmMgmtReqDTO">
                  /* ProgramID=aes.stm.pgmMgmt.PgmMgmtDAO.insertPgmGrpAuth */

           INSERT INTO TB_ACT_AUTH
                (   USER_EENO
                  , ACT_ID
                  , PPRR_EENO
                  , FRAM_DTM
                )
                <foreach item="item" collection="gridList" separator=",">
                 VALUES
                (#{item.userEeno}, #{item.actId}, #{item.userId}, SYSDATE())
                </foreach>
    </insert>

     <delete id="deletePgmGrpAuth" parameterType="pgmMgmtReqDTO">
                        /* ProgramID=aes.stm.pgmMgmt.PgmMgmtDAO.deletePgmGrpAuth */
            <![CDATA[
                 DELETE FROM TB_ACT_AUTH
                  WHERE USER_EENO = #{userEeno}
            ]]>

            <if test = '"spmId != null and  spmId != ""'>
                   AND ACT_ID IN (
                       SELECT A.ACT_ID
                         FROM   TB_ACT_MGMT A , TB_PGM_MGMT B
                        WHERE A.MENU_ID = B.MENU_ID
                          AND B.PGM_ID = #{spgmId}
                   )
            </if>

    </delete>


     <update id="updatePgmMgmtUseYn" parameterType="useYnReqDTO">
                   /* ProgramID=updatePgmMgmtUseYn */
            UPDATE TB_PGM_MGMT
               SET  USE_YN = #{useYn}
             WHERE MENU_ID IN
            <foreach item="item" collection="list" separator="," open="(" close=")">
                #{item}
            </foreach>
    </update>

</mapper>

