<?xml version="1.0" encoding="UTF-8"?>
<!DOCTYPE mapper PUBLIC "-//mybatis.org//DTD Mapper 3.0//EN" "http://mybatis.org/dtd/mybatis-3-mapper.dtd">

<!--
    SQL File Name  : BoardDAO_sql.xml
    Description    : 재고관리 > 게시판
    author         : 안경수
    since          : 2023.6.1
-->

<mapper namespace="com.oms.ivm.dao.BoardAffrDAO">

    <select id="selectBoardAffrMgmtList" parameterType = "String" resultType="boardAffrResDTO">

       SELECT
            a.BLC_SN,
            a.BLC_SCN_CD,

            b.DL_EXPD_PRVS_NM AS blcScnCdNm,

            c.QLTY_VEHL_CD,
            c.MDL_MDY_CD,
            c.LANG_CD,

            d.QLTY_VEHL_NM,

            e.lang_cd_nm,
            e.DL_EXPD_PRVS_NM AS regnNm,

            a.RGN_EENO,
            a.BLC_RGST_YMD,
            a.BEFMY_TRWI_YN,
            a.BB_YN,
            a.BB_VAL,
            a.DTRWI_RQ_YMD,
            a.DTRWI_YN,
            a.DTRWI_MIDCSN_YN,
            a.ALTR_TRWI_YN,
            a.NMTRWI_RQ_YMD,
            a.NMTRWI_MIDCSN_YN,
            a.BLC_TITL_NM,
            a.BLC_SBC,
            a.ATTC_YN,
            a.REPLY_YN,
            a.DEL_YN,
            a.PPRR_EENO,
            a.FRAM_DTM

        FROM tb_board_affr_mgmt a
        JOIN tb_code_mgmt b ON b.DL_EXPD_G_CD = '0039'  AND b.DL_EXPD_PRVS_CD = a.BLC_SCN_CD
        JOIN tb_board_affr_vehl c ON c.blc_sn =  a.blc_sn
        JOIN (SELECT QLTY_VEHL_CD, max(QLTY_VEHL_NM) as QLTY_VEHL_NM FROM tb_vehl_mgmt group by QLTY_VEHL_CD) d ON d.QLTY_VEHL_CD = c.QLTY_VEHL_CD
        JOIN (
            SELECT lang_cd, QLTY_VEHL_CD, MDL_MDY_CD, max(lang_cd_nm) as lang_cd_nm , bb.DL_EXPD_PRVS_NM
            from tb_lang_mgmt aa
            JOIN tb_code_mgmt bb ON DL_EXPD_G_CD = '0008' and aa.dl_expd_regn_cd = bb.DL_EXPD_PRVS_CD
            group by QLTY_VEHL_CD , MDL_MDY_CD, LANG_CD,  bb.DL_EXPD_PRVS_NM)  e ON e.LANG_CD = c.lang_cd and e.QLTY_VEHL_CD = c.QLTY_VEHL_CD and e.MDL_MDY_CD = c.MDL_MDY_CD

where a.DEL_YN = 'N'
<if test="blcTitleNm != null and blcTitleNm != ''">
                AND A.BLC_TITL_NM LIKE CONCAT('%', #{blcTitleNm}, '%')
        </if>
        ORDER BY a.blc_sn DESC

    </select>

    <select id="selectBoardAffrMgmt" parameterType="Long" resultType="boardAffrResDTO">

       SELECT
            a.BLC_SN,
            a.BLC_SCN_CD,

            a.RGN_EENO,
            a.BLC_RGST_YMD,
            a.BEFMY_TRWI_YN,
            a.BB_YN,
            a.BB_VAL,
            a.DTRWI_RQ_YMD,
            a.DTRWI_YN,
            a.DTRWI_MIDCSN_YN,
            a.ALTR_TRWI_YN,
            a.NMTRWI_RQ_YMD,
            a.NMTRWI_MIDCSN_YN,
            a.BLC_TITL_NM,
            a.BLC_SBC,
            a.ATTC_YN,
            a.REPLY_YN,
            a.DEL_YN,
            a.PPRR_EENO,
            a.FRAM_DTM,

            b.DL_EXPD_PRVS_NM AS blcScnCdNm,

            d.user_nm AS regnNm,

            e.file_nm

        FROM tb_board_affr_mgmt a
        JOIN tb_code_mgmt b ON b.DL_EXPD_G_CD = '0039'  AND b.DL_EXPD_PRVS_CD = a.BLC_SCN_CD
         JOIN tb_usr_mgmt d ON a.RGN_EENO = d.user_eeno
         JOIN (select GROUP_CONCAT(file_nm SEPARATOR ',') as file_nm FROM tb_attc_mgmt  where blc_sn = 98) e

        WHERE BLC_SN = #{value}

    </select>


    <insert id="insertBoardAffrMgmt" parameterType="boardAffrReqDTO" useGeneratedKeys="true" keyProperty="blcSn">
        /* insertBoardAffrMgmt */
        INSERT INTO tb_board_affr_mgmt
        (
            BLC_SCN_CD,
            RGN_EENO,
            BLC_RGST_YMD,
            BEFMY_TRWI_YN,
            BB_YN,
            BB_VAL,
            DTRWI_RQ_YMD,
            DTRWI_YN,
            DTRWI_MIDCSN_YN,
            ALTR_TRWI_YN,
            NMTRWI_RQ_YMD,
            NMTRWI_MIDCSN_YN,
            BLC_TITL_NM,
            BLC_SBC,
            ATTC_YN,
            REPLY_YN,
            DEL_YN,
            PPRR_EENO,
            FRAM_DTM
        ) VALUES (
            #{blcScnCd},
            #{pprrEeno},
            DATE_FORMAT(NOW(), '%Y%m%d'),
            #{befmyTrwiYn},
            #{bbYn},
            #{bbVal},
            #{dtrwiRqYmd},
            #{dtrwiYn},
            #{dtrwiMidcsnYn},
            #{altrTrwiYn},
            #{nmtrwiRqYmd},
            #{nmtrwiMidcsnYn},
            #{blcTitlNm},
            #{blcSbc},
            #{attcYn},
            'N',
            'N',
            #{pprrEeno},
            NOW()

        )
       </insert>

       <update id="updateBoardAffrMgmt" parameterType="boardAffrReqDTO">
            /* updateBoardAffrMgmt */

            UPDATE tb_board_affr_mgmt SET
                BLC_SCN_CD = #{blcScnCd},
                BEFMY_TRWI_YN = #{befmyTrwiYn},
                BB_YN = #{bbYn},
                BB_VAL = #{bbVal},
                DTRWI_RQ_YMD = #{dtrwiRqYmd},
                DTRWI_YN = #{dtrwiYn},
                DTRWI_MIDCSN_YN = #{dtrwiMidcsnYn},
                BLC_TITL_NM = #{blcTitlNm},
                BLC_SBC = #{blcSbc},
                UPDR_EENO = #{updrEeno},
                MDFY_DTM = NOW()
            WHERE blc_sn = #{blcSn}

       </update>





        <insert id="insertBoardAffrVehl" parameterType="java.util.List" >
            /* insertBoardAffrVehl */
            INSERT INTO tb_board_affr_vehl
            (
                BLC_SN,
                QLTY_VEHL_CD,
                MDL_MDY_CD,
                LANG_CD,
                PPRR_EENO,
                FRAM_DTM

            ) VALUES
            <foreach item="item" collection="list" separator=",">
            (#{item.blcSn}, #{item.qltyVehlCd},  #{item.mdlMdyCd}, #{item.langCd},  #{item.pprrEeno},  SYSDATE())
            </foreach>

        </insert>

         <delete id="deleteBoardAffrVehl" parameterType="Long">
            DELETE FROM tb_board_affr_vehl
            WHERE blc_sn = #{value}

        </delete>

        <select id="selectBoardAffrVehl" parameterType="Long" resultType="vehlMdyLangResDTO">
            SELECT
                a.qlty_vehl_cd,
                b.qlty_vehl_nm,
                a.mdl_mdy_cd,
                a.lang_cd,
                a.lang_cd_nm
            FROM
                tb_lang_mgmt a
            JOIN  (SELECT qlty_vehl_cd, max(qlty_vehl_nm) AS qlty_vehl_nm
                    FROM tb_vehl_mgmt
                    GROUP BY qlty_vehl_cd) b
                    ON a.qlty_vehl_cd = b.qlty_vehl_cd
            WHERE
                 ( a.QLTY_VEHL_CD, a.mdl_mdy_cd, a.lang_cd ) IN (

                        SELECT
                            QLTY_VEHL_CD,
                            MDL_MDY_CD,
                            LANG_CD

                        FROM
                            tb_board_affr_vehl
                        WHERE
                            BLC_SN = #{value}

                 )
        </select>



        <insert id="insertBoardAffrRcvUsers" parameterType="boardAffrRcvUsersSaveDTO">
            INSERT INTO tb_board_affr_rcv_users(
                BLC_SN,
                USER_EENO,
                EML_ADR,
                PPRR_EENO,
                FRAM_DTM
            )
            VALUES
            <foreach item="item" collection="rcvList" separator=",">
                (#{blcSn}, #{item.emlId}, #{item.emlAdr}, #{userEeno}, NOW())
            </foreach>

        </insert>

        <select id="selectBoardAffrRcvUsers" parameterType="Long" resultType="boardRcvUsersResDTO">

           SELECT
                A.user_eeno
                ,A.USER_NM
               , B.DL_EXPD_PRVS_NM AS CO_NM
                ,C.DL_EXPD_PRVS_NM  as DEPT_NM
            FROM   TB_USR_MGMT A
               , TB_CODE_MGMT B
               , TB_CODE_MGMT C
            WHERE
                A.user_eeno IN (
                    select user_eeno
                    from tb_board_affr_rcv_users
                    where blc_sn = #{value}
                )
               AND A.BLNS_CO_CD = B.DL_EXPD_PRVS_CD
               and A.USER_DCD = C.DL_EXPD_PRVS_CD
               and C.DL_EXPD_G_CD = '0011'
               AND B.DL_EXPD_G_CD = '0001'

        </select>

        <insert id="insertBoardAffrReply" parameterType="boardAffrReplyReqDTO">
            INSERT INTO tb_board_affr_reply(
                BLC_SN,
                BLC_REPLY_SN,
                BLC_REPLY_SBC,
                DEL_YN,
                PPRR_EENO,
                FRAM_DTM,
                UPDR_EENO,
                MDFY_DTM
            ) VALUES (
                #{blcSn},
                #{blcReplySn},
                #{blcReplySbc},
                'N',
                #{pprrEeno},
                NOW(),
                #{updrEeno},
                NOW()
            )
        </insert>
        <update id="updateBoardAffrReply" parameterType="boardAffrReplyReqDTO">
            UPDATE  tb_board_affr_reply SET
                BLC_REPLY_SBC =  #{blcReplySbc},
                UPDR_EENO = #{updrEeno},
                MDFY_DTM =NOW()
              where BLC_REPLY_SN = #{blcReplySn}
              and BLC_SN = #{blcSn}
        </update>

        <update id="deleteBoardAffrReply" parameterType="boardAffrReplyReqDTO">
            UPDATE  tb_board_affr_reply SET
                DEL_YN =  'Y',
                UPDR_EENO = #{updrEeno},
                MDFY_DTM =NOW()
              where BLC_REPLY_SN = #{blcReplySn}
              and BLC_SN = #{blcSn}
        </update>
        <select id="selectBoardAffrMgmtReplyList" parameterType="hashMap" resultType="boardAffrReplyResDTO">

             SELECT
                BLC_REPLY_SN,
                BLC_REPLY_SBC,
                a.DEL_YN,
                a.PPRR_EENO,
                a.FRAM_DTM,
                a.UPDR_EENO,
                a.MDFY_DTM,
                b.user_nm,
                b.BLNS_CO_CD,
                b.USER_DCD,
                c.DL_EXPD_PRVS_NM as coNm,
                d.DL_EXPD_PRVS_NM as deptNm,
            case when a.pprr_eeno = #{userEeno} then 'Y' else 'N' end as MOD_CHK
            FROM
                tb_board_affr_reply a

            JOIN tb_usr_mgmt b ON a.UPDR_EENO = b.user_eeno
            JOIN tb_code_mgmt c ON c.DL_EXPD_G_CD = '0001' and b.BLNS_CO_CD = c.DL_EXPD_PRVS_CD
            JOIN tb_code_mgmt d ON d.DL_EXPD_G_CD = '0011' and b.USER_DCD = d.DL_EXPD_PRVS_CD
            WHERE
                blc_sn = #{blcSn}
                AND A.DEL_YN = 'N'
            ORDER BY
                BLC_REPLY_SN DESC


        </select>

   <update id="deleteBoardAffrMgmt" parameterType="boardAffrReqDTO">
            /* deleteBoardAffrMgmt */

            UPDATE tb_board_affr_mgmt SET
             UPDR_EENO = #{updrEeno},
                MDFY_DTM =NOW(),
                DEL_YN= 'Y'
            WHERE blc_sn = #{blcSn}

   </update>

</mapper>

