<?xml version="1.0" encoding="UTF-8"?>
<!DOCTYPE mapper PUBLIC "-//mybatis.org//DTD Mapper 3.0//EN" "http://mybatis.org/dtd/mybatis-3-mapper.dtd">

<mapper namespace="com.oms.stm.dao.LangMgmtDAO">





<select id="selectLangList" parameterType="stmComReqDTO" resultType="langMgmtResDTO">
    SELECT   A.DATA_SN
                       , A.LANG_CD
                       , A.DL_EXPD_REGN_CD
                       , A.LANG_CD_NM
                       , A.USE_YN
                       , CONCAT(B.QLTY_VEHL_CD, '-', B.MDL_MDY_CD) AS QLTY_VEHL_CD
                       , CONCAT('(', B.QLTY_VEHL_CD, '-', B.MDL_MDY_CD, ')', B.QLTY_VEHL_NM) AS QLTY_VEHL_NM
                       , A.SORT_SN
                       , A.A_CODE
                       , IFNULL(A.N1_INS_YN, 'N') AS N1_INS_YN
                  FROM   TB_LANG_MGMT A
                       , TB_VEHL_MGMT B
                 WHERE A.DATA_SN = #{dataSn}
                   AND A.QLTY_VEHL_CD = B.QLTY_VEHL_CD
                   AND A.MDL_MDY_CD   = B.MDL_MDY_CD


</select>


    <select id="selectLangMstList" parameterType="stmComReqDTO" resultType="langMgmtResDTO">
            /* aes.stm.lang.LangDAO.selectLangMstList */
        <![CDATA[
            SELECT   A.LANG_CD
                   , A.LANG_CD_NM
                   , A.USE_YN
                   , A.DL_EXPD_REGN_CD
                   , B.DL_EXPD_PRVS_NM AS REGN_NM
              FROM   TB_LANG_MAST A
                   , TB_CODE_MGMT B
             WHERE B.DL_EXPD_G_CD = '0008'
               AND A.DL_EXPD_REGN_CD = B.DL_EXPD_PRVS_CD
             ORDER BY A.LANG_CD
        ]]>

    </select>


    <select id="selectTotVehlCdList" parameterType="stmComReqDTO" resultType="langMgmtResDTO">
       /* aes.stm.lang.LangDAO.selectTotVehlCdList */
        <![CDATA[
            SELECT QLTY_VEHL_CD
              FROM TB_VEHL_MGMT
             WHERE USE_YN = 'Y'
               AND DL_EXPD_CO_CD = '01'
               AND QLTY_VEHL_CD IN (
                                    SELECT QLTY_VEHL_CD
                                      FROM TB_AUTH_VEHL
                                     WHERE USER_EENO = #{userId}
                                     GROUP BY QLTY_VEHL_CD
                                    )
             GROUP BY QLTY_VEHL_CD
             ORDER BY QLTY_VEHL_CD
        ]]>
    </select>


    <select id="selectVehlLangCpList" parameterType="stmComReqDTO" resultType="langMgmtResDTO">
       /* aes.stm.lang.LangDAO.selectVehlLangCpList */
        <![CDATA[
            SELECT   A.QLTY_VEHL_CD
                   , B.MDL_MDY_CD
                   , MAX(A.QLTY_VEHL_NM) AS QLTY_VEHL_NM
              FROM   TB_VEHL_MGMT   A
                   , TB_LANG_MGMT B
             WHERE A.DL_EXPD_CO_CD = '01'
        ]]>
        <if test = 'qltyVehlCd != null  and qltyVehlCd !=""'>
                and   A.QLTY_VEHL_CD = #{qltyVehlCd}
        </if>
        <![CDATA[
               AND A.QLTY_VEHL_CD = B.QLTY_VEHL_CD
             GROUP BY A.QLTY_VEHL_CD, B.MDL_MDY_CD
        ]]>
    </select>

    <select id="LangMstValidChk" parameterType="langMgmtReqDTO" resultType="String">
          /* aes.stm.lang.LangDAO.selectLangMst */
        <![CDATA[
            SELECT (CASE WHEN COUNT(LANG_CD)='0' THEN 'Y' ELSE 'N' END) AS LANG_CHK
              FROM TB_LANG_MAST
             WHERE LANG_CD = #{langCd}
        ]]>
    </select>




     <insert id="insertLangMst" parameterType="langMgmtReqDTO">
        /* ProgramID=aes.stm.lang.LangDAO.insertLangMst */
        <![CDATA[
             INSERT INTO TB_LANG_MAST
                  (
                     LANG_CD
                   , LANG_CD_NM
                   , USE_YN
                   , DL_EXPD_REGN_CD
                   , PPRR_EENO
                   , FRAM_DTM
                  )
            VALUES
                  (
                     #{langCd}
                   , #{langCdNm}
                   , #{useYn}
                   , #{dlExpdRegnCd}
                   , #{pprrEeno}
                   , SYSDATE()
                  )
        ]]>
    </insert>
<!--
        Query Name  : aes.stm.lang.LangDAO.updateLangMst
        Description : 언어코드 마스터 수정
    -->
    <update id="updateLangMst" parameterType="langMgmtReqDTO">
       /* ProgramID=aes.stm.lang.LangDAO.updateLangMst */
        <![CDATA[
            UPDATE TB_LANG_MAST
               SET   LANG_CD_NM = #{langCdNm}
                   , USE_YN     = #{useYn}
                   , DL_EXPD_REGN_CD = #{dlExpdRegnCd}
             WHERE LANG_CD = #{langCd}
        ]]>
    </update>
     <!--
        Query Name  : aes.stm.lang.LangDAO.deleteLangMst
        Description :언어코드 마스터 삭제
    -->
    <delete id="deleteLangMst" parameterType="langMgmtReqDTO">
        /* deleteLangMst */
        <![CDATA[
             DELETE FROM TB_LANG_MAST
              WHERE LANG_CD = #{langCd}
        ]]>
    </delete>

 <!--
        Query Name  : aes.stm.lang.LangDAO.insertLangCdMgmt
        Description :
            since          author              description
        ===========    =============    ===========================
        2016.4.14      JH KIM                최초 생성
    -->
    <insert id="insertLangCdMgmt" parameterType="natlMgmtReqDTO">
         /* ProgramID=aes.stm.lang.LangDAO.insertLangCdMgmt */
        <![CDATA[
             INSERT INTO TB_LANG_MGMT
                  (
                     DATA_SN
                   , QLTY_VEHL_CD
                   , MDL_MDY_CD
                   , LANG_CD
                   , DL_EXPD_REGN_CD
                   , LANG_CD_NM
                   , USE_YN
                   , NAPC_YN
                   , PPRR_EENO
                   , FRAM_DTM
                  )
                   ]]>
                    SELECT   (SELECT MAX(DATA_SN)  FROM TB_LANG_MGMT ) + ROWNUM() AS DATA_SN
                           , #{qltyVehlCd}
                           , #{mdlMdyCd}
                           , LANG_CD
                           , DL_EXPD_REGN_CD
                           , LANG_CD_NM
                           , #{useYn}
                           , 'N'
                           , #{pprrEeno}
                           , SYSDATE()
                      FROM TB_LANG_MAST

                <foreach collection="itemList" index="index" item="item" separator="," open="(" close=")">
                #{item}
                </foreach>


    </insert>
  <!--
        Query Name  : aes.stm.lang.LangDAO.getLangMgmtChk
        Description : 언어코드 중복체크
        -->
    <select id="getLangMgmtChk" parameterType="natlMgmtReqDTO" resultType="String">
            /* aes.stm.lang.LangDAO.getLangMgmtChk */
        <![CDATA[
            SELECT (CASE WHEN COUNT(LANG_CD)='0' THEN 'Y' ELSE 'N' END) AS LANG_CHK
              FROM TB_LANG_MGMT
             WHERE QLTY_VEHL_CD = #{qltyVehlCd}
               AND LANG_CD = #{langCd}
               AND MDL_MDY_CD = #{mdlMdyCd}
        ]]>
    </select>

 <!--
        Query Name  : "aes.stm.lang.LangDAO.insertLangCdOne"
        Description :
            since          author              description
        ===========    =============    ===========================
        2017.03.28      YH KWON                최초 생성
    -->
    <insert id="insertLangCdOne" parameterType="natlMgmtReqDTO">
         /* ProgramID=aes.stm.lang.LangDAO.insertLangCdOne */
        <![CDATA[
             INSERT INTO TB_LANG_MGMT
                  (
                     DATA_SN
                   , QLTY_VEHL_CD
                   , MDL_MDY_CD
                   , LANG_CD
                   , DL_EXPD_REGN_CD
                   , LANG_CD_NM
                   , USE_YN
                   , NAPC_YN
                   , PPRR_EENO
                   , FRAM_DTM
                   , A_CODE
                   , SORT_SN
                  )
                    SELECT   (SELECT MAX(DATA_SN)  FROM TB_LANG_MGMT ) + ROWNUM AS DATA_SN
                           , #{qltyVehlCd}
                           , #{mdlMdyCd}
                           , LANG_CD
                           , DL_EXPD_REGN_CD
                           , LANG_CD_NM
                           , #{useYn}
                           , 'N'
                           , #{pprrEeno}
                           , SYSDATE()
                           , #{aCode}
                           , #{sortSn}
                      FROM TB_LANG_MAST
                     WHERE LANG_CD = #{langCd}
        ]]>
    </insert>
<!--
        Query Name  : aes.stm.lang.LangDAO.updateLangCdVehl
        Description : 차량별 언어코드 수정
            since          author              description
        ===========    =============    ===========================
        2016.4.05      JH KIM                최초 생성
    -->
    <update id="updateLangCdMgmt" parameterType="natlMgmtReqDTO">
           /* ProgramID=aes.stm.lang.LangDAO.updateLangCdMgmt */
        <![CDATA[
            UPDATE TB_LANG_MGMT
               SET   DL_EXPD_REGN_CD = #{dlExpdRegnCd}
                   , LANG_CD_NM      = #{langCdNm}
                   , SORT_SN         = #{sortSn}
                   , A_CODE          = #{aCode}
                   , USE_YN          = #{useYn}
                   , UPDR_EENO       = #{updrEeno}
                   , MDFY_DTM        = SYSDATE()
             WHERE DATA_SN = #{dataSn}
        ]]>
    </update>

     <!--
        Query Name  : aes.stm.lang.LangDAO.deleteLangCdMgmt
        Description :
    -->
    <delete id="deleteLangCdMgmt" parameterType="langMgmtReqDTO">
        /* ProgramID=aes.stm.lang.LangDAO.deleteLangCdMgmt */
        <![CDATA[
             DELETE FROM TB_LANG_MGMT
              WHERE DATA_SN in
        ]]>
        <foreach collection="itemList" index="index" item="item" separator="," open="(" close=")">
                #{item}
        </foreach>
    </delete>

</mapper>

