<?xml version="1.0" encoding="UTF-8"?>
<!DOCTYPE mapper PUBLIC "-//mybatis.org//DTD Mapper 3.0//EN" "http://mybatis.org/dtd/mybatis-3-mapper.dtd">

<!--
    SQL File Name  : ComIvmDAO_sql.xml
    Description    : 재고관리 > 공통 쿼리
    author         : 김정웅
    since          : 2023.3.13
-->

<mapper namespace="com.oms.common.dao.CommComboDAO">
    <select id="selectCommLangComboList" parameterType="commLangComboReqDTO" resultType="commLangComboResDTO">
        <![CDATA[
            SELECT
                C.LANG_CD,
                CONCAT(C.LANG_CD, '(', MAX(C.LANG_CD_NM), ')') AS LANG_CD_NM
            FROM (
                SELECT QLTY_VEHL_CD
                FROM TB_AUTH_VEHL
                WHERE 1 = 1
        ]]>
        <if test="userId != null and userId != ''" >
                    AND USER_EENO = #{userId}
        </if>
        <if test="vehl != null and vehl != ''" >
                    AND QLTY_VEHL_CD = (CASE WHEN #{vehl}='ALL' THEN QLTY_VEHL_CD ELSE #{vehl} END)
        </if>
        <![CDATA[
                GROUP BY QLTY_VEHL_CD
                ) A, TB_VEHL_MGMT B, TB_LANG_MGMT C
            WHERE 1=1
                AND A.QLTY_VEHL_CD = B.QLTY_VEHL_CD
                AND A.QLTY_VEHL_CD = C.QLTY_VEHL_CD
                AND B.MDL_MDY_CD = C.MDL_MDY_CD
                AND B.MDL_MDY_CD BETWEEN DATE_FORMAT(DATE_SUB(STR_TO_DATE(REPLACE(#{sdate},'-',''), '%Y%m%d'), INTERVAL 48 MONTH), '%y') AND DATE_FORMAT(DATE_ADD(STR_TO_DATE(REPLACE(#{sdate},'-',''), '%Y%m%d'), INTERVAL 24 MONTH), '%y')
        ]]>
        <if test="pdi != null and pdi != ''" >
                AND B.DL_EXPD_PDI_CD = (CASE WHEN #{pdi}='ALL' THEN B.DL_EXPD_PDI_CD ELSE #{pdi} END)
        </if>
        <if test="year != null and year != ''" >
                AND B.MDL_MDY_CD = (
                    CASE
                        WHEN TRIM(#{year})='ALL' THEN B.MDL_MDY_CD
                        WHEN TRIM(#{year}) IS NULL THEN B.MDL_MDY_CD
                        ELSE #{year}
                    END
                    )
        </if>
        <if test="region != null and region != ''" >
                AND C.DL_EXPD_REGN_CD = (CASE WHEN #{region}='ALL' THEN C.DL_EXPD_REGN_CD ELSE #{region} END)
        </if>
        <![CDATA[
                AND A.QLTY_VEHL_CD = (CASE WHEN #{vehl}='ALL' THEN A.QLTY_VEHL_CD ELSE #{vehl} END)
                AND B.USE_YN = 'Y'
                AND C.USE_YN = 'Y'
            GROUP BY C.LANG_CD
            ORDER BY C.LANG_CD
        ]]>
    </select>

</mapper>

