<?xml version="1.0" encoding="UTF-8"?>
<!DOCTYPE mapper PUBLIC "-//mybatis.org//DTD Mapper 3.0//EN" "http://mybatis.org/dtd/mybatis-3-mapper.dtd">
<!--
    SQL File Name  : AuthDAO_sql.xml
    Description    : 토큰정보
    author         : 안경수
    since          : 2023.4.20
-->

<mapper namespace="com.oms.sys.dao.LogDAO">



    <insert id="insertSchedLog" parameterType="schedLogDTO">
        /* QueryID = insertUsrToken */
        INSERT INTO tb_log_sched (
          SCHED_ID,
          SCHED_NM,
          START_DTM,
          END_DTM,
          API_URL,
          GET_DATA_CNT,
          SAVE_DATA_CNT,
          CALL_RSLT
        )VALUES
        (
            #{schedId},
            #{schedNm},
            #{startDtm},
            NOW(),
            #{apiUrl},
            #{getDataCnt},
            #{saveDataCnt},
             #{callRslt}
        )
    </insert>

    <insert id="insertLogUse" parameterType="logUse">
        /* QueryID = insertLogUse */

        INSERT INTO tb_log_use
            (use_eeno, api_url, cmd, class_nm, method_nm, process_time, use_dtm)
        VALUES
            (#{useEeno}, #{apiUrl}, #{cmd}, #{classNm}, #{methodNm}, #{processTime}, NOW() )
    </insert>


    <select id="selectLogUseList" parameterType="logUseReqDTO" resultType="logUseResDTO">
        /* QueryID = selectLogUseList */

      SELECT
            a.use_log_sn,
            a.use_eeno,
            a.api_url,
            a.cmd,
            a.class_nm,
            a.method_nm,
            a.process_time,
            a.use_dtm,
            b.api_nm,
            b.method,
            b.menu_id,
            c.pgm_nm

        FROM tb_log_use a
        LEFT JOIN tb_api_mgmt b ON b.api_url = a.api_url
        LEFT JOIN tb_pgm_mgmt c ON b.menu_id = c.menu_id
         <![CDATA[
            WHERE date_format(use_dtm, '%Y-%m-%d') >= #{startDate}
            AND use_dtm < DATE_ADD(#{endDate}, INTERVAL 1 DAY)
        ]]>
        <if test="userEeno != null and userEeno != ''">
            AND a.use_eeno like '%'|| #{userEeno}||'%'
        </if>

        <if test="orderBy == null or orderBy == ''">
            ORDER BY a.use_log_sn DESC
        </if>

        <if test="orderBy != null and orderBy != ''">
            ORDER BY
            <if test="orderBy == 'useLogSn'">a.use_log_sn</if>
            <if test="orderBy == 'useDtm'">a.use_dtm</if>
            <if test="orderBy == 'useEeno'">a.use_eeno</if>
            <if test="orderBy == 'pgmNm'">c.pgm_nm</if>
            <if test="orderBy == 'apiUrl'">a.api_url</if>
            <if test="orderBy == 'apiNm'">b.api_nm</if>
            <if test="orderBy == 'classNm'">a.class_nm</if>
            <if test="orderBy == 'methodNm'">a.method_nm</if>
            <if test="orderBy == 'processTime'">a.process_time</if>

            <if test="orderType == 'desc'">DESC</if>
        </if>

        <![CDATA[
            LIMIT #{pageSize} OFFSET  #{offset}
        ]]>

    </select>

    <select id="selectLogUseListTot"  resultType="Integer">
        /* QueryID = selectLogUseListTot */

        SELECT COUNT(*)
        FROM tb_log_use
        <![CDATA[
            WHERE date_format(use_dtm, '%Y-%m-%d') >= #{startDate}
            AND date_format(use_dtm, '%Y-%m-%d') <= #{endDate}
        ]]>
        <if test="userEeno != null and userEeno != ''">
            AND use_eeno = #{userEeno}
        </if>


    </select>

    <insert id="saveLogAuthChg" parameterType="logAuthChgReqDTO">
    /* QueryID = saveLogAuthChg */

    INSERT INTO tb_log_user_altr

    (
        USER_ID,
        CHGR_ID,
        CHGR_IP,
        AFT_TYPE,
        BEFR_VALUE,
        AFTR_VALUE,
        BEF_AUTH,
        AFT_AUTH,
        ALTR_DATE
    )
    VALUES
    (
        #{userId},
        #{chgrId},
        #{chgrIp},
        #{aftType},
        #{befrValue},
        #{aftrValue},
        #{befAuth},
        #{aftAuth},
        SYSDATE()
    );

    </insert>




</mapper>

