<?xml version="1.0" encoding="UTF-8"?>
<!DOCTYPE mapper PUBLIC "-//mybatis.org//DTD Mapper 3.0//EN" "http://mybatis.org/dtd/mybatis-3-mapper.dtd">
<!--
    SQL File Name  : biz_UsrMgmtDAO.xml
    Description    : 설명을 기술합니다.
    author         : 안경수
    since          : 2023.1.19
-->

<mapper namespace="com.oms.sys.dao.UsrGrpMgmtDAO">




    <select id="selectUsrGrpMgmtList" resultType="usrGrpMgmtResDTO">
        /*  QueryID=selectUsrGrpMgmtList */
        SELECT
            a.grp_cd,
            a.grp_nm,
            a.sort_sn,
            a.use_yn,
            a.rem,
            count(*) cnt
        FROM tb_usr_grp_mgmt a  LEFT OUTER JOIN tb_usr_mgmt b ON a.grp_cd = b.grp_cd
        GROUP BY a.grp_cd,  a.grp_nm,  a.use_yn, a.sort_sn, a.rem
        ORDER BY a.sort_sn

    </select>

    <insert id="insertUsrGrpMgmt" parameterType="usrGrpMgmtReqDTO">
         /*  QueryID=insertUsrGrpMgmt */
         INSERT INTO tb_usr_grp_mgmt
         (grp_cd, grp_nm, sort_sn, rem, use_yn, pprr_eeno, fram_dtm)
         VALUES
         (#{grpCd}, #{grpNm}, #{sortSn}, #{rem}, #{useYn}, #{pprrEeno}, NOW())
    </insert>

    <update id="updateUsrGrpMgmt" parameterType="usrGrpMgmtReqDTO">
         /*  QueryID=updateUsrGrpMgmt */
         UPDATE tb_usr_grp_mgmt SET
            grp_nm = #{grpNm},
            sort_sn = #{sortSn},
            rem = #{rem},
            use_yn = #{useYn},
            updr_eeno = #{updrEeno},
            mdfy_dtm = NOW()
         WHERE grp_cd = #{grpCd}

    </update>

    <select id="selectUsrGrpMgmt" parameterType="usrGrpMgmtReqDTO" resultType="usrGrpMgmtResDTO">
         /*  QueryID=selectUsrGrpMgmt */
         SELECT
            grp_cd,
            grp_nm,
            sort_sn,
            use_yn,
            rem
         FROM tb_usr_grp_mgmt
         <where>
            <if test="grpCd != null and grpCd != ''">
                AND grp_cd = #{grpCd}
            </if>
            <if test="grpNm != null and grpNm != ''">
                AND grp_nm = #{grpNm}
            </if>
            <if test="sortSn != null and sortSn != ''">
                AND sort_sn = #{sortSn}
            </if>
         </where>
    </select>





</mapper>

