﻿{
	"name": "DEXT5Editor",
	"version": "2018.12.18",
	"description": "DEXT5Editor Plugin for nexacro platform 17",
	"license": "Commercial license",
	"scripts": [
		"dext5editor/js/dext5editor.js",
		"dext5editor/plugin/nexacro/17/dext5editor.nexacro17.js"
	],
	"objInfo": [
		"dext5editor/plugin/nexacro/17/metainfo/dext5editor.nexacro.enum.info",
		"dext5editor/plugin/nexacro/17/metainfo/dext5editor.nexacro.meta.info",
		"dext5editor/plugin/nexacro/17/metainfo/dext5editor.nexacro.event.info"
	],
	"designscripts": [
		"dext5editor/plugin/nexacro/17/design/dext5editor.nexacro.design.js"
	]
}