<?xml version="1.0" encoding="UTF-8"?>
<!DOCTYPE mapper PUBLIC "-//mybatis.org//DTD Mapper 3.0//EN" "http://mybatis.org/dtd/mybatis-3-mapper.dtd">


<mapper namespace="com.oms.common.dao.AttcFileDAO">


    <!--
            첨부파일 초기 저장, 키값리턴 -> 완료후 업데이트
     -->
     <insert id="insertAttcFile" parameterType="attcFileReqDTO" useGeneratedKeys="true" keyProperty="attcSn">
        INSERT INTO tb_attc_mgmt (
            FILE_RE_NM,
            FILE_PATH
        ) VALUES
            (
                #{fileReNm},
                #{filePath}
            )

    </insert>

     <!--
            첨부파일  업데이트
     -->

    <update id="updateAttcFile" parameterType="java.util.List">
        <foreach collection="list" item="item" index="index" separator=";">
            UPDATE tb_attc_mgmt SET
               ATTC_GBN = #{item.attcGbn},
               BLC_SN = #{item.blcSn},
               GBN_SN = #{item.gbnSn},
               FILE_TYPE = #{item.fileType},
               FILE_NM = #{item.fileNm},
               FILE_SIZE = #{item.fileSize},
               PPRR_EENO = #{item.pprrEeno},
               FRAM_DTM = NOW()
            WHERE attc_sn = #{item.attcSn}
        </foreach>
    </update>

    <select id="selectAttcFileList" parameterType="attcFileReqDTO" resultType="attcFileResDTO">
        SELECT
            attc_sn,
            file_nm,
            file_size
        FROM
           tb_attc_mgmt
        WHERE
            blc_sn = #{blcSn}
        AND
            attc_gbn = #{attcGbn}

    </select>

    <select id="selectAttcFilePathList" parameterType="java.util.List" resultType="String">
        SELECT
            file_path
        FROM
           tb_attc_mgmt
        WHERE attc_sn IN (
           <foreach item="item" collection="list" separator=",">
                #{item}
            </foreach>
        )

    </select>

     <delete id="deleteAttcFile" parameterType="attcFileReqDTO">
            DELETE FROM tb_attc_mgmt
            WHERE blc_sn = #{blcSn}
            AND attc_gbn = #{attcGbn}
            AND attc_sn IN (
                SELECT attc_sn
                FROM tb_attc_mgmt
                WHERE blc_sn = #{blcSn}
                AND attc_gbn = #{attcGbn}
                AND attc_sn NOT IN (0,
                <foreach item="item" collection="attcSnOld" separator=",">
                    #{item}
                </foreach>
                )
            )
        </delete>




</mapper>
