<?xml version="1.0" encoding="UTF-8"?>
<!DOCTYPE mapper PUBLIC "-//mybatis.org//DTD Mapper 3.0//EN" "http://mybatis.org/dtd/mybatis-3-mapper.dtd">
<!--
    SQL File Name  : AuthDAO_sql.xml
    Description    : 토큰정보
    author         : 안경수
    since          : 2023.4.20
-->

<mapper namespace="com.oms.sys.dao.UsrTokenDAO">

    <select id="selectUsrToken" parameterType="usrTokenReqDTO" resultType="usrTokenResDTO">
        /* QueryID = selectUsrToken  */

        SELECT
            a.user_eeno,
            a.ip,
            a.access_time,
            a.browser_id,
            a.refresh_token,
            a.refresh_token_valid_time,
            a.refresh_token_dtm,

            TIMESTAMPDIFF(MINUTE, a.access_time, NOW()) accessTimeDiff,

            b.blns_co_cd,
            b.user_dcd,
            b.grp_cd

        FROM tb_usr_token a, tb_usr_mgmt b
        <where>
            <if test="userEeno != null and userEeno != ''">
                AND a.user_eeno = #{userEeno}
            </if>
            <if test="refreshToken != null and refreshToken != ''">
                AND a.refresh_token = #{refreshToken}
            </if>
            AND a.user_eeno = b.user_eeno;
        </where>

    </select>

    <update id="updateUsrToken" parameterType="usrTokenReqDTO">
        /* QueryID = updateUsrToken */

        UPDATE tb_usr_token
        <set>
            <if test="ip != null and ip != ''">
                ip = #{ip},
            </if>
            access_time = NOW(),
            <if test="browserId != null and browserId != ''">
                browser_id = #{browserId},
            </if>
            <if test="refreshToken != null and refreshToken != ''">
                refresh_token = #{refreshToken},
                refresh_token_valid_time = #{refreshTokenValidTime},
                refresh_token_dtm = NOW(),
            </if>
        </set>
        WHERE user_eeno = #{userEeno}

    </update>

    <insert id="insertUsrToken" parameterType="usrTokenReqDTO">
        /* QueryID = insertUsrToken */
        INSERT INTO tb_usr_token (
          user_eeno,
          ip,
          access_time,
          browser_id,
          refresh_token,
          refresh_token_valid_time,
          refresh_token_dtm
        )VALUES
        (
            #{userEeno},
            #{ip},
            NOW(),
            #{browserId},
            #{refreshToken},
            #{refreshTokenValidTime},
            NOW()
        )
        ON DUPLICATE KEY UPDATE
            ip = #{ip},
            access_time = NOW(),
            browser_id = #{browserId},
            refresh_token = #{refreshToken},
            refresh_token_valid_time = #{refreshTokenValidTime},
            refresh_token_dtm = NOW()

    </insert>



</mapper>

