<?xml version="1.0" encoding="UTF-8"?>
<!DOCTYPE mapper PUBLIC "-//mybatis.org//DTD Mapper 3.0//EN" "http://mybatis.org/dtd/mybatis-3-mapper.dtd">
<mapper namespace="com.oms.stm.dao.BoardDAO">
<!--
    SQL File Name  : BoardDAO.xml
    Description    : 설명을 기술합니다.
    author         : 김경훈
    since          : 2023.1.19
-->


      <select id="selectBoardList" parameterType="boardReqDTO" resultType="boardResDTO">

          SELECT   A.SCRN_SN as scrnSn
                   , A.AFFR_SCN_CD as affrScnCd
                   , A.RGN_EENO as rgnEeno
                   , A.BLC_RGST_YMD as blcRgstYmd
                   , A.BLC_TITL_NM as blcTitlNm
                   , A.BLC_SBC as blcSbc
                   , A.N1AFP2_ADR as n1afp2Adr
                   , A.PPRR_EENO as pprrEeno
                   , B.USER_NM as userNm
                   , A.FRAM_DTM as  framDtm
                   , A.UPDR_EENO as updrEeno
                   , A.MDFY_DTM as mdfyDtm
                   , DATE_FORMAT(CAST(A.BUL_STRT_YMD AS DATETIME),'%Y-%m-%d') AS bulStrtYmd
                   , DATE_FORMAT(CAST(A.BUL_FNH_YMD AS DATETIME),'%Y-%m-%d') AS bulFnhYmd
                   , A.BUL_YN as bulYn
                   , (
                      SELECT CASE COUNT(*) WHEN 0 THEN 'N' ELSE 'Y' END
                        FROM TB_ATTC_MGMT
                       WHERE ATTC_GBN = 'B'
                         AND GBN_SN = A.SCRN_SN
                      ) AS attcYn
              FROM   TB_BOARD_MGMT A
                   , TB_USR_MGMT B
             WHERE A.PPRR_EENO = B.USER_EENO

                <if test='saffrScnCd != null  and saffrScnCd !=""'>
                            and A.AFFR_SCN_CD = #{saffrScnCd}
                </if>
                <if test='keyword != null  and keyword !=""'>
                            and A.BLC_TITL_NM LIKE CONCAT('%', #{keyword}, '%')
                </if>
                <if test='sdate != null  and edate !=""'>
                             and A.BLC_RGST_YMD<![CDATA[>=]]>REPLACE(#{sdate}, '-', '')
                </if>
                 <if test='edate != null  and edate !=""'>
                            and A.BLC_RGST_YMD<![CDATA[<=]]>REPLACE(#{edate}, '-', '')
                </if>

             ORDER BY A.SCRN_SN DESC

    </select>

     <select id="selectBoardGrpList" parameterType="boardReqDTO" resultType="boardResDTO">

            SELECT   USER_EENO as userEeno
                   , USER_NM as modalUserNm
                   , GRP_CD as grpCd
              FROM TB_USR_MGMT
             WHERE USE_GBN = 'G'
             ORDER BY GRP_CD


    </select>


     <select id="selectBoardNo" parameterType="boardReqDTO" resultType="boardResDTO">
    /* aes.stm.board.BoardDAO.selectBoardNo
    시퀀스 체크*/
        <![CDATA[
            SELECT NEXTVAL(TB_BOARD_MGMT_SQ)
              FROM DUAL
        ]]>

    </select>
<insert id="insertBoard" parameterType="boardReqDTO">
    <selectKey resultType="string" keyProperty="gbnSn" order="AFTER">
        SELECT max(BLC_SN) as gbnSn FROM TB_BOARD_MGMT
    </selectKey>

            INSERT INTO TB_BOARD_MGMT
                   (

                    AFFR_SCN_CD,
                    RGN_EENO,
                    BLC_RGST_YMD,
                    BLC_TITL_NM,
                    BLC_SBC,
                    ATTC_YN,
                    N1AFP2_ADR,
                    BUL_STRT_YMD,
                    BUL_FNH_YMD,
                    BUL_YN,
                    PPRR_EENO,
                    FRAM_DTM,
                    UPDR_EENO,
                    MDFY_DTM
                   )
                   VALUES
                   (

                    #{affrScnCd},
                    #{rgnEeno},
                    DATE_FORMAT(SYSDATE(),'%Y%m%d'),
                    #{blcTitlNm},
                    #{blcSbc},
                    IFNULL(#{attcYn},'N'),
                    #{n1afp2Adr},
                   REPLACE(#{bulStrtYmd},'-',''),
                    REPLACE(#{bulFnhYmd},'-',''),
                    IFNULL(#{bulYn},'N'),
                     #{pprrEeno},
                    NOW(),
                    #{userId},
                    NOW()
                   )

    </insert>
        <insert id="insertRcvrMgmt" parameterType="boardReqDTO">
           /* ProgramID=aes.stm.board.BoardDAO.insertRcvrMgmt */
        <![CDATA[
            INSERT INTO TB_RCVR_MGMT
                   (
                   RCVR_GBN,
                    GBN_SN,
                    RCVR_EENO,
                    SORT_SN,
                    POP_CK_DTM,
                    PPRR_EENO,
                    FRAM_DTM,
                    UPDR_EENO,
                    MDFY_DTM
                   )
                   VALUES
                   (
                   '01',
                   #{gbnSn},
                   #{rcvrEeno},
                   #{sortSn},
                   #{popCkDtm},
                   #{pprrEeno},
                   #{framDtm},
                   #{updrEeno},
                   #{mdfyDtm}
                   )
        ]]>
    </insert>
    <update id="updateBoard" parameterType="boardReqDTO">
           /* ProgramID=aes.stm.board.BoardDAO.updateBoard */
        <![CDATA[
            UPDATE TB_BOARD_MGMT
               SET AFFR_SCN_CD = #{affrScnCd},
                   RGN_EENO = #{rgnEeno},
                   PPRR_EENO = #{pprrEeno},
                   BLC_TITL_NM = #{blcTitlNm},
                   BLC_SBC = #{blcSbc},
                   ATTC_YN = #{attcYn},
                   N1AFP2_ADR = #{n1afp2Adr},
                   UPDR_EENO = #{updrEeno},
                   MDFY_DTM = SYSDATE(),
                   BUL_STRT_YMD = REPLACE(#{bulStrtYmd},'-',''),
                   BUL_FNH_YMD = REPLACE(#{bulFnhYmd},'-',''),
                   BUL_YN = #{bulYn}
             WHERE SCRN_SN = #{scrnSn}
        ]]>
    </update>
    <delete id="deleteBoard" parameterType="boardReqDTO">
           /* ProgramID=aes.stm.board.BoardDAO.deleteBoard */
        <![CDATA[
            DELETE FROM TB_BOARD_MGMT
             WHERE SCRN_SN = #{scrnSn}
        ]]>
    </delete>


</mapper>

