<?xml version="1.0" encoding="UTF-8"?>
<!DOCTYPE mapper PUBLIC "-//mybatis.org//DTD Mapper 3.0//EN" "http://mybatis.org/dtd/mybatis-3-mapper.dtd">

<!--
    SQL File Name  : biz_NatlMgmtDAO.xml
    Description    : 설명을 기술합니다.
    author         : 안경수
    since          : 2023.1.19
-->

<mapper namespace="com.oms.stm.dao.NatlMgmtDAO">

    <select id="selectNatlMgmtList" parameterType="natlMgmtReqDTO"  resultType="natlMgmtResDTO">
         /* QueryID=selectNatlMgmtList */
        <![CDATA[
            SELECT
                   dl_expd_co_cd    AS dlExpdCoCd,
                   dl_expd_nat_cd   AS dlExpdNatCd,
                   dl_expd_regn_cd  AS dlExpdRegnCd,
                   nat_nm           AS natNm,
                   dytm_pln_nat_cd  AS dytmPlnNatCd,
                   prdn_mst_nat_cd  AS prdnMstNatCd,
                   pprr_eeno        AS pprrEeno,
                   fram_dtm         AS framDtm,
                   updr_eeno        AS updrEeno,
                   mdfy_dtm         AS mdfyDtm
              FROM tb_natl_mgmt A
              LEFT OUTER JOIN tb_code_mgmt B
              ON '0008' = B.DL_EXPD_G_CD AND A.DL_EXPD_REGN_CD = B.DL_EXPD_PRVS_CD
              WHERE A.DL_EXPD_CO_CD = #{dlExpdCoCd}
         ]]>
          <if test="searchKey != null and searchKey != ''">
            AND (
                A.DL_EXPD_NAT_CD LIKE CONCAT(#{searchKey},'%') OR
                A.NAT_NM LIKE CONCAT(#{searchKey},'%')
            )
          </if>
          <trim prefix="ORDER BY">
            <if test="orderBy != null and orderBy != ''">
                 ${orderBy}
            </if>
          </trim>

    </select>


    <select id="selectNatlMgmt" parameterType="natlMgmtReqDTO"  resultType="natlMgmtResDTO">
            /* QueryID=selectNatlMgmt */
        <![CDATA[
            SELECT   DL_EXPD_NAT_CD     AS dlExpdnatCd
                   , NAT_NM             AS natNm
                   , DL_EXPD_REGN_CD    AS dlExpdRegnCd
                   , PPRR_EENO          AS pprrEeno
                   , FRAM_DTM           AS framDtm
                   , UPDR_EENO          AS updrDtm
                   , MDFY_DTM           AS mdfyDtm
                   , DYTM_PLN_NAT_CD    AS dytmPlnNatCd
                   , PRDN_MST_NAT_CD    AS prdnMstNatCd
              FROM TB_NATL_MGMT
             WHERE DL_EXPD_CO_CD = #{dlExpdCoCd}
               AND DL_EXPD_NAT_CD = #{dlExpdNatCd}
        ]]>
    </select>

    <insert id="insertNatlMgmt" parameterType="natlMgmtReqDTO">
            /* QueryID=insertNatlMgmt */
        <![CDATA[
             INSERT INTO TB_NATL_MGMT
                  (
                     DL_EXPD_CO_CD
                   , DL_EXPD_NAT_CD
                   , NAT_NM
                   , DL_EXPD_REGN_CD
                   , PPRR_EENO
                   , FRAM_DTM
                  )
            VALUES
                  (
                     #{dlExpdCoCd}
                   , #{dlExpdNatCd}
                   , #{natNm}
                   , #{dlExpdRegnCd}
                   , #{pprrEeno}
                   , SYSDATE()
                  )
        ]]>
    </insert>

    <update id="updateNatlMgmt" parameterType="natlMgmtReqDTO">
           /* QueryID=updateNatlMgmt */
        <![CDATA[
            UPDATE TB_NATL_VEHL_MGMT
               SET   DL_EXPD_REGN_CD = #{dlExpdRegnCd}
                   , UPDR_EENO       = #{updrEeno}
                   , MDFY_DTM        = SYSDATE()
             WHERE DL_EXPD_CO_CD  = #{dlExpdCoCd}
               AND DL_EXPD_NAT_CD = #{dlExpdNatCd}
               AND QLTY_VEHL_CD = #{qltyVehlCd}
        ]]>
    </update>

     <delete id="deleteNatlMgmt" parameterType="natlMgmtReqDTO">
        /* QueryID=deleteNatlMgmt */
        <![CDATA[
             DELETE FROM TB_NATL_VEHL_MGMT
              WHERE DL_EXPD_CO_CD = #{dlExpdCoCd}
              AND DL_EXPD_NAT_CD = #{dlExpdNatCd}
        ]]>
    </delete>





</mapper>

