<?xml version="1.0" encoding="UTF-8"?>
<!DOCTYPE mapper PUBLIC "-//mybatis.org//DTD Mapper 3.0//EN" "http://mybatis.org/dtd/mybatis-3-mapper.dtd">

<!--
    SQL File Name  : biz_NatlMgmtDAO.xml
    Description    : 설명을 기술합니다.
    author         : 안경수
    since          : 2023.1.19
-->

<mapper namespace="com.oms.stm.dao.NatlMgmtDAO">

      <!--
        Query Name  : aes.stm.lang.LangDAO.selectNatlCdMstList
        Description :
    -->
    <select id="selectNatlCdMstList" parameterType="stmComReqDTO" resultType="natlMgmtResDTO">
        /* aes.stm.lang.LangDAO.selectNatlCdMstList */
        <![CDATA[
            SELECT   A.DL_EXPD_NAT_CD
                   , A.NAT_NM
                   , A.DL_EXPD_REGN_CD
                   , B.DL_EXPD_PRVS_NM
              FROM   TB_NATL_MGMT A
                     LEFT OUTER JOIN
                     TB_CODE_MGMT B
                     ON '0008' = B.DL_EXPD_G_CD
                        AND A.DL_EXPD_REGN_CD = B.DL_EXPD_PRVS_CD
             WHERE A.DL_EXPD_CO_CD = '01'
        ]]>


<!-- <isNotEmpty prepend="AND" property="searchKey"> -->
<!--                   (   A.DL_EXPD_NAT_CD LIKE  CONCAT(#{searchKey},'%') -->
<!--                    OR A.NAT_NM LIKE  CONCAT(#{searchKey},'%') ) -->
<!-- </isNotEmpty> -->

    </select>

    <insert id="insertNatlCdMst" parameterType="natlMgmtReqDTO" >
            /* ProgramID=aes.stm.lang.LangDAO.insertNatlCdMst */
        <![CDATA[
             INSERT INTO TB_NATL_MGMT
                  (
                     DL_EXPD_CO_CD
                   , DL_EXPD_NAT_CD
                   , NAT_NM
                   , DL_EXPD_REGN_CD
                   , PPRR_EENO
                   , FRAM_DTM
                  )
            VALUES
                  (
                     '01'
                   , #{dlExpdNatCd}
                   , #{natNm}
                   , #{dlExpdRegnCd}
                   , #{pprrEeno}
                   , SYSDATE()
                  )
        ]]>
    </insert>
  <!--
        Query Name  : aes.stm.lang.LangDAO.updateNatlCdMst
        Description :
    -->
    <update id="updateNatlCdMst"  parameterType="natlMgmtReqDTO">
           /* ProgramID=aes.stm.lang.LangDAO.updateNatlCdMst */
        <![CDATA[
            UPDATE TB_NATL_MGMT
               SET   DL_EXPD_REGN_CD = #{dlExpdRegnCd}
                   , NAT_NM          = #{natNm}
                   , UPDR_EENO       = #{updrEeno}
                   , MDFY_DTM        = SYSDATE()
             WHERE DL_EXPD_CO_CD  = '01'
               AND DL_EXPD_NAT_CD = #{dlExpdNatCd}
        ]]>
    </update>

  <delete id="deleteNatlCdMst" parameterType="natlMgmtReqDTO">
        /* ProgramID=aes.stm.lang.LangDAO.deleteNatlCdMst */
        <![CDATA[
             DELETE FROM TB_NATL_MGMT
              WHERE DL_EXPD_NAT_CD = #{dlExpdNatCd}
        ]]>
    </delete>
    <!--
        Query Name  : aes.stm.lang.LangDAO.deleteLangCdList
        Description : 신규 등록을 위한 언어코드 리스트 삭제.

    -->
<delete id="deleteLangCdList" parameterType="natlMgmtReqDTO">
        /* ProgramID=aes.stm.lang.LangDAO.deleteLangCdList */
        <![CDATA[
             DELETE FROM TB_LANG_MGMT

              WHERE QLTY_VEHL_CD    = #{qltyVehlCd}
                AND MDL_MDY_CD      = #{mdlMdyCd}
        ]]>
    <if test  = 'dlExpdRegnCd != null and dlExpdRenCd != "" ' >
             AND DL_EXPD_REGN_CD = #{dlExpdRegnCd}
    </if>
</delete>



   <update id="updateNatlVehlMgmt" parameterType="natlMgmtReqDTO">
           /* ProgramID=aes.stm.lang.LangDAO.updateNatlVehlMgmt */
        <![CDATA[
            UPDATE TB_NATL_VEHL_MGMT
               SET   DL_EXPD_REGN_CD = #{dlExpdRegnCd}
                   , UPDR_EENO       = #{updrEeno}
                   , MDFY_DTM        = SYSDATE()
             WHERE DL_EXPD_CO_CD  = '01'
               AND DL_EXPD_NAT_CD = #{dlExpdNatCd}
               AND QLTY_VEHL_CD = #{qltyVehlCd}
        ]]>
    </update>


</mapper>

