﻿<?xml version="1.0" encoding="utf-8" ?>
<!-- This section contains the log4net configuration settings -->
<log4net>

  <appender name="RollingFile" type="log4net.Appender.RollingFileAppender">
    <file value="D:\\log\\application.log" />
    <appendToFile value="true" />
    <datePattern value=".yyyy-MM-dd" />
    <rollingStyle value="Date" />
    <layout type="log4net.Layout.PatternLayout">
      <conversionPattern value="%d{yyyy-MM-dd HH:mm:ss.ms} %-5p %c (%L) - %m%n" />
    </layout>
  </appender>

  <root>
    <level value="INFO" />
    <appender-ref ref="RollingFile" />
  </root>

  <!-- # DEXT5 Upload Log -->

  <appender name="DEXT5UploadRollingFile" type="log4net.Appender.RollingFileAppender">
    <file value="D:\\log\\dext5upload.log" />
    <appendToFile value="true" />
    <datePattern value=".yyyy-MM-dd" />
    <rollingStyle value="Date" />
    <layout type="log4net.Layout.PatternLayout">
      <conversionPattern value="%d{yyyy-MM-dd HH:mm:ss.ms} %-5p %c (%L) - %m%n" />
    </layout>
  </appender>

  <logger name="Raonwiz.Dext5.Common.LogUtil" additivity="false">
    <level value="INFO"/>
    <appender-ref ref="DEXT5UploadRollingFile" />
  </logger>

</log4net>