-- --------------------------------------------------------
-- 호스트:                          10.5.189.207
-- 서버 버전:                        10.6.11-MariaDB-log - MariaDB Server
-- 서버 OS:                        linux-systemd
-- HeidiSQL 버전:                  11.3.0.6295
-- --------------------------------------------------------

/*!40101 SET @OLD_CHARACTER_SET_CLIENT=@@CHARACTER_SET_CLIENT */;
/*!40101 SET NAMES utf8 */;
/*!50503 SET NAMES utf8mb4 */;
/*!40014 SET @OLD_FOREIGN_KEY_CHECKS=@@FOREIGN_KEY_CHECKS, FOREIGN_KEY_CHECKS=0 */;
/*!40101 SET @OLD_SQL_MODE=@@SQL_MODE, SQL_MODE='NO_AUTO_VALUE_ON_ZERO' */;
/*!40111 SET @OLD_SQL_NOTES=@@SQL_NOTES, SQL_NOTES=0 */;


-- hkomms 데이터베이스 구조 내보내기
CREATE DATABASE IF NOT EXISTS `hkomms` /*!40100 DEFAULT CHARACTER SET utf8mb3 COLLATE utf8mb3_general_ci */;
USE `hkomms`;

-- 테이블 hkomms.tb_api_auth 구조 내보내기
CREATE TABLE IF NOT EXISTS `tb_api_auth` (
  `grp_cd` varchar(3) NOT NULL COMMENT '권한그룹 코드 (tb_user_grp_mgmt)',
  `api_url` varchar(100) NOT NULL COMMENT 'API URL (tb_api_mgmt)',
  `pprr_eeno` varchar(20) NOT NULL,
  `fram_dtm` datetime NOT NULL,
  PRIMARY KEY (`grp_cd`,`api_url`)
) ENGINE=InnoDB DEFAULT CHARSET=utf8mb3 COLLATE=utf8mb3_general_ci COMMENT='API 권한';

-- 테이블 데이터 hkomms.tb_api_auth:~2 rows (대략적) 내보내기
/*!40000 ALTER TABLE `tb_api_auth` DISABLE KEYS */;
INSERT INTO `tb_api_auth` (`grp_cd`, `api_url`, `pprr_eeno`, `fram_dtm`) VALUES
	('100', '/ivm2WeekPlan', 'H2212239', '2023-05-26 12:54:40'),
	('100', '/ivm3DayPlan', 'H2212239', '2023-05-26 12:54:40');
/*!40000 ALTER TABLE `tb_api_auth` ENABLE KEYS */;

-- 테이블 hkomms.tb_api_mgmt 구조 내보내기
CREATE TABLE IF NOT EXISTS `tb_api_mgmt` (
  `api_url` varchar(100) NOT NULL COMMENT 'API URL',
  `api_nm` varchar(45) NOT NULL COMMENT 'API 이름',
  `method` varchar(5) NOT NULL COMMENT 'SELECT, INSERT , DELETE, UPDATE',
  `menu_id` varchar(10) DEFAULT NULL COMMENT '메뉴 아이디',
  `pprr_eeno` varchar(20) NOT NULL,
  `fram_dtm` datetime NOT NULL,
  `updr_eeno` varchar(20) DEFAULT NULL,
  `mdfy_dtm` datetime DEFAULT NULL,
  PRIMARY KEY (`api_url`)
) ENGINE=InnoDB DEFAULT CHARSET=utf8mb3 COLLATE=utf8mb3_general_ci COMMENT='API URL 관리용';

-- 테이블 데이터 hkomms.tb_api_mgmt:~40 rows (대략적) 내보내기
/*!40000 ALTER TABLE `tb_api_mgmt` DISABLE KEYS */;
INSERT INTO `tb_api_mgmt` (`api_url`, `api_nm`, `method`, `menu_id`, `pprr_eeno`, `fram_dtm`, `updr_eeno`, `mdfy_dtm`) VALUES
	('/changePgmMgmtUseYn', '메뉴 사용여부 변경', 'POST', '0023', 'H2212239', '2023-05-25 13:35:28', NULL, NULL),
	('/changeToken', '토큰교체', 'POST', '9999', 'H2212239', '2023-05-25 15:08:47', NULL, NULL),
	('/changeUserUseYn', '사용자 사용여부', 'POST', '0022', 'H2212239', '2023-05-25 13:24:16', NULL, NULL),
	('/codeCombo', '코드 목록조회용', 'GET', '9999', 'H2212239', '2023-05-25 15:07:42', NULL, NULL),
	('/grpCombo', '권한그룹 목록조회용', 'GET', '9999', 'H2212239', '2023-05-25 15:08:16', NULL, NULL),
	('/initUserPw', '비밀번호 초기화', 'POST', '0022', 'H2212239', '2023-05-25 13:38:37', NULL, NULL),
	('/ivm2WeekPlan', '2주 생산계획', 'GET', '0002', 'H2212239', '2023-05-25 15:10:57', NULL, NULL),
	('/ivm3DayPlan', '단기계획(3일)', 'GET', '0002', 'H2212239', '2023-05-25 15:14:42', NULL, NULL),
	('/ivmIvModInfos', '세원재고보정', 'POST', '0003', 'H2212239', '2023-05-25 15:21:51', NULL, NULL),
	('/ivmMonthOrdPrdInfos', '월간오더/생산정보', 'GET', '0002', 'H2212239', '2023-05-25 15:19:27', NULL, NULL),
	('/ivmNatlProdPlanInfos', '국가별생산정보', 'GET', '0002', 'H2212239', '2023-05-25 15:19:53', NULL, NULL),
	('/ivmOrderRequestInfos', '요청현황', 'GET', '0002', 'H2212239', '2023-05-25 15:20:32', NULL, NULL),
	('/ivmPdiIvInfos', 'PDI재고관리', 'GET', '0004', 'H2212239', '2023-05-25 15:23:22', NULL, NULL),
	('/ivmPdiOrYongsanIvs', 'PDI/용산재고', 'GET', '0002', 'H2212239', '2023-05-25 15:18:47', NULL, NULL),
	('/ivmPdiPrndMonitorInfo', '생산라인모니터링', 'GET', '0004', 'H2212239', '2023-05-25 15:23:46', NULL, NULL),
	('/ivmPdiWhsnInfo', '입고확인', 'GET', '0004', 'H2212239', '2023-05-25 15:24:07', NULL, NULL),
	('/ivmSeparatelyRequest', '별도요청 저장', 'POST', '0002', 'H2212239', '2023-05-25 15:10:30', NULL, NULL),
	('/ivmSewonIvmInfos', '세원재고관리', 'GET', '0003', 'H2212239', '2023-05-25 15:20:51', NULL, NULL),
	('/ivmSewonRequestInfos', '요청현황', 'GET', '0003', 'H2212239', '2023-05-25 15:22:28', NULL, NULL),
	('/ivmSewonWhotInfos', '출고현황입력 팝업', 'POST', '0003', 'H2212239', '2023-05-25 15:21:30', NULL, NULL),
	('/ivmSewonWhotInfos2', '출고현황', 'GET', '0003', 'H2212239', '2023-05-25 15:22:50', NULL, NULL),
	('/ivmThisMonTrwis', '당월투입(누적)', 'GET', '0002', 'H2212239', '2023-05-25 15:17:25', NULL, NULL),
	('/ivmTotIvInfos', '총재고관리 조회', 'GET', '0002', 'H2212239', '2023-05-24 09:45:36', NULL, NULL),
	('/ivmVehlIvInfos', '차종별재고분석', 'GET', '0002', 'H2212239', '2023-05-25 15:20:13', NULL, NULL),
	('/langCombo', '언어코드 목록조회용', 'GET', '9999', 'H2212239', '2023-05-25 15:06:26', NULL, NULL),
	('/mdyCombo', 'MDY코드 목록조회용', 'GET', '9999', 'H2212239', '2023-05-25 15:02:34', NULL, NULL),
	('/pdiCombo', 'PDI 목록조회용', 'GET', '9999', 'H2212239', '2023-05-25 13:52:35', 'H2212239', '2023-05-25 15:02:04'),
	('/pgmMgmts', '메뉴 목록조회용', 'GET', '9999', 'H2212239', '2023-05-25 15:09:13', NULL, NULL),
	('/pgmMgmtsAll', '메뉴관리용 목록조회', 'GET', '0023', 'H2212239', '2023-05-25 13:34:36', NULL, NULL),
	('/printOrderInfos', 'O/M발주 목록', 'GET', '0009', 'H2212239', '2023-05-25 15:24:53', NULL, NULL),
	('/printState', '발간현황 상세 / 저장', 'POST', '0011', 'H2212239', '2023-05-25 15:25:42', NULL, NULL),
	('/printStates', '발간현황 목록', 'GET', '0011', 'H2212239', '2023-05-25 15:25:19', NULL, NULL),
	('/regionCombo', '지역코드 목록조회용', 'GET', '9999', 'H2212239', '2023-05-25 15:05:54', NULL, NULL),
	('/sewonIvm', '세원재고관리 조회', 'GET', '0003', 'H2212239', '2023-05-24 09:47:10', NULL, NULL),
	('/subCdCombo', '재고상태 목록조회용', 'GET', '9999', 'H2212239', '2023-05-25 15:06:59', 'H2212239', '2023-05-25 15:07:12'),
	('/usrGrpMgmts', '사용자 권한그룹 목록조회', 'GET', '0022', 'H2212239', '2023-05-25 13:26:43', NULL, NULL),
	('/usrmgmt', '사용자 등록, 수정, 삭제, 조회', 'POST', '0022', 'H2212239', '2023-05-25 13:22:37', 'H2212239', '2023-05-25 13:31:54'),
	('/usrmgmts', '사용자정보 조회', 'GET', '0022', 'H2212239', '2023-05-24 09:47:10', NULL, NULL),
	('/vehlCombo', '차량코드 목록조회용', 'GET', '9999', 'H2212239', '2023-05-25 15:01:22', 'H2212239', '2023-05-25 15:02:10'),
	('ivmSewonIvs', '재고현황-세원보유재고', 'GET', '0002', 'H2212239', '2023-05-25 15:17:47', NULL, NULL);
/*!40000 ALTER TABLE `tb_api_mgmt` ENABLE KEYS */;

-- 테이블 hkomms.tb_board_affr_mgmt 구조 내보내기
CREATE TABLE IF NOT EXISTS `tb_board_affr_mgmt` (
  `BLC_SN` int(14) NOT NULL COMMENT '업무게시물번호',
  `BLC_SCN_CD` varchar(2) NOT NULL COMMENT '게시물구분코드(0039)',
  `RGN_EENO` varchar(20) NOT NULL COMMENT '등록자사원번호',
  `BLC_RGST_YMD` varchar(8) NOT NULL COMMENT '게시물등록년월일',
  `BEFMY_TRWI_YN` char(1) DEFAULT NULL COMMENT '전MY투입가능여부',
  `BB_YN` char(1) DEFAULT NULL COMMENT '책등여부',
  `BB_VAL` varchar(30) DEFAULT NULL COMMENT '책등값',
  `DTRWI_RQ_YMD` varchar(8) DEFAULT NULL COMMENT '분리투입요청일',
  `DTRWI_YN` char(1) DEFAULT NULL COMMENT '분리투입여부',
  `DTRWI_MIDCSN_YN` char(1) DEFAULT NULL COMMENT '분리투입미확정여부',
  `ALTR_TRWI_YN` char(1) DEFAULT NULL COMMENT '교체투입여부',
  `NMTRWI_RQ_YMD` varchar(8) DEFAULT NULL COMMENT '신규매뉴얼투입요청일',
  `NMTRWI_MIDCSN_YN` char(1) DEFAULT NULL COMMENT '신규매뉴얼투입미확정여부',
  `BLC_TITL_NM` varchar(100) NOT NULL COMMENT '게시물제목명',
  `BLC_SBC` longtext NOT NULL COMMENT '게시물내용',
  `ATTC_YN` char(1) NOT NULL COMMENT '첨부여부',
  `REPLY_YN` char(1) NOT NULL COMMENT '댓글여부',
  `DEL_YN` char(1) NOT NULL COMMENT '삭제여부',
  `PPRR_EENO` varchar(20) NOT NULL COMMENT '작성자사원번호',
  `FRAM_DTM` datetime NOT NULL COMMENT '작성일시',
  `UPDR_EENO` varchar(20) DEFAULT NULL COMMENT '수정자사원번호',
  `MDFY_DTM` datetime DEFAULT NULL COMMENT '수정일시',
  `EML_CD` int(14) DEFAULT NULL COMMENT '이메일 코드(리턴값)',
  PRIMARY KEY (`BLC_SN`),
  UNIQUE KEY `tb_affr_board_mast_PK` (`BLC_SN`)
) ENGINE=InnoDB DEFAULT CHARSET=utf8mb3 COLLATE=utf8mb3_general_ci COMMENT='업무게시판관리';

-- 테이블 데이터 hkomms.tb_board_affr_mgmt:~0 rows (대략적) 내보내기
/*!40000 ALTER TABLE `tb_board_affr_mgmt` DISABLE KEYS */;
/*!40000 ALTER TABLE `tb_board_affr_mgmt` ENABLE KEYS */;

-- 테이블 hkomms.tb_log_eml 구조 내보내기
CREATE TABLE IF NOT EXISTS `tb_log_eml` (
  `EML_CD` int(14) NOT NULL AUTO_INCREMENT COMMENT '이메일순번',
  `EML_SCD_CD` varchar(4) NOT NULL COMMENT '이메일구분코드(0042)',
  `EML_ID` varchar(20) NOT NULL COMMENT '사용자ID',
  `SNDR_ID` varchar(20) NOT NULL COMMENT '발신자ID',
  `EML_TITL` varchar(200) NOT NULL COMMENT '제목',
  `EML_SBC` longtext NOT NULL COMMENT '발신내용',
  `FS_SND_DATE` datetime NOT NULL COMMENT '최초발송일시',
  PRIMARY KEY (`EML_CD`),
  UNIQUE KEY `PK_TB_LOG_EML` (`EML_CD`)
) ENGINE=InnoDB AUTO_INCREMENT=22 DEFAULT CHARSET=utf8mb3 COLLATE=utf8mb3_general_ci COMMENT='이메일로그';

-- 테이블 데이터 hkomms.tb_log_eml:~8 rows (대략적) 내보내기
/*!40000 ALTER TABLE `tb_log_eml` DISABLE KEYS */;
INSERT INTO `tb_log_eml` (`EML_CD`, `EML_SCD_CD`, `EML_ID`, `SNDR_ID`, `EML_TITL`, `EML_SBC`, `FS_SND_DATE`) VALUES
	(2, '실패', 'H2212239', 'H2212239', 'subject 01', '&lt;h1&gt; 임시비밀번호: S2Y22PVw2wq22 &lt;/h1&gt;', '2023-05-17 16:00:15'),
	(3, '실패', 'H2212239', 'H2212239', 'subject 01', '&lt;h1&gt;임시패스워드&lt;/h1&gt;\r\n임시비밀번호: {password}', '2023-05-17 16:31:31'),
	(4, '실패', 'H2212239', 'H2212239', 'subject 01', '&lt;h1&gt;임시패스워드&lt;/h1&gt;&lt;br /&gt;임시비밀번호: S2c2BP2VYw222', '2023-05-17 16:32:02'),
	(5, '02', 'BATCH', 'BATCH', '오너스매뉴얼 SP_BATCH_WORK_HMC_PM 배치 작업 에러가 발생되었습니다.', '<HTML><BODY>배치 에러 정보는 다음과 같습니다.<br>배치명칭: SP_BATCH_WORK_HMC_PM<br>에러내용: 오류<br>시간    : 2023-05-24 07:31:57<br></BODY></HTML>', '2023-05-24 07:31:57'),
	(14, '01', 'BATCH', 'BATCH', '오너스매뉴얼  현대/기아 국가/언어코드 미지정 국가 내역 확인 바랍니다.', '<HTML><BODY>현대/기아 국가/언어코드 미지정 국가 내역입니다.<br>확인 후 조치 바랍니다.<br><br>국가/언어 미지정 리스트<br>&nbsp;&nbsp;D12VE <br>&nbsp;&nbsp;D29VD <br>&nbsp;&nbsp;E28VB <br>&nbsp;&nbsp;E40VB <br>&nbsp;&nbsp;E51VC <br></BODY></HTML>', '2023-05-24 08:44:34'),
	(15, '01', 'BATCH', 'BATCH', '오너스매뉴얼  현대/기아 국가/언어코드 미지정 국가 내역 확인 바랍니다.', '<HTML><BODY>현대/기아 국가/언어코드 미지정 국가 내역입니다.<br>확인 후 조치 바랍니다.<br><br>국가/언어 미지정 리스트<br>&nbsp;&nbsp;D12VE <br>&nbsp;&nbsp;D29VD <br>&nbsp;&nbsp;E28VB <br>&nbsp;&nbsp;E40VB <br>&nbsp;&nbsp;E51VC <br></BODY></HTML>', '2023-05-24 08:52:40'),
	(20, '03', 'BATCH', 'BATCH', '오너스매뉴얼관리시스템 - 인쇄(긴급) 매뉴얼 리스트(현대)', '<HTML><HEAD></HEAD><BODY style="font-family: Malgun, Gulim; font-size:13px;"><TABLE border=1 style="border-collapse:collapse;text-align:center;"><THEAD><TR style="background:#f6f6f6;"><TH>순번</TH><TH>차종 </TH><TH>언어</TH><TH>예상재고<BR/>(2주)</TH><TH>인쇄</TH></TR></THEAD><TBODY><TR><TD>1</TD><TD style="text-align:left;"> </TD><TD style="text-align:left;">(KO)한글/국내</TD><TD>-1642</TD><TD>긴급</TD></TR><TR><TD>2</TD><TD style="text-align:left;"> </TD><TD style="text-align:left;">(BU)불가리아어/유럽</TD><TD>-1</TD><TD>긴급</TD></TR><TR><TD>3</TD><TD style="text-align:left;"> </TD><TD style="text-align:left;">(EE)영어/유럽,일반</TD><TD>-63</TD><TD>긴급</TD></TR><TR><TD>4</TD><TD style="text-align:left;"> </TD><TD style="text-align:left;">(EU)영어/미국</TD><TD>-931</TD><TD>긴급</TD></TR><TR><TD>5</TD><TD style="text-align:left;"> </TD><TD style="text-align:left;">(FE)불어/유럽,일반</TD><TD>-60</TD><TD>긴급</TD></TR><TR><TD>6</TD><TD style="text-align:left;"> </TD><TD style="text-align:left;">(GE)독어/유럽</TD><TD>-495</TD><TD>긴급</TD></TR><TR><TD>7</TD><TD style="text-align:left;"> </TD><TD style="text-align:left;">(HO)네덜란드어/유럽</TD><TD>-34</TD><TD>긴급</TD></TR><TR><TD>8</TD><TD style="text-align:left;"> </TD><TD style="text-align:left;">(IT)이태리어/유럽</TD><TD>-45</TD><TD>긴급</TD></TR><TR><TD>9</TD><TD style="text-align:left;"> </TD><TD style="text-align:left;">(KO)한글/국내</TD><TD>-495</TD><TD>긴급</TD></TR><TR><TD>10</TD><TD style="text-align:left;"> </TD><TD style="text-align:left;">(SE)스페인어/유럽,일반</TD><TD>-8</TD><TD>긴급</TD></TR><TR><TD>11</TD><TD style="text-align:left;"> </TD><TD style="text-align:left;">(UK)영어/영국</TD><TD>-250</TD><TD>긴급</TD></TR><TR><TD>12</TD><TD style="text-align:left;"> </TD><TD style="text-align:left;">(KO)한글/국내</TD><TD>-1929</TD><TD>긴급</TD></TR><TR><TD>13</TD><TD style="text-align:left;"> </TD><TD style="text-align:left;">(AR)영어,아랍어/중동</TD><TD>-1079</TD><TD>긴급</TD></TR><TR><TD>14</TD><TD style="text-align:left;"> </TD><TD style="text-align:left;">(EC)영어/불어,캐나다</TD><TD>-13</TD><TD>긴급</TD></TR><TR><TD>15</TD><TD style="text-align:left;"> </TD><TD style="text-align:left;">(EE)영어/유럽,일반</TD><TD>-43</TD><TD>긴급</TD></TR><TR><TD>16</TD><TD style="text-align:left;"> </TD><TD style="text-align:left;">(EP)영어/푸에르토리코</TD><TD>-54</TD><TD>긴급</TD></TR><TR><TD>17</TD><TD style="text-align:left;"> </TD><TD style="text-align:left;">(EU)영어/미국</TD><TD>-955</TD><TD>긴급</TD></TR><TR><TD>18</TD><TD style="text-align:left;"> </TD><TD style="text-align:left;">(FG)불어/일반</TD><TD>-6</TD><TD>긴급</TD></TR><TR><TD>19</TD><TD style="text-align:left;"> </TD><TD style="text-align:left;">(RU)러시아어/일반</TD><TD>-230</TD><TD>긴급</TD></TR><TR><TD>20</TD><TD style="text-align:left;"> </TD><TD style="text-align:left;">(SG)스페인어/일반</TD><TD>-6</TD><TD>긴급</TD></TR><TR><TD>21</TD><TD style="text-align:left;"> </TD><TD style="text-align:left;">(KO)한글/국내</TD><TD>-269</TD><TD>긴급</TD></TR><TR><TD>22</TD><TD style="text-align:left;"> </TD><TD style="text-align:left;">(EC)영어/불어,캐나다</TD><TD>-1</TD><TD>긴급</TD></TR><TR><TD>23</TD><TD style="text-align:left;"> </TD><TD style="text-align:left;">(EU)영어/미국</TD><TD>-681</TD><TD>긴급</TD></TR><TR><TD>24</TD><TD style="text-align:left;"> </TD><TD style="text-align:left;">(KO)한글/국내</TD><TD>-19</TD><TD>긴급</TD></TR><TR><TD>25</TD><TD style="text-align:left;"> </TD><TD style="text-align:left;">(EA)영어/호주</TD><TD>-3</TD><TD>긴급</TD></TR><TR><TD>26</TD><TD style="text-align:left;"> </TD><TD style="text-align:left;">(EP)영어/푸에르토리코</TD><TD>-9</TD><TD>긴급</TD></TR><TR><TD>27</TD><TD style="text-align:left;"> </TD><TD style="text-align:left;">(AR)영어,아랍어/중동</TD><TD>-3</TD><TD>긴급</TD></TR><TR><TD>28</TD><TD style="text-align:left;"> </TD><TD style="text-align:left;">(EU)영어/미국</TD><TD>-1387</TD><TD>긴급</TD></TR><TR><TD>29</TD><TD style="text-align:left;"> </TD><TD style="text-align:left;">(KO)한글/국내</TD><TD>-618</TD><TD>긴급</TD></TR><TR><TD>30</TD><TD style="text-align:left;"> </TD><TD style="text-align:left;">(EU)영어/미국</TD><TD>-689</TD><TD>긴급</TD></TR><TR><TD>31</TD><TD style="text-align:left;"> </TD><TD style="text-align:left;">(KO)한글/국내</TD><TD>-32</TD><TD>긴급</TD></TR><TR><TD>32</TD><TD style="text-align:left;"> </TD><TD style="text-align:left;">(KO)한글/국내</TD><TD>-352</TD><TD>긴급</TD></TR><TR><TD>33</TD><TD style="text-align:left;"> </TD><TD style="text-align:left;">(AR)영어,아랍어/중동</TD><TD>-198</TD><TD>긴급</TD></TR><TR><TD>34</TD><TD style="text-align:left;"> </TD><TD style="text-align:left;">(KO)한글/국내</TD><TD>-1925</TD><TD>긴급</TD></TR><TR><TD>35</TD><TD style="text-align:left;"> </TD><TD style="text-align:left;">(KO)한글/국내</TD><TD>-1773</TD><TD>긴급</TD></TR><TR><TD>36</TD><TD style="text-align:left;"> </TD><TD style="text-align:left;">(AR)영어,아랍어/중동</TD><TD>-188</TD><TD>긴급</TD></TR><TR><TD>37</TD><TD style="text-align:left;"> </TD><TD style="text-align:left;">(EE)영어/유럽,일반</TD><TD>-22</TD><TD>긴급</TD></TR><TR><TD>38</TD><TD style="text-align:left;"> </TD><TD style="text-align:left;">(KO)한글/국내</TD><TD>-533</TD><TD>긴급</TD></TR><TR><TD>39</TD><TD style="text-align:left;"> </TD><TD style="text-align:left;">(SG)스페인어/일반</TD><TD>-121</TD><TD>긴급</TD></TR><TR><TD>40</TD><TD style="text-align:left;"> </TD><TD style="text-align:left;">(KO)한글/국내</TD><TD>-1606</TD><TD>긴급</TD></TR><TR><TD>41</TD><TD style="text-align:left;"> </TD><TD style="text-align:left;">(KO)한글/국내</TD><TD>-414</TD><TD>긴급</TD></TR><TR><TD>42</TD><TD style="text-align:left;"> </TD><TD style="text-align:left;">(AR)영어,아랍어/중동</TD><TD>-4</TD><TD>긴급</TD></TR><TR><TD>43</TD><TD style="text-align:left;"> </TD><TD style="text-align:left;">(EU)영어/미국</TD><TD>-439</TD><TD>긴급</TD></TR><TR><TD>44</TD><TD style="text-align:left;"> </TD><TD style="text-align:left;">(GE)독어/유럽</TD><TD>-2</TD><TD>긴급</TD></TR><TR><TD>45</TD><TD style="text-align:left;"> </TD><TD style="text-align:left;">(KO)한글/국내</TD><TD>-34</TD><TD>긴급</TD></TR><TR><TD>46</TD><TD style="text-align:left;"> </TD><TD style="text-align:left;">(KO)한글/국내</TD><TD>-504</TD><TD>긴급</TD></TR><TR><TD>47</TD><TD style="text-align:left;"> </TD><TD style="text-align:left;">(AR)영어,아랍어/중동</TD><TD>-2</TD><TD>긴급</TD></TR><TR><TD>48</TD><TD style="text-align:left;"> </TD><TD style="text-align:left;">(CN)중국어/중국</TD><TD>-1</TD><TD>긴급</TD></TR><TR><TD>49</TD><TD style="text-align:left;"> </TD><TD style="text-align:left;">(EA)영어/호주</TD><TD>-4</TD><TD>긴급</TD></TR><TR><TD>50</TD><TD style="text-align:left;"> </TD><TD style="text-align:left;">(EC)영어/불어,캐나다</TD><TD>-9</TD><TD>긴급</TD></TR><TR><TD>51</TD><TD style="text-align:left;"> </TD><TD style="text-align:left;">(EU)영어/미국</TD><TD>-1063</TD><TD>긴급</TD></TR><TR><TD>52</TD><TD style="text-align:left;"> </TD><TD style="text-align:left;">(FG)불어/일반</TD><TD>-5</TD><TD>긴급</TD></TR><TR><TD>53</TD><TD style="text-align:left;"> </TD><TD style="text-align:left;">(GE)독어/유럽</TD><TD>-16</TD><TD>긴급</TD></TR><TR><TD>54</TD><TD style="text-align:left;"> </TD><TD style="text-align:left;">(IT)이태리어/유럽</TD><TD>-5</TD><TD>긴급</TD></TR><TR><TD>55</TD><TD style="text-align:left;"> </TD><TD style="text-align:left;">(FG)불어/일반</TD><TD>-25</TD><TD>긴급</TD></TR><TR><TD>56</TD><TD style="text-align:left;"> </TD><TD style="text-align:left;">(GE)독어/유럽</TD><TD>-45</TD><TD>긴급</TD></TR><TR><TD>57</TD><TD style="text-align:left;"> </TD><TD style="text-align:left;">(IT)이태리어/유럽</TD><TD>-25</TD><TD>긴급</TD></TR><TR><TD>58</TD><TD style="text-align:left;"> </TD><TD style="text-align:left;">(KO)한글/국내</TD><TD>-65</TD><TD>긴급</TD></TR><TR><TD>59</TD><TD style="text-align:left;"> </TD><TD style="text-align:left;">(UK)영어/영국</TD><TD>-9</TD><TD>긴급</TD></TR><TR><TD>60</TD><TD style="text-align:left;"> </TD><TD style="text-align:left;">(KO)한글/국내</TD><TD>-87</TD><TD>긴급</TD></TR><TR><TD>61</TD><TD style="text-align:left;"> </TD><TD style="text-align:left;">(AR)영어,아랍어/중동</TD><TD>-1</TD><TD>긴급</TD></TR><TR><TD>62</TD><TD style="text-align:left;"> </TD><TD style="text-align:left;">(EP)영어/푸에르토리코</TD><TD>-2</TD><TD>긴급</TD></TR><TR><TD>63</TD><TD style="text-align:left;"> </TD><TD style="text-align:left;">(EU)영어/미국</TD><TD>-41</TD><TD>긴급</TD></TR><TR><TD>64</TD><TD style="text-align:left;"> </TD><TD style="text-align:left;">(FE)불어/유럽,일반</TD><TD>-20</TD><TD>긴급</TD></TR><TR><TD>65</TD><TD style="text-align:left;"> </TD><TD style="text-align:left;">(GE)독어/유럽</TD><TD>-56</TD><TD>긴급</TD></TR><TR><TD>66</TD><TD style="text-align:left;"> </TD><TD style="text-align:left;">(IT)이태리어/유럽</TD><TD>-20</TD><TD>긴급</TD></TR><TR><TD>67</TD><TD style="text-align:left;"> </TD><TD style="text-align:left;">(UK)영어/영국</TD><TD>-50</TD><TD>긴급</TD></TR><TR><TD>68</TD><TD style="text-align:left;"> </TD><TD style="text-align:left;">(AR)영어,아랍어/중동</TD><TD>-10</TD><TD>긴급</TD></TR><TR><TD>69</TD><TD style="text-align:left;"> </TD><TD style="text-align:left;">(CN)중국어/중국</TD><TD>-1</TD><TD>긴급</TD></TR><TR><TD>70</TD><TD style="text-align:left;"> </TD><TD style="text-align:left;">(EC)영어/불어,캐나다</TD><TD>-2</TD><TD>긴급</TD></TR><TR><TD>71</TD><TD style="text-align:left;"> </TD><TD style="text-align:left;">(EU)영어/미국</TD><TD>-22</TD><TD>긴급</TD></TR><TR><TD>72</TD><TD style="text-align:left;"> </TD><TD style="text-align:left;">(FG)불어/일반</TD><TD>-3</TD><TD>긴급</TD></TR><TR><TD>73</TD><TD style="text-align:left;"> </TD><TD style="text-align:left;">(GE)독어/유럽</TD><TD>-28</TD><TD>긴급</TD></TR><TR><TD>74</TD><TD style="text-align:left;"> </TD><TD style="text-align:left;">(IT)이태리어/유럽</TD><TD>-3</TD><TD>긴급</TD></TR><TR><TD>75</TD><TD style="text-align:left;"> </TD><TD style="text-align:left;">(RU)러시아어/일반</TD><TD>-6</TD><TD>긴급</TD></TR><TR><TD>76</TD><TD style="text-align:left;"> </TD><TD style="text-align:left;">(UK)영어/영국</TD><TD>-8</TD><TD>긴급</TD></TR><TR><TD>77</TD><TD style="text-align:left;"> </TD><TD style="text-align:left;">(EU)영어/미국</TD><TD>-493</TD><TD>긴급</TD></TR><TR><TD>78</TD><TD style="text-align:left;"> </TD><TD style="text-align:left;">(KO)한글/국내</TD><TD>-202</TD><TD>긴급</TD></TR><TR><TD>79</TD><TD style="text-align:left;"> </TD><TD style="text-align:left;">(AR)영어,아랍어/중동</TD><TD>-12</TD><TD>긴급</TD></TR><TR><TD>80</TD><TD style="text-align:left;"> </TD><TD style="text-align:left;">(EE)영어/유럽,일반</TD><TD>-5</TD><TD>긴급</TD></TR><TR><TD>81</TD><TD style="text-align:left;"> </TD><TD style="text-align:left;">(EU)영어/미국</TD><TD>-1185</TD><TD>긴급</TD></TR><TR><TD>82</TD><TD style="text-align:left;"> </TD><TD style="text-align:left;">(FG)불어/일반</TD><TD>-7</TD><TD>긴급</TD></TR><TR><TD>83</TD><TD style="text-align:left;"> </TD><TD style="text-align:left;">(KO)한글/국내</TD><TD>-2183</TD><TD>긴급</TD></TR><TR><TD>84</TD><TD style="text-align:left;"> </TD><TD style="text-align:left;">(RU)러시아어/일반</TD><TD>-34</TD><TD>긴급</TD></TR><TR><TD>85</TD><TD style="text-align:left;"> </TD><TD style="text-align:left;">(SG)스페인어/일반</TD><TD>-27</TD><TD>긴급</TD></TR><TR><TD>86</TD><TD style="text-align:left;"> </TD><TD style="text-align:left;">(AR)영어,아랍어/중동</TD><TD>-17</TD><TD>긴급</TD></TR><TR><TD>87</TD><TD style="text-align:left;"> </TD><TD style="text-align:left;">(EE)영어/유럽,일반</TD><TD>-172</TD><TD>긴급</TD></TR><TR><TD>88</TD><TD style="text-align:left;"> </TD><TD style="text-align:left;">(EP)영어/푸에르토리코</TD><TD>-1</TD><TD>긴급</TD></TR><TR><TD>89</TD><TD style="text-align:left;"> </TD><TD style="text-align:left;">(EU)영어/미국</TD><TD>-595</TD><TD>긴급</TD></TR><TR><TD>90</TD><TD style="text-align:left;"> </TD><TD style="text-align:left;">(FE)불어/유럽,일반</TD><TD>-48</TD><TD>긴급</TD></TR><TR><TD>91</TD><TD style="text-align:left;"> </TD><TD style="text-align:left;">(FG)불어/일반</TD><TD>-35</TD><TD>긴급</TD></TR><TR><TD>92</TD><TD style="text-align:left;"> </TD><TD style="text-align:left;">(GE)독어/유럽</TD><TD>-341</TD><TD>긴급</TD></TR><TR><TD>93</TD><TD style="text-align:left;"> </TD><TD style="text-align:left;">(HO)네덜란드어/유럽</TD><TD>-241</TD><TD>긴급</TD></TR><TR><TD>94</TD><TD style="text-align:left;"> </TD><TD style="text-align:left;">(IT)이태리어/유럽</TD><TD>-19</TD><TD>긴급</TD></TR><TR><TD>95</TD><TD style="text-align:left;"> </TD><TD style="text-align:left;">(JA)일본어/일본</TD><TD>-6</TD><TD>긴급</TD></TR><TR><TD>96</TD><TD style="text-align:left;"> </TD><TD style="text-align:left;">(KO)한글/국내</TD><TD>-665</TD><TD>긴급</TD></TR><TR><TD>97</TD><TD style="text-align:left;"> </TD><TD style="text-align:left;">(PE)포르투칼어/유럽</TD><TD>-10</TD><TD>긴급</TD></TR><TR><TD>98</TD><TD style="text-align:left;"> </TD><TD style="text-align:left;">(SG)스페인어/일반</TD><TD>-21</TD><TD>긴급</TD></TR><TR><TD>99</TD><TD style="text-align:left;"> </TD><TD style="text-align:left;">(UK)영어/영국</TD><TD>-397</TD><TD>긴급</TD></TR><TR><TD>100</TD><TD style="text-align:left;"> </TD><TD style="text-align:left;">(EE)영어/유럽,일반</TD><TD>-72</TD><TD>긴급</TD></TR><TR><TD>101</TD><TD style="text-align:left;"> </TD><TD style="text-align:left;">(EP)영어/푸에르토리코</TD><TD>-88</TD><TD>긴급</TD></TR><TR><TD>102</TD><TD style="text-align:left;"> </TD><TD style="text-align:left;">(EU)영어/미국</TD><TD>-423</TD><TD>긴급</TD></TR><TR><TD>103</TD><TD style="text-align:left;"> </TD><TD style="text-align:left;">(FG)불어/일반</TD><TD>-1</TD><TD>긴급</TD></TR><TR><TD>104</TD><TD style="text-align:left;"> </TD><TD style="text-align:left;">(KO)한글/국내</TD><TD>-810</TD><TD>긴급</TD></TR><TR><TD>105</TD><TD style="text-align:left;"> </TD><TD style="text-align:left;">(RU)러시아어/일반</TD><TD>-194</TD><TD>긴급</TD></TR><TR><TD>106</TD><TD style="text-align:left;"> </TD><TD style="text-align:left;">(SG)스페인어/일반</TD><TD>-172</TD><TD>긴급</TD></TR><TR><TD>107</TD><TD style="text-align:left;"> </TD><TD style="text-align:left;">(EU)영어/미국</TD><TD>-1547</TD><TD>긴급</TD></TR><TR><TD>108</TD><TD style="text-align:left;"> </TD><TD style="text-align:left;">(KO)한글/국내</TD><TD>-571</TD><TD>긴급</TD></TR><TR><TD>109</TD><TD style="text-align:left;"> </TD><TD style="text-align:left;">(EU)영어/미국</TD><TD>-1641</TD><TD>긴급</TD></TR><TR><TD>110</TD><TD style="text-align:left;"> </TD><TD style="text-align:left;">(EA)영어/호주</TD><TD>-6</TD><TD>긴급</TD></TR><TR><TD>111</TD><TD style="text-align:left;"> </TD><TD style="text-align:left;">(EE)영어/유럽,일반</TD><TD>-283</TD><TD>긴급</TD></TR><TR><TD>112</TD><TD style="text-align:left;"> </TD><TD style="text-align:left;">(EU)영어/미국</TD><TD>-463</TD><TD>긴급</TD></TR><TR><TD>113</TD><TD style="text-align:left;"> </TD><TD style="text-align:left;">(UK)영어/영국</TD><TD>-149</TD><TD>긴급</TD></TR><TR><TD>114</TD><TD style="text-align:left;"> </TD><TD style="text-align:left;">(KO)한글/국내</TD><TD>-12</TD><TD>긴급</TD></TR><TR><TD>115</TD><TD style="text-align:left;"> </TD><TD style="text-align:left;">(UK)영어/영국</TD><TD>-1</TD><TD>긴급</TD></TR><TR><TD>116</TD><TD style="text-align:left;"> </TD><TD style="text-align:left;">(EA)영어/호주</TD><TD>-390</TD><TD>긴급</TD></TR><TR><TD>117</TD><TD style="text-align:left;"> </TD><TD style="text-align:left;">(EA)영어/호주</TD><TD>-7</TD><TD>긴급</TD></TR><TR><TD>118</TD><TD style="text-align:left;"> </TD><TD style="text-align:left;">(EC)영어/불어,캐나다</TD><TD>-4</TD><TD>긴급</TD></TR><TR><TD>119</TD><TD style="text-align:left;"> </TD><TD style="text-align:left;">(EE)영어/유럽,일반</TD><TD>-36</TD><TD>긴급</TD></TR><TR><TD>120</TD><TD style="text-align:left;"> </TD><TD style="text-align:left;">(EP)영어/푸에르토리코</TD><TD>-171</TD><TD>긴급</TD></TR><TR><TD>121</TD><TD style="text-align:left;"> </TD><TD style="text-align:left;">(EU)영어/미국</TD><TD>-660</TD><TD>긴급</TD></TR><TR><TD>122</TD><TD style="text-align:left;"> </TD><TD style="text-align:left;">(KO)한글/국내</TD><TD>-275</TD><TD>긴급</TD></TR><TR><TD>123</TD><TD style="text-align:left;"> </TD><TD style="text-align:left;">(SG)스페인어/일반</TD><TD>-33</TD><TD>긴급</TD></TR><TR><TD>124</TD><TD style="text-align:left;"> </TD><TD style="text-align:left;">(AR)영어,아랍어/중동</TD><TD>-16</TD><TD>긴급</TD></TR><TR><TD>125</TD><TD style="text-align:left;"> </TD><TD style="text-align:left;">(CN)중국어/중국</TD><TD>-47</TD><TD>긴급</TD></TR><TR><TD>126</TD><TD style="text-align:left;"> </TD><TD style="text-align:left;">(EU)영어/미국</TD><TD>-1</TD><TD>긴급</TD></TR><TR><TD>127</TD><TD style="text-align:left;"> </TD><TD style="text-align:left;">(KO)한글/국내</TD><TD>-1361</TD><TD>긴급</TD></TR><TR><TD>128</TD><TD style="text-align:left;"> </TD><TD style="text-align:left;">(CN)중국어/중국</TD><TD>-22</TD><TD>긴급</TD></TR><TR><TD>129</TD><TD style="text-align:left;"> </TD><TD style="text-align:left;">(EU)영어/미국</TD><TD>-5</TD><TD>긴급</TD></TR><TR><TD>130</TD><TD style="text-align:left;"> </TD><TD style="text-align:left;">(KO)한글/국내</TD><TD>-49</TD><TD>긴급</TD></TR><TR><TD>131</TD><TD style="text-align:left;"> </TD><TD style="text-align:left;">(UK)영어/영국</TD><TD>-4</TD><TD>긴급</TD></TR><TR><TD>132</TD><TD style="text-align:left;"> </TD><TD style="text-align:left;">(KO)한글/국내</TD><TD>-80</TD><TD>긴급</TD></TR><TR><TD>133</TD><TD style="text-align:left;"> </TD><TD style="text-align:left;">(EC)영어/불어,캐나다</TD><TD>-1</TD><TD>긴급</TD></TR><TR><TD>134</TD><TD style="text-align:left;"> </TD><TD style="text-align:left;">(EU)영어/미국</TD><TD>-1</TD><TD>긴급</TD></TR><TR><TD>135</TD><TD style="text-align:left;"> </TD><TD style="text-align:left;">(KO)한글/국내</TD><TD>-845</TD><TD>긴급</TD></TR><TR><TD>136</TD><TD style="text-align:left;"> </TD><TD style="text-align:left;">(AR)영어,아랍어/중동</TD><TD>-571</TD><TD>긴급</TD></TR><TR><TD>137</TD><TD style="text-align:left;"> </TD><TD style="text-align:left;">(EE)영어/유럽,일반</TD><TD>-15</TD><TD>긴급</TD></TR><TR><TD>138</TD><TD style="text-align:left;"> </TD><TD style="text-align:left;">(GE)독어/유럽</TD><TD>-1</TD><TD>긴급</TD></TR><TR><TD>139</TD><TD style="text-align:left;"> </TD><TD style="text-align:left;">(KO)한글/국내</TD><TD>-435</TD><TD>긴급</TD></TR><TR><TD>140</TD><TD style="text-align:left;"> </TD><TD style="text-align:left;">(RU)러시아어/일반</TD><TD>-588</TD><TD>긴급</TD></TR><TR><TD>141</TD><TD style="text-align:left;"> </TD><TD style="text-align:left;">(SG)스페인어/일반</TD><TD>-288</TD><TD>긴급</TD></TR><TR><TD>142</TD><TD style="text-align:left;"> </TD><TD style="text-align:left;">(KO)한글/국내</TD><TD>-576</TD><TD>긴급</TD></TR><TR><TD>143</TD><TD style="text-align:left;"> </TD><TD style="text-align:left;">(AR)영어,아랍어/중동</TD><TD>-29</TD><TD>긴급</TD></TR><TR><TD>144</TD><TD style="text-align:left;"> </TD><TD style="text-align:left;">(DE)덴마크어/유럽</TD><TD>-14</TD><TD>긴급</TD></TR><TR><TD>145</TD><TD style="text-align:left;"> </TD><TD style="text-align:left;">(EP)영어/푸에르토리코</TD><TD>-23</TD><TD>긴급</TD></TR><TR><TD>146</TD><TD style="text-align:left;"> </TD><TD style="text-align:left;">(ES)에스토니아어/유럽</TD><TD>-3</TD><TD>긴급</TD></TR><TR><TD>147</TD><TD style="text-align:left;"> </TD><TD style="text-align:left;">(EU)영어/미국</TD><TD>-89</TD><TD>긴급</TD></TR><TR><TD>148</TD><TD style="text-align:left;"> </TD><TD style="text-align:left;">(FE)불어/유럽,일반</TD><TD>-98</TD><TD>긴급</TD></TR><TR><TD>149</TD><TD style="text-align:left;"> </TD><TD style="text-align:left;">(FI)핀란드어/유럽</TD><TD>-3</TD><TD>긴급</TD></TR><TR><TD>150</TD><TD style="text-align:left;"> </TD><TD style="text-align:left;">(GE)독어/유럽</TD><TD>-113</TD><TD>긴급</TD></TR><TR><TD>151</TD><TD style="text-align:left;"> </TD><TD style="text-align:left;">(HO)네덜란드어/유럽</TD><TD>-33</TD><TD>긴급</TD></TR><TR><TD>152</TD><TD style="text-align:left;"> </TD><TD style="text-align:left;">(IT)이태리어/유럽</TD><TD>-11</TD><TD>긴급</TD></TR><TR><TD>153</TD><TD style="text-align:left;"> </TD><TD style="text-align:left;">(PE)포르투칼어/유럽</TD><TD>-17</TD><TD>긴급</TD></TR><TR><TD>154</TD><TD style="text-align:left;"> </TD><TD style="text-align:left;">(RU)러시아어/일반</TD><TD>-10</TD><TD>긴급</TD></TR><TR><TD>155</TD><TD style="text-align:left;"> </TD><TD style="text-align:left;">(SE)스페인어/유럽,일반</TD><TD>-24</TD><TD>긴급</TD></TR><TR><TD>156</TD><TD style="text-align:left;"> </TD><TD style="text-align:left;">(SW)스웨덴어/유럽</TD><TD>-17</TD><TD>긴급</TD></TR><TR><TD>157</TD><TD style="text-align:left;"> </TD><TD style="text-align:left;">(UK)영어/영국</TD><TD>-49</TD><TD>긴급</TD></TR><TR><TD>158</TD><TD style="text-align:left;"> </TD><TD style="text-align:left;">(BU)불가리아어/유럽</TD><TD>-2</TD><TD>긴급</TD></TR><TR><TD>159</TD><TD style="text-align:left;"> </TD><TD style="text-align:left;">(EA)영어/호주</TD><TD>-1</TD><TD>긴급</TD></TR><TR><TD>160</TD><TD style="text-align:left;"> </TD><TD style="text-align:left;">(EE)영어/유럽,일반</TD><TD>-21</TD><TD>긴급</TD></TR><TR><TD>161</TD><TD style="text-align:left;"> </TD><TD style="text-align:left;">(FE)불어/유럽,일반</TD><TD>-33</TD><TD>긴급</TD></TR><TR><TD>162</TD><TD style="text-align:left;"> </TD><TD style="text-align:left;">(GE)독어/유럽</TD><TD>-166</TD><TD>긴급</TD></TR><TR><TD>163</TD><TD style="text-align:left;"> </TD><TD style="text-align:left;">(IT)이태리어/유럽</TD><TD>-4</TD><TD>긴급</TD></TR><TR><TD>164</TD><TD style="text-align:left;"> </TD><TD style="text-align:left;">(KO)한글/국내</TD><TD>-1018</TD><TD>긴급</TD></TR><TR><TD>165</TD><TD style="text-align:left;"> </TD><TD style="text-align:left;">(RU)러시아어/일반</TD><TD>-35</TD><TD>긴급</TD></TR><TR><TD>166</TD><TD style="text-align:left;"> </TD><TD style="text-align:left;">(SG)스페인어/일반</TD><TD>-39</TD><TD>긴급</TD></TR></TBODY></TABLE></BODY></HTML>', '2023-05-24 09:34:16'),
	(21, '04', 'BATCH', 'BATCH', '오너스매뉴얼 미설정 차종이 발생되었습니다.', '<HTML><BODY>미설정 정보는 다음과 같습니다.<br>미지정차종 ZS<br>에러내용: 매핑된 정보 없음<br>시간    : 2023-05-24 10:14:15<br></BODY></HTML>', '2023-05-24 10:14:15');
/*!40000 ALTER TABLE `tb_log_eml` ENABLE KEYS */;

-- 테이블 hkomms.tb_log_eml_snd 구조 내보내기
CREATE TABLE IF NOT EXISTS `tb_log_eml_snd` (
  `EML_CD` int(14) NOT NULL COMMENT '이메일순번',
  `RCVR_ID` varchar(20) NOT NULL COMMENT '수신자ID',
  `ADRE_EML` varchar(200) DEFAULT NULL COMMENT '이메일주소',
  `EML_ST_CD` varchar(20) DEFAULT NULL COMMENT '이메일상태코드',
  `SND_DATE` datetime DEFAULT NULL COMMENT '발송일시',
  PRIMARY KEY (`EML_CD`,`RCVR_ID`),
  UNIQUE KEY `PK_TB_LOG_EML` (`EML_CD`,`RCVR_ID`)
) ENGINE=InnoDB DEFAULT CHARSET=utf8mb3 COLLATE=utf8mb3_general_ci COMMENT='이메일로그_발송정보';

-- 테이블 데이터 hkomms.tb_log_eml_snd:~29 rows (대략적) 내보내기
/*!40000 ALTER TABLE `tb_log_eml_snd` DISABLE KEYS */;
INSERT INTO `tb_log_eml_snd` (`EML_CD`, `RCVR_ID`, `ADRE_EML`, `EML_ST_CD`, `SND_DATE`) VALUES
	(5, '배치수동실행', '9433041@ict-companion.com', '발송대기', NULL),
	(5, '배치자동실행', '9433040@ict-companion.com', '발송대기', NULL),
	(14, 'H2212236', '9426067@ict-companion.com', '발송대기', NULL),
	(14, 'H2212238', '9426053@ict-companion.com', '발송대기', NULL),
	(14, 'H2212239', '9426036@ict-companion.com', '발송대기', NULL),
	(14, 'H2301469', '9429398@ict-companion.com', '발송대기', NULL),
	(14, 'H2302603', 'H230260@hmc.co.kr', '발송대기', NULL),
	(14, 'testid', 'test@test.com', '발송대기', NULL),
	(15, 'H2212236', '9426067@ict-companion.com', '발송대기', NULL),
	(15, 'H2212238', '9426053@ict-companion.com', '발송대기', NULL),
	(15, 'H2212239', '9426036@ict-companion.com', '발송대기', NULL),
	(15, 'H2301469', '9429398@ict-companion.com', '발송대기', NULL),
	(15, 'H2302603', 'H230260@hmc.co.kr', '발송대기', NULL),
	(15, 'testid', 'test@test.com', '발송대기', NULL),
	(20, 'H2212236', '9426067@ict-companion.com', '발송대기', NULL),
	(20, 'H2212238', '9426053@ict-companion.com', '발송대기', NULL),
	(20, 'H2212239', '9426036@ict-companion.com', '발송대기', NULL),
	(20, 'H2301469', '9429398@ict-companion.com', '발송대기', NULL),
	(20, 'H2302603', 'H230260@hmc.co.kr', '발송대기', NULL),
	(20, 'test001', 'test001@hyundai-partners.com', '발송대기', NULL),
	(20, 'test003', 'test003@hyundai-partners.com', '발송대기', NULL),
	(20, '배치수동실행', '배치수동실행@hyundai-partners.com', '발송대기', NULL),
	(20, '배치자동실행', '배치자동실행@hyundai-partners.com', '발송대기', NULL),
	(21, 'H2212236', '9426067@ict-companion.com', '발송대기', NULL),
	(21, 'H2212238', '9426053@ict-companion.com', '발송대기', NULL),
	(21, 'H2212239', '9426036@ict-companion.com', '발송대기', NULL),
	(21, 'H2301469', '9429398@ict-companion.com', '발송대기', NULL),
	(21, 'H2302603', 'H230260@hmc.co.kr', '발송대기', NULL),
	(21, 'testid', 'test@test.com', '발송대기', NULL);
/*!40000 ALTER TABLE `tb_log_eml_snd` ENABLE KEYS */;

-- 테이블 hkomms.tb_log_use 구조 내보내기
CREATE TABLE IF NOT EXISTS `tb_log_use` (
  `USE_LOG_SN` bigint(20) NOT NULL AUTO_INCREMENT COMMENT '사용로그일련번호',
  `USE_EENO` varchar(20) NOT NULL COMMENT '사용자ID',
  `API_URL` varchar(45) NOT NULL COMMENT 'API URL',
  `CMD` varchar(45) NOT NULL COMMENT '헤더의 _method: insert, update, delete (default: select) ',
  `CLASS_NM` varchar(45) NOT NULL COMMENT '프로그램 클래스 메소드명',
  `METHOD_NM` varchar(45) NOT NULL,
  `PROCESS_TIME` int(11) NOT NULL COMMENT '프로세스 시간(ms)',
  `USE_DTM` datetime NOT NULL COMMENT '사용일시',
  PRIMARY KEY (`USE_LOG_SN`)
) ENGINE=InnoDB AUTO_INCREMENT=305 DEFAULT CHARSET=utf8mb3 COLLATE=utf8mb3_general_ci COMMENT='사용로그';

-- 테이블 데이터 hkomms.tb_log_use:~290 rows (대략적) 내보내기
/*!40000 ALTER TABLE `tb_log_use` DISABLE KEYS */;
INSERT INTO `tb_log_use` (`USE_LOG_SN`, `USE_EENO`, `API_URL`, `CMD`, `CLASS_NM`, `METHOD_NM`, `PROCESS_TIME`, `USE_DTM`) VALUES
	(15, 'H2212239', '/usrmgmt', 'SELECT', 'UsrMgmtController', 'selectUsrMgmt', 14, '2023-05-24 14:05:50'),
	(16, 'H2212239', '/pgmMgmts', 'SELECT', 'PgmMgmtController', 'selectPgmMgmtList', 15, '2023-05-24 14:05:50'),
	(17, 'H2212239', '/pgmMgmtsAll', 'SELECT', 'PgmMgmtController', 'selectPgmMgmtListAll', 11, '2023-05-24 14:05:50'),
	(18, 'H2212239', '/apiMgmts', 'SELECT', 'ApiMgmtController', 'selectApiMgmtList', 19, '2023-05-24 14:35:27'),
	(19, 'H2212239', '/apiMgmts', 'SELECT', 'ApiMgmtController', 'selectApiMgmtList', 14, '2023-05-24 14:37:13'),
	(20, 'H2212239', '/pgmMgmts', 'SELECT', 'PgmMgmtController', 'selectPgmMgmtList', 15, '2023-05-24 14:37:29'),
	(21, 'H2212239', '/usrmgmt', 'SELECT', 'UsrMgmtController', 'selectUsrMgmt', 19, '2023-05-24 14:37:30'),
	(22, 'H2212239', '/apiMgmts', 'SELECT', 'ApiMgmtController', 'selectApiMgmtList', 14, '2023-05-24 14:37:30'),
	(23, '', '/login', 'update', 'AuthController', 'login', 66, '2023-05-24 14:37:39'),
	(24, 'H2212239', '/usrmgmt', 'SELECT', 'UsrMgmtController', 'selectUsrMgmt', 11, '2023-05-24 14:37:40'),
	(25, 'H2212239', '/pgmMgmts', 'SELECT', 'PgmMgmtController', 'selectPgmMgmtList', 19, '2023-05-24 14:37:40'),
	(26, 'H2212239', '/ivmTotIvInfos', 'SELECT', 'TotIvmController', 'selectTotalIvmList', 736, '2023-05-24 14:37:40'),
	(27, 'H2212239', '/usrmgmt', 'SELECT', 'UsrMgmtController', 'selectUsrMgmt', 13, '2023-05-24 15:00:23'),
	(28, 'H2212239', '/pgmMgmts', 'SELECT', 'PgmMgmtController', 'selectPgmMgmtList', 23, '2023-05-24 15:00:23'),
	(29, 'H2212239', '/ivmTotIvInfos', 'SELECT', 'TotIvmController', 'selectTotalIvmList', 737, '2023-05-24 15:00:24'),
	(30, 'H2212239', '/logUses', 'SELECT', 'LogController', 'selectLogUseList', 11, '2023-05-24 15:00:30'),
	(31, 'H2212239', '/usrmgmt', 'SELECT', 'UsrMgmtController', 'selectUsrMgmt', 14, '2023-05-24 15:10:08'),
	(32, 'H2212239', '/pgmMgmts', 'SELECT', 'PgmMgmtController', 'selectPgmMgmtList', 21, '2023-05-24 15:10:08'),
	(33, 'H2212239', '/logUses', 'SELECT', 'LogController', 'selectLogUseList', 12, '2023-05-24 15:10:08'),
	(34, 'H2212239', '/pgmMgmts', 'SELECT', 'PgmMgmtController', 'selectPgmMgmtList', 15, '2023-05-24 15:11:11'),
	(35, 'H2212239', '/usrmgmt', 'SELECT', 'UsrMgmtController', 'selectUsrMgmt', 19, '2023-05-24 15:11:11'),
	(36, 'H2212239', '/logUses', 'SELECT', 'LogController', 'selectLogUseList', 14, '2023-05-24 15:11:11'),
	(37, 'H2212239', '/usrmgmt', 'SELECT', 'UsrMgmtController', 'selectUsrMgmt', 19, '2023-05-24 15:14:13'),
	(38, 'H2212239', '/pgmMgmts', 'SELECT', 'PgmMgmtController', 'selectPgmMgmtList', 25, '2023-05-24 15:14:13'),
	(39, 'H2212239', '/logUses', 'SELECT', 'LogController', 'selectLogUseList', 13, '2023-05-24 15:14:14'),
	(40, 'H2212239', '/usrmgmt', 'SELECT', 'UsrMgmtController', 'selectUsrMgmt', 14, '2023-05-24 15:14:57'),
	(41, 'H2212239', '/pgmMgmts', 'SELECT', 'PgmMgmtController', 'selectPgmMgmtList', 14, '2023-05-24 15:14:57'),
	(42, 'H2212239', '/logUses', 'SELECT', 'LogController', 'selectLogUseList', 15, '2023-05-24 15:14:57'),
	(43, 'H2212239', '/pgmMgmts', 'SELECT', 'PgmMgmtController', 'selectPgmMgmtList', 10, '2023-05-24 15:16:56'),
	(44, 'H2212239', '/usrmgmt', 'SELECT', 'UsrMgmtController', 'selectUsrMgmt', 10, '2023-05-24 15:16:56'),
	(45, 'H2212239', '/logUses', 'SELECT', 'LogController', 'selectLogUseList', 10, '2023-05-24 15:16:56'),
	(46, 'H2212239', '/pgmMgmts', 'SELECT', 'PgmMgmtController', 'selectPgmMgmtList', 11, '2023-05-24 15:20:01'),
	(47, 'H2212239', '/usrmgmt', 'SELECT', 'UsrMgmtController', 'selectUsrMgmt', 11, '2023-05-24 15:20:01'),
	(48, 'H2212239', '/logUses', 'SELECT', 'LogController', 'selectLogUseList', 10, '2023-05-24 15:20:01'),
	(49, 'H2212239', '/pgmMgmts', 'SELECT', 'PgmMgmtController', 'selectPgmMgmtList', 11, '2023-05-24 15:20:41'),
	(50, 'H2212239', '/pgmMgmts', 'SELECT', 'PgmMgmtController', 'selectPgmMgmtList', 10, '2023-05-24 15:20:50'),
	(51, 'H2212239', '/usrmgmt', 'SELECT', 'UsrMgmtController', 'selectUsrMgmt', 18, '2023-05-24 15:20:50'),
	(52, 'H2212239', '/logUses', 'SELECT', 'LogController', 'selectLogUseList', 10, '2023-05-24 15:20:50'),
	(53, 'H2212239', '/pgmMgmts', 'SELECT', 'PgmMgmtController', 'selectPgmMgmtList', 9, '2023-05-24 15:21:54'),
	(54, 'H2212239', '/usrmgmt', 'SELECT', 'UsrMgmtController', 'selectUsrMgmt', 10, '2023-05-24 15:21:54'),
	(55, 'H2212239', '/logUses', 'SELECT', 'LogController', 'selectLogUseList', 11, '2023-05-24 15:21:54'),
	(56, 'H2212239', '/usrmgmt', 'SELECT', 'UsrMgmtController', 'selectUsrMgmt', 9, '2023-05-24 15:25:14'),
	(57, 'H2212239', '/pgmMgmts', 'SELECT', 'PgmMgmtController', 'selectPgmMgmtList', 12, '2023-05-24 15:25:14'),
	(58, 'H2212239', '/logUses', 'SELECT', 'LogController', 'selectLogUseList', 8, '2023-05-24 15:25:14'),
	(59, 'H2212239', '/usrmgmt', 'SELECT', 'UsrMgmtController', 'selectUsrMgmt', 10, '2023-05-24 15:26:00'),
	(60, 'H2212239', '/logUses', 'SELECT', 'LogController', 'selectLogUseList', 11, '2023-05-24 15:26:00'),
	(61, 'H2212239', '/pgmMgmts', 'SELECT', 'PgmMgmtController', 'selectPgmMgmtList', 277, '2023-05-24 15:26:00'),
	(62, 'H2212239', '/pgmMgmts', 'SELECT', 'PgmMgmtController', 'selectPgmMgmtList', 9, '2023-05-24 15:27:21'),
	(63, 'H2212239', '/usrmgmt', 'SELECT', 'UsrMgmtController', 'selectUsrMgmt', 9, '2023-05-24 15:27:21'),
	(64, 'H2212239', '/logUses', 'SELECT', 'LogController', 'selectLogUseList', 12, '2023-05-24 15:27:21'),
	(65, 'H2212239', '/logUses', 'select', 'LogController', 'selectLogUseList', 23, '2023-05-24 15:30:13'),
	(66, 'H2212239', '/usrmgmt', 'select', 'UsrMgmtController', 'selectUsrMgmt', 14, '2023-05-24 15:30:13'),
	(67, 'H2212239', '/pgmMgmts', 'select', 'PgmMgmtController', 'selectPgmMgmtList', 16, '2023-05-24 15:30:14'),
	(68, 'H2212239', '/usrmgmt', 'select', 'UsrMgmtController', 'selectUsrMgmt', 11, '2023-05-24 15:33:15'),
	(69, 'H2212239', '/pgmMgmts', 'select', 'PgmMgmtController', 'selectPgmMgmtList', 11, '2023-05-24 15:33:15'),
	(70, 'H2212239', '/logUses', 'select', 'LogController', 'selectLogUseList', 14, '2023-05-24 15:33:15'),
	(71, 'H2212239', '/usrmgmt', 'select', 'UsrMgmtController', 'selectUsrMgmt', 12, '2023-05-24 15:34:08'),
	(72, 'H2212239', '/pgmMgmts', 'select', 'PgmMgmtController', 'selectPgmMgmtList', 15, '2023-05-24 15:34:08'),
	(73, 'H2212239', '/logUses', 'select', 'LogController', 'selectLogUseList', 13, '2023-05-24 15:34:08'),
	(74, 'H2212239', '/logUses', 'select', 'LogController', 'selectLogUseList', 20, '2023-05-24 15:54:22'),
	(75, 'H2212239', '/logUses', 'select', 'LogController', 'selectLogUseList', 18, '2023-05-24 15:54:22'),
	(76, 'H2212239', '/logUses', 'select', 'LogController', 'selectLogUseList', 16, '2023-05-24 15:55:41'),
	(77, 'H2212239', '/logUses', 'select', 'LogController', 'selectLogUseList', 16, '2023-05-24 15:55:41'),
	(78, 'H2212239', '/usrmgmt', 'select', 'UsrMgmtController', 'selectUsrMgmt', 23, '2023-05-24 15:55:51'),
	(79, 'H2212239', '/pgmMgmts', 'select', 'PgmMgmtController', 'selectPgmMgmtList', 21, '2023-05-24 15:55:51'),
	(80, 'H2212239', '/logUses', 'select', 'LogController', 'selectLogUseList', 13, '2023-05-24 15:55:51'),
	(81, 'H2212239', '/logUses', 'select', 'LogController', 'selectLogUseList', 14, '2023-05-24 15:56:54'),
	(82, 'H2212239', '/logUses', 'select', 'LogController', 'selectLogUseList', 17, '2023-05-24 15:56:54'),
	(83, 'H2212239', '/logUses', 'select', 'LogController', 'selectLogUseList', 331, '2023-05-24 15:57:52'),
	(84, 'H2212239', '/usrmgmt', 'select', 'UsrMgmtController', 'selectUsrMgmt', 15, '2023-05-24 15:59:44'),
	(85, 'H2212239', '/pgmMgmts', 'select', 'PgmMgmtController', 'selectPgmMgmtList', 20, '2023-05-24 15:59:44'),
	(86, 'H2212239', '/usrmgmt', 'select', 'UsrMgmtController', 'selectUsrMgmt', 16, '2023-05-24 16:01:20'),
	(87, 'H2212239', '/pgmMgmts', 'select', 'PgmMgmtController', 'selectPgmMgmtList', 21, '2023-05-24 16:01:20'),
	(88, 'H2212239', '/usrmgmt', 'select', 'UsrMgmtController', 'selectUsrMgmt', 15, '2023-05-24 16:01:26'),
	(89, 'H2212239', '/pgmMgmts', 'select', 'PgmMgmtController', 'selectPgmMgmtList', 16, '2023-05-24 16:01:26'),
	(90, 'H2212239', '/usrmgmt', 'select', 'UsrMgmtController', 'selectUsrMgmt', 13, '2023-05-24 16:01:29'),
	(91, 'H2212239', '/pgmMgmts', 'select', 'PgmMgmtController', 'selectPgmMgmtList', 13, '2023-05-24 16:01:29'),
	(92, 'H2212239', '/pgmMgmts', 'select', 'PgmMgmtController', 'selectPgmMgmtList', 14, '2023-05-24 16:02:46'),
	(93, 'H2212239', '/pgmMgmts', 'select', 'PgmMgmtController', 'selectPgmMgmtList', 11, '2023-05-24 16:02:51'),
	(94, 'H2212239', '/ivmSewonIvmInfos', 'select', 'SwnIvmController', 'selectSewonIvmList', 158, '2023-05-24 16:22:41'),
	(95, 'H2212239', '/ivmPdiIvInfos', 'select', 'PdiIvmController', 'selectPdiIvmList', 153, '2023-05-24 16:22:43'),
	(96, 'H2212239', '/printStates', 'select', 'PrintStateController', 'printStates', 203, '2023-05-24 16:22:45'),
	(97, 'H2212239', '/ivmTotIvInfos', 'select', 'TotIvmController', 'selectTotalIvmList', 837, '2023-05-24 16:30:04'),
	(98, 'H2212239', '/ivmTotIvInfos', 'select', 'TotIvmController', 'selectTotalIvmList', 772, '2023-05-24 17:05:12'),
	(99, 'H2212239', '/printOrderInfos', 'select', 'PrintOrderController', 'selectPrintOrderList', 666, '2023-05-24 17:05:15'),
	(100, 'H2212239', '/ivmTotIvInfos', 'select', 'TotIvmController', 'selectTotalIvmList', 1964, '2023-05-25 09:22:45'),
	(101, 'H2212239', '/apiMgmts', 'select', 'ApiMgmtController', 'selectApiMgmtList', 16, '2023-05-25 09:23:00'),
	(102, 'H2212239', '/ivmTotIvInfos', 'select', 'TotIvmController', 'selectTotalIvmList', 2841, '2023-05-25 10:48:46'),
	(103, 'H2212239', '/ivmTotIvInfos', 'select', 'TotIvmController', 'selectTotalIvmList', 1452, '2023-05-25 12:51:35'),
	(104, 'H2212239', '/apiMgmts', 'select', 'ApiMgmtController', 'selectApiMgmtList', 20, '2023-05-25 13:04:42'),
	(105, 'H2212239', '/apiMgmts', 'select', 'ApiMgmtController', 'selectApiMgmtList', 18, '2023-05-25 13:08:34'),
	(106, 'H2212239', '/apiMgmts', 'select', 'ApiMgmtController', 'selectApiMgmtList', 20, '2023-05-25 13:17:54'),
	(107, 'H2212239', '/apiMgmts', 'select', 'ApiMgmtController', 'selectApiMgmtList', 17, '2023-05-25 13:17:56'),
	(108, 'H2212239', '/apiMgmts', 'select', 'ApiMgmtController', 'selectApiMgmtList', 17, '2023-05-25 13:18:22'),
	(109, 'H2212239', '/apiMgmt', 'insert', 'ApiMgmtController', 'apiMgmt', 13043, '2023-05-25 13:20:16'),
	(110, 'H2212239', '/apiMgmt', 'insert', 'ApiMgmtController', 'apiMgmt', 11792, '2023-05-25 13:20:17'),
	(111, 'H2212239', '/apiMgmts', 'select', 'ApiMgmtController', 'selectApiMgmtList', 21, '2023-05-25 13:20:23'),
	(112, 'H2212239', '/apiMgmts', 'select', 'ApiMgmtController', 'selectApiMgmtList', 17, '2023-05-25 13:20:25'),
	(113, 'H2212239', '/apiMgmt', 'insert', 'ApiMgmtController', 'apiMgmt', 3159, '2023-05-25 13:20:39'),
	(114, 'H2212239', '/apiMgmt', 'insert', 'ApiMgmtController', 'apiMgmt', 4698, '2023-05-25 13:22:08'),
	(115, 'H2212239', '/apiMgmts', 'select', 'ApiMgmtController', 'selectApiMgmtList', 17, '2023-05-25 13:22:08'),
	(116, 'H2212239', '/apiMgmt', 'delete', 'ApiMgmtController', 'apiMgmt', 30, '2023-05-25 13:22:15'),
	(117, 'H2212239', '/apiMgmts', 'select', 'ApiMgmtController', 'selectApiMgmtList', 30, '2023-05-25 13:22:16'),
	(118, 'H2212239', '/apiMgmt', 'insert', 'ApiMgmtController', 'apiMgmt', 34, '2023-05-25 13:22:37'),
	(119, 'H2212239', '/apiMgmts', 'select', 'ApiMgmtController', 'selectApiMgmtList', 19, '2023-05-25 13:22:37'),
	(120, 'H2212239', '/apiMgmt', 'insert', 'ApiMgmtController', 'apiMgmt', 44, '2023-05-25 13:24:16'),
	(121, 'H2212239', '/apiMgmts', 'select', 'ApiMgmtController', 'selectApiMgmtList', 17, '2023-05-25 13:24:16'),
	(122, 'H2212239', '/apiMgmts', 'select', 'ApiMgmtController', 'selectApiMgmtList', 17, '2023-05-25 13:25:37'),
	(123, 'H2212239', '/apiMgmt', 'insert', 'ApiMgmtController', 'apiMgmt', 107, '2023-05-25 13:26:43'),
	(124, 'H2212239', '/apiMgmts', 'select', 'ApiMgmtController', 'selectApiMgmtList', 26, '2023-05-25 13:26:43'),
	(125, 'H2212239', '/apiMgmts', 'select', 'ApiMgmtController', 'selectApiMgmtList', 17, '2023-05-25 13:30:35'),
	(126, 'H2212239', '/apiMgmts', 'select', 'ApiMgmtController', 'selectApiMgmtList', 19, '2023-05-25 13:30:36'),
	(127, 'H2212239', '/apiMgmt', 'update', 'ApiMgmtController', 'apiMgmt', 31, '2023-05-25 13:31:54'),
	(128, 'H2212239', '/apiMgmts', 'select', 'ApiMgmtController', 'selectApiMgmtList', 20, '2023-05-25 13:31:54'),
	(129, 'H2212239', '/apiMgmt', 'insert', 'ApiMgmtController', 'apiMgmt', 33, '2023-05-25 13:34:36'),
	(130, 'H2212239', '/apiMgmts', 'select', 'ApiMgmtController', 'selectApiMgmtList', 19, '2023-05-25 13:34:37'),
	(131, 'H2212239', '/apiMgmt', 'insert', 'ApiMgmtController', 'apiMgmt', 33, '2023-05-25 13:35:28'),
	(132, 'H2212239', '/apiMgmts', 'select', 'ApiMgmtController', 'selectApiMgmtList', 23, '2023-05-25 13:35:29'),
	(133, 'H2212239', '/apiMgmt', 'insert', 'ApiMgmtController', 'apiMgmt', 36, '2023-05-25 13:38:37'),
	(134, 'H2212239', '/apiMgmts', 'select', 'ApiMgmtController', 'selectApiMgmtList', 18, '2023-05-25 13:38:38'),
	(135, 'H2212239', '/apiMgmts', 'select', 'ApiMgmtController', 'selectApiMgmtList', 18, '2023-05-25 13:45:24'),
	(136, 'H2212239', '/apiMgmts', 'select', 'ApiMgmtController', 'selectApiMgmtList', 20, '2023-05-25 13:51:10'),
	(137, 'H2212239', '/apiMgmts', 'select', 'ApiMgmtController', 'selectApiMgmtList', 19, '2023-05-25 13:51:16'),
	(138, 'H2212239', '/apiMgmt', 'insert', 'ApiMgmtController', 'apiMgmt', 32, '2023-05-25 13:52:35'),
	(139, 'H2212239', '/apiMgmts', 'select', 'ApiMgmtController', 'selectApiMgmtList', 20, '2023-05-25 13:52:35'),
	(140, 'H2212239', '/apiMgmts', 'select', 'ApiMgmtController', 'selectApiMgmtList', 35, '2023-05-25 13:53:35'),
	(141, 'H2212239', '/ivmTotIvInfos', 'select', 'TotIvmController', 'selectTotalIvmList', 2422, '2023-05-25 13:57:25'),
	(142, 'H2212239', '/ivmTotIvInfos', 'select', 'TotIvmController', 'selectTotalIvmList', 2785, '2023-05-25 14:54:05'),
	(143, 'H2212239', '/apiMgmts', 'select', 'ApiMgmtController', 'selectApiMgmtList', 23, '2023-05-25 14:54:33'),
	(144, 'H2212239', '/apiMgmts', 'select', 'ApiMgmtController', 'selectApiMgmtList', 25, '2023-05-25 14:55:39'),
	(145, 'H2212239', '/apiMgmts', 'select', 'ApiMgmtController', 'selectApiMgmtList', 24, '2023-05-25 14:55:44'),
	(146, 'H2212239', '/apiMgmts', 'select', 'ApiMgmtController', 'selectApiMgmtList', 35, '2023-05-25 14:58:39'),
	(147, 'H2212239', '/apiMgmts', 'select', 'ApiMgmtController', 'selectApiMgmtList', 29, '2023-05-25 14:59:58'),
	(148, 'H2212239', '/apiMgmts', 'select', 'ApiMgmtController', 'selectApiMgmtList', 25, '2023-05-25 15:00:23'),
	(149, 'H2212239', '/apiMgmt', 'insert', 'ApiMgmtController', 'apiMgmt', 137, '2023-05-25 15:01:22'),
	(150, 'H2212239', '/apiMgmts', 'select', 'ApiMgmtController', 'selectApiMgmtList', 26, '2023-05-25 15:01:23'),
	(151, 'H2212239', '/apiMgmt', 'update', 'ApiMgmtController', 'apiMgmt', 94, '2023-05-25 15:01:39'),
	(152, 'H2212239', '/apiMgmts', 'select', 'ApiMgmtController', 'selectApiMgmtList', 256, '2023-05-25 15:01:40'),
	(153, 'H2212239', '/apiMgmt', 'update', 'ApiMgmtController', 'apiMgmt', 116, '2023-05-25 15:02:04'),
	(154, 'H2212239', '/apiMgmts', 'select', 'ApiMgmtController', 'selectApiMgmtList', 36, '2023-05-25 15:02:05'),
	(155, 'H2212239', '/apiMgmt', 'update', 'ApiMgmtController', 'apiMgmt', 82, '2023-05-25 15:02:10'),
	(156, 'H2212239', '/apiMgmts', 'select', 'ApiMgmtController', 'selectApiMgmtList', 25, '2023-05-25 15:02:10'),
	(157, 'H2212239', '/apiMgmt', 'insert', 'ApiMgmtController', 'apiMgmt', 128, '2023-05-25 15:02:35'),
	(158, 'H2212239', '/apiMgmts', 'select', 'ApiMgmtController', 'selectApiMgmtList', 35, '2023-05-25 15:02:35'),
	(159, 'H2212239', '/apiMgmts', 'select', 'ApiMgmtController', 'selectApiMgmtList', 23, '2023-05-25 15:03:52'),
	(160, 'H2212239', '/apiMgmts', 'select', 'ApiMgmtController', 'selectApiMgmtList', 26, '2023-05-25 15:04:38'),
	(161, 'H2212239', '/apiMgmt', 'insert', 'ApiMgmtController', 'apiMgmt', 107, '2023-05-25 15:05:54'),
	(162, 'H2212239', '/apiMgmts', 'select', 'ApiMgmtController', 'selectApiMgmtList', 24, '2023-05-25 15:05:54'),
	(163, 'H2212239', '/apiMgmt', 'insert', 'ApiMgmtController', 'apiMgmt', 80, '2023-05-25 15:06:26'),
	(164, 'H2212239', '/apiMgmts', 'select', 'ApiMgmtController', 'selectApiMgmtList', 25, '2023-05-25 15:06:26'),
	(165, 'H2212239', '/apiMgmt', 'insert', 'ApiMgmtController', 'apiMgmt', 135, '2023-05-25 15:06:59'),
	(166, 'H2212239', '/apiMgmts', 'select', 'ApiMgmtController', 'selectApiMgmtList', 27, '2023-05-25 15:07:00'),
	(167, 'H2212239', '/apiMgmt', 'update', 'ApiMgmtController', 'apiMgmt', 94, '2023-05-25 15:07:12'),
	(168, 'H2212239', '/apiMgmts', 'select', 'ApiMgmtController', 'selectApiMgmtList', 27, '2023-05-25 15:07:13'),
	(169, 'H2212239', '/apiMgmt', 'insert', 'ApiMgmtController', 'apiMgmt', 104, '2023-05-25 15:07:42'),
	(170, 'H2212239', '/apiMgmts', 'select', 'ApiMgmtController', 'selectApiMgmtList', 27, '2023-05-25 15:07:42'),
	(171, 'H2212239', '/apiMgmt', 'insert', 'ApiMgmtController', 'apiMgmt', 99, '2023-05-25 15:08:16'),
	(172, 'H2212239', '/apiMgmts', 'select', 'ApiMgmtController', 'selectApiMgmtList', 24, '2023-05-25 15:08:17'),
	(173, 'H2212239', '/apiMgmt', 'insert', 'ApiMgmtController', 'apiMgmt', 146, '2023-05-25 15:08:47'),
	(174, 'H2212239', '/apiMgmts', 'select', 'ApiMgmtController', 'selectApiMgmtList', 23, '2023-05-25 15:08:47'),
	(175, 'H2212239', '/apiMgmt', 'insert', 'ApiMgmtController', 'apiMgmt', 125, '2023-05-25 15:09:13'),
	(176, 'H2212239', '/apiMgmts', 'select', 'ApiMgmtController', 'selectApiMgmtList', 25, '2023-05-25 15:09:13'),
	(177, 'H2212239', '/apiMgmt', 'insert', 'ApiMgmtController', 'apiMgmt', 104, '2023-05-25 15:10:30'),
	(178, 'H2212239', '/apiMgmts', 'select', 'ApiMgmtController', 'selectApiMgmtList', 32, '2023-05-25 15:10:30'),
	(179, 'H2212239', '/apiMgmt', 'insert', 'ApiMgmtController', 'apiMgmt', 105, '2023-05-25 15:10:57'),
	(180, 'H2212239', '/apiMgmts', 'select', 'ApiMgmtController', 'selectApiMgmtList', 32, '2023-05-25 15:10:57'),
	(181, 'H2212239', '/apiMgmt', 'insert', 'ApiMgmtController', 'apiMgmt', 104, '2023-05-25 15:14:42'),
	(182, 'H2212239', '/apiMgmts', 'select', 'ApiMgmtController', 'selectApiMgmtList', 35, '2023-05-25 15:14:42'),
	(183, 'H2212239', '/apiMgmt', 'insert', 'ApiMgmtController', 'apiMgmt', 120, '2023-05-25 15:17:25'),
	(184, 'H2212239', '/apiMgmts', 'select', 'ApiMgmtController', 'selectApiMgmtList', 34, '2023-05-25 15:17:26'),
	(185, 'H2212239', '/apiMgmt', 'insert', 'ApiMgmtController', 'apiMgmt', 106, '2023-05-25 15:17:47'),
	(186, 'H2212239', '/apiMgmts', 'select', 'ApiMgmtController', 'selectApiMgmtList', 34, '2023-05-25 15:17:47'),
	(187, 'H2212239', '/apiMgmt', 'insert', 'ApiMgmtController', 'apiMgmt', 136, '2023-05-25 15:18:47'),
	(188, 'H2212239', '/apiMgmts', 'select', 'ApiMgmtController', 'selectApiMgmtList', 39, '2023-05-25 15:18:48'),
	(189, 'H2212239', '/apiMgmt', 'insert', 'ApiMgmtController', 'apiMgmt', 107, '2023-05-25 15:19:27'),
	(190, 'H2212239', '/apiMgmts', 'select', 'ApiMgmtController', 'selectApiMgmtList', 37, '2023-05-25 15:19:27'),
	(191, 'H2212239', '/apiMgmt', 'insert', 'ApiMgmtController', 'apiMgmt', 126, '2023-05-25 15:19:54'),
	(192, 'H2212239', '/apiMgmts', 'select', 'ApiMgmtController', 'selectApiMgmtList', 47, '2023-05-25 15:19:54'),
	(193, 'H2212239', '/apiMgmt', 'insert', 'ApiMgmtController', 'apiMgmt', 103, '2023-05-25 15:20:13'),
	(194, 'H2212239', '/apiMgmts', 'select', 'ApiMgmtController', 'selectApiMgmtList', 37, '2023-05-25 15:20:14'),
	(195, 'H2212239', '/apiMgmt', 'insert', 'ApiMgmtController', 'apiMgmt', 137, '2023-05-25 15:20:33'),
	(196, 'H2212239', '/apiMgmts', 'select', 'ApiMgmtController', 'selectApiMgmtList', 57, '2023-05-25 15:20:33'),
	(197, 'H2212239', '/apiMgmt', 'insert', 'ApiMgmtController', 'apiMgmt', 152, '2023-05-25 15:20:52'),
	(198, 'H2212239', '/apiMgmts', 'select', 'ApiMgmtController', 'selectApiMgmtList', 40, '2023-05-25 15:20:52'),
	(199, 'H2212239', '/apiMgmt', 'insert', 'ApiMgmtController', 'apiMgmt', 98, '2023-05-25 15:21:30'),
	(200, 'H2212239', '/apiMgmts', 'select', 'ApiMgmtController', 'selectApiMgmtList', 47, '2023-05-25 15:21:30'),
	(201, 'H2212239', '/apiMgmt', 'insert', 'ApiMgmtController', 'apiMgmt', 117, '2023-05-25 15:21:51'),
	(202, 'H2212239', '/apiMgmts', 'select', 'ApiMgmtController', 'selectApiMgmtList', 46, '2023-05-25 15:21:51'),
	(203, 'H2212239', '/apiMgmt', 'insert', 'ApiMgmtController', 'apiMgmt', 134, '2023-05-25 15:22:29'),
	(204, 'H2212239', '/apiMgmts', 'select', 'ApiMgmtController', 'selectApiMgmtList', 55, '2023-05-25 15:22:29'),
	(205, 'H2212239', '/apiMgmt', 'insert', 'ApiMgmtController', 'apiMgmt', 106, '2023-05-25 15:22:51'),
	(206, 'H2212239', '/apiMgmts', 'select', 'ApiMgmtController', 'selectApiMgmtList', 51, '2023-05-25 15:22:51'),
	(207, 'H2212239', '/apiMgmt', 'insert', 'ApiMgmtController', 'apiMgmt', 97, '2023-05-25 15:23:22'),
	(208, 'H2212239', '/apiMgmts', 'select', 'ApiMgmtController', 'selectApiMgmtList', 49, '2023-05-25 15:23:22'),
	(209, 'H2212239', '/apiMgmt', 'insert', 'ApiMgmtController', 'apiMgmt', 104, '2023-05-25 15:23:46'),
	(210, 'H2212239', '/apiMgmts', 'select', 'ApiMgmtController', 'selectApiMgmtList', 47, '2023-05-25 15:23:47'),
	(211, 'H2212239', '/apiMgmt', 'insert', 'ApiMgmtController', 'apiMgmt', 118, '2023-05-25 15:24:07'),
	(212, 'H2212239', '/apiMgmts', 'select', 'ApiMgmtController', 'selectApiMgmtList', 45, '2023-05-25 15:24:07'),
	(213, 'H2212239', '/apiMgmt', 'insert', 'ApiMgmtController', 'apiMgmt', 149, '2023-05-25 15:24:53'),
	(214, 'H2212239', '/apiMgmts', 'select', 'ApiMgmtController', 'selectApiMgmtList', 47, '2023-05-25 15:24:53'),
	(215, 'H2212239', '/apiMgmt', 'insert', 'ApiMgmtController', 'apiMgmt', 98, '2023-05-25 15:25:19'),
	(216, 'H2212239', '/apiMgmts', 'select', 'ApiMgmtController', 'selectApiMgmtList', 43, '2023-05-25 15:25:19'),
	(217, 'H2212239', '/apiMgmt', 'insert', 'ApiMgmtController', 'apiMgmt', 127, '2023-05-25 15:25:42'),
	(218, 'H2212239', '/apiMgmts', 'select', 'ApiMgmtController', 'selectApiMgmtList', 54, '2023-05-25 15:25:43'),
	(219, 'H2212239', '/comboAuthAffrMgmt', 'select', 'PgmMgmtController', 'comboAuthAffrMgmt', 134, '2023-05-25 15:40:55'),
	(220, 'H2212239', '/authAffrMgmts', 'select', 'PgmMgmtController', 'selectAuthAffrMgmtList', 213, '2023-05-25 15:40:55'),
	(221, 'H2212239', '/authAffrMgmtsForGrp', 'select', 'PgmMgmtController', 'selectAuthAffrMgmtListForGrp', 113, '2023-05-25 15:40:58'),
	(222, 'H2212239', '/apiMgmts', 'select', 'ApiMgmtController', 'selectApiMgmtList', 40, '2023-05-25 15:41:03'),
	(223, 'H2212239', '/apiMgmts', 'select', 'ApiMgmtController', 'selectApiMgmtList', 51, '2023-05-25 15:44:37'),
	(224, 'H2212239', '/comboAuthAffrMgmt', 'select', 'PgmMgmtController', 'comboAuthAffrMgmt', 182, '2023-05-25 15:49:25'),
	(225, 'H2212239', '/authAffrMgmts', 'select', 'PgmMgmtController', 'selectAuthAffrMgmtList', 185, '2023-05-25 15:49:25'),
	(226, 'H2212239', '/apiMgmts', 'select', 'ApiMgmtController', 'selectApiMgmtList', 45, '2023-05-25 15:49:33'),
	(227, 'H2212239', '/apiMgmts', 'select', 'ApiMgmtController', 'selectApiMgmtList', 52, '2023-05-25 16:10:20'),
	(228, 'H2212239', '/usrGrpMgmts', 'select', 'UsrGrpMgmtController', 'selectUsrGrpMgmtById', 23, '2023-05-25 16:12:33'),
	(229, 'H2212239', '/usrGrpMgmts', 'select', 'UsrGrpMgmtController', 'selectUsrGrpMgmtById', 26, '2023-05-25 16:12:33'),
	(230, 'H2212239', '/apiMgmts', 'select', 'ApiMgmtController', 'selectApiMgmtList', 38, '2023-05-25 16:14:29'),
	(231, 'H2212239', '/usrGrpMgmts', 'select', 'UsrGrpMgmtController', 'selectUsrGrpMgmtById', 24, '2023-05-25 16:14:31'),
	(232, 'H2212239', '/apiMgmts', 'select', 'ApiMgmtController', 'selectApiMgmtList', 46, '2023-05-25 16:15:24'),
	(233, 'H2212239', '/usrGrpMgmts', 'select', 'UsrGrpMgmtController', 'selectUsrGrpMgmtById', 25, '2023-05-25 16:15:25'),
	(234, 'H2212239', '/apiMgmts', 'select', 'ApiMgmtController', 'selectApiMgmtList', 36, '2023-05-25 16:16:03'),
	(235, 'H2212239', '/usrGrpMgmts', 'select', 'UsrGrpMgmtController', 'selectUsrGrpMgmtById', 27, '2023-05-25 16:16:05'),
	(236, 'H2212239', '/usrGrpMgmts', 'select', 'UsrGrpMgmtController', 'selectUsrGrpMgmtById', 23, '2023-05-25 16:18:04'),
	(237, 'H2212239', '/usrGrpMgmts', 'select', 'UsrGrpMgmtController', 'selectUsrGrpMgmtById', 24, '2023-05-25 16:18:04'),
	(238, 'H2212239', '/usrGrpMgmts', 'select', 'UsrGrpMgmtController', 'selectUsrGrpMgmtById', 23, '2023-05-25 16:19:31'),
	(239, 'H2212239', '/usrGrpMgmts', 'select', 'UsrGrpMgmtController', 'selectUsrGrpMgmtById', 27, '2023-05-25 16:19:31'),
	(240, 'H2212239', '/usrGrpMgmts', 'select', 'UsrGrpMgmtController', 'selectUsrGrpMgmtById', 13, '2023-05-25 16:20:40'),
	(241, 'H2212239', '/usrGrpMgmts', 'select', 'UsrGrpMgmtController', 'selectUsrGrpMgmtById', 17, '2023-05-25 16:20:40'),
	(242, 'H2212239', '/apiMgmts', 'select', 'ApiMgmtController', 'selectApiMgmtList', 33, '2023-05-25 16:20:50'),
	(243, 'H2212239', '/usrGrpMgmts', 'select', 'UsrGrpMgmtController', 'selectUsrGrpMgmtById', 24, '2023-05-25 16:20:52'),
	(244, 'H2212239', '/apiMgmts', 'select', 'ApiMgmtController', 'selectApiMgmtList', 34, '2023-05-25 16:29:16'),
	(245, 'H2212239', '/ivmTotIvInfos', 'select', 'TotIvmController', 'selectTotalIvmList', 5056, '2023-05-25 17:30:37'),
	(246, 'H2212239', '/apiMgmts', 'select', 'ApiMgmtController', 'selectApiMgmtList', 35, '2023-05-25 17:30:40'),
	(247, 'H2212239', '/usrGrpMgmts', 'select', 'UsrGrpMgmtController', 'selectUsrGrpMgmtById', 22, '2023-05-25 17:30:41'),
	(248, 'H2212239', '/usrGrpMgmts', 'select', 'UsrGrpMgmtController', 'selectUsrGrpMgmtById', 31, '2023-05-25 17:31:49'),
	(249, 'H2212239', '/apiMgmts', 'select', 'ApiMgmtController', 'selectApiMgmtList', 50, '2023-05-25 17:31:49'),
	(250, 'H2212239', '/apiMgmts', 'select', 'ApiMgmtController', 'selectApiMgmtList', 36, '2023-05-25 17:32:55'),
	(251, 'H2212239', '/ivmTotIvInfos', 'select', 'TotIvmController', 'selectTotalIvmList', 1448, '2023-05-26 09:29:39'),
	(252, 'H2212239', '/apiMgmts', 'select', 'ApiMgmtController', 'selectApiMgmtList', 35, '2023-05-26 09:29:43'),
	(253, 'H2212239', '/ivmTotIvInfos', 'select', 'TotIvmController', 'selectTotalIvmList', 1572, '2023-05-26 10:02:23'),
	(254, 'H2212239', '/ivmTotIvInfos', 'select', 'TotIvmController', 'selectTotalIvmList', 1477, '2023-05-26 10:13:44'),
	(255, 'H2212239', '/apiMgmts', 'select', 'ApiMgmtController', 'selectApiMgmtList', 30, '2023-05-26 10:50:25'),
	(256, 'H2212239', '/usrGrpMgmts', 'select', 'UsrGrpMgmtController', 'selectUsrGrpMgmtById', 17, '2023-05-26 10:50:27'),
	(257, 'H2212239', '/usrGrpMgmts', 'select', 'UsrGrpMgmtController', 'selectUsrGrpMgmtById', 49, '2023-05-26 10:57:09'),
	(258, 'H2212239', '/apiMgmts', 'select', 'ApiMgmtController', 'selectApiMgmtList', 72, '2023-05-26 10:57:09'),
	(259, 'H2212239', '/apiMgmts', 'select', 'ApiMgmtController', 'selectApiMgmtList', 26, '2023-05-26 10:58:33'),
	(260, 'H2212239', '/ivmTotIvInfos', 'select', 'TotIvmController', 'selectTotalIvmList', 1505, '2023-05-26 10:59:14'),
	(261, 'H2212239', '/apiMgmts', 'select', 'ApiMgmtController', 'selectApiMgmtList', 32, '2023-05-26 10:59:14'),
	(262, 'H2212239', '/usrGrpMgmts', 'select', 'UsrGrpMgmtController', 'selectUsrGrpMgmtById', 18, '2023-05-26 10:59:15'),
	(263, 'H2212239', '/apiMgmts', 'select', 'ApiMgmtController', 'selectApiMgmtList', 32, '2023-05-26 11:00:26'),
	(264, 'H2212239', '/apiMgmts', 'select', 'ApiMgmtController', 'selectApiMgmtList', 49, '2023-05-26 11:31:38'),
	(265, 'H2212239', '/usrGrpMgmts', 'select', 'UsrGrpMgmtController', 'selectUsrGrpMgmtById', 32, '2023-05-26 11:31:41'),
	(266, 'H2212239', '/apiMgmts', 'select', 'ApiMgmtController', 'selectApiMgmtList', 28, '2023-05-26 11:33:02'),
	(267, 'H2212239', '/apiAuth', 'update', 'ApiMgmtController', 'apiAuth', 36985, '2023-05-26 11:33:47'),
	(268, 'H2212239', '/apiAuth', 'update', 'ApiMgmtController', 'apiAuth', 21948, '2023-05-26 11:35:20'),
	(269, 'H2212239', '/apiAuth', 'update', 'ApiMgmtController', 'apiAuth', 38554, '2023-05-26 11:37:18'),
	(270, 'H2212239', '/apiAuth', 'update', 'ApiMgmtController', 'apiAuth', 28761, '2023-05-26 11:37:57'),
	(271, 'H2212239', '/apiAuth', 'update', 'ApiMgmtController', 'apiAuth', 24587, '2023-05-26 11:39:00'),
	(272, 'H2212239', '/apiAuth', 'update', 'ApiMgmtController', 'apiAuth', 8277, '2023-05-26 11:39:40'),
	(273, 'H2212239', '/usrGrpMgmts', 'select', 'UsrGrpMgmtController', 'selectUsrGrpMgmtById', 20, '2023-05-26 12:02:50'),
	(274, 'H2212239', '/apiMgmts', 'select', 'ApiMgmtController', 'selectApiMgmtList', 43, '2023-05-26 12:07:24'),
	(275, 'H2212239', '/usrGrpMgmts', 'select', 'UsrGrpMgmtController', 'selectUsrGrpMgmtById', 22, '2023-05-26 12:07:29'),
	(276, 'H2212239', '/apiMgmtsByApiAuth', 'select', 'ApiMgmtController', 'selectApiMgmtListByApiAuth', 40, '2023-05-26 12:07:37'),
	(277, 'H2212239', '/apiMgmtsByApiAuth', 'select', 'ApiMgmtController', 'selectApiMgmtListByApiAuth', 44, '2023-05-26 12:09:26'),
	(278, 'H2212239', '/apiMgmtsByApiAuth', 'select', 'ApiMgmtController', 'selectApiMgmtListByApiAuth', 84, '2023-05-26 12:41:40'),
	(279, 'H2212239', '/apiMgmtsByApiAuth', 'select', 'ApiMgmtController', 'selectApiMgmtListByApiAuth', 40, '2023-05-26 12:43:23'),
	(280, 'H2212239', '/apiMgmtsByApiAuth', 'select', 'ApiMgmtController', 'selectApiMgmtListByApiAuth', 12135, '2023-05-26 12:49:44'),
	(281, 'H2212239', '/apiMgmtsByApiAuth', 'select', 'ApiMgmtController', 'selectApiMgmtListByApiAuth', 36, '2023-05-26 12:50:56'),
	(282, 'H2212239', '/apiMgmtsByApiAuth', 'select', 'ApiMgmtController', 'selectApiMgmtListByApiAuth', 38, '2023-05-26 12:51:17'),
	(283, 'H2212239', '/apiAuth', 'update', 'ApiMgmtController', 'apiAuth', 25, '2023-05-26 12:51:24'),
	(284, 'H2212239', '/apiMgmts', 'select', 'ApiMgmtController', 'selectApiMgmtList', 30, '2023-05-26 12:51:32'),
	(285, 'H2212239', '/usrGrpMgmts', 'select', 'UsrGrpMgmtController', 'selectUsrGrpMgmtById', 15, '2023-05-26 12:51:32'),
	(286, 'H2212239', '/apiMgmtsByApiAuth', 'select', 'ApiMgmtController', 'selectApiMgmtListByApiAuth', 28, '2023-05-26 12:51:33'),
	(287, 'H2212239', '/apiMgmtsByApiAuth', 'select', 'ApiMgmtController', 'selectApiMgmtListByApiAuth', 28, '2023-05-26 12:52:32'),
	(288, 'H2212239', '/apiAuth', 'update', 'ApiMgmtController', 'apiAuth', 26, '2023-05-26 12:52:41'),
	(289, 'H2212239', '/apiMgmtsByApiAuth', 'select', 'ApiMgmtController', 'selectApiMgmtListByApiAuth', 30, '2023-05-26 12:52:41'),
	(290, 'H2212239', '/apiMgmtsByApiAuth', 'select', 'ApiMgmtController', 'selectApiMgmtListByApiAuth', 29, '2023-05-26 12:54:32'),
	(291, 'H2212239', '/apiAuth', 'update', 'ApiMgmtController', 'apiAuth', 25, '2023-05-26 12:54:35'),
	(292, 'H2212239', '/apiMgmtsByApiAuth', 'select', 'ApiMgmtController', 'selectApiMgmtListByApiAuth', 30, '2023-05-26 12:54:37'),
	(293, 'H2212239', '/apiAuth', 'update', 'ApiMgmtController', 'apiAuth', 20, '2023-05-26 12:54:40'),
	(294, 'H2212239', '/apiMgmtsByApiAuth', 'select', 'ApiMgmtController', 'selectApiMgmtListByApiAuth', 25, '2023-05-26 12:54:42'),
	(295, 'H2212239', '/ivmTotIvInfos', 'select', 'TotIvmController', 'selectTotalIvmList', 1061, '2023-05-26 13:06:41'),
	(296, 'H2212239', '/apiMgmts', 'select', 'ApiMgmtController', 'selectApiMgmtList', 35, '2023-05-26 13:06:43'),
	(297, 'H2212239', '/usrGrpMgmts', 'select', 'UsrGrpMgmtController', 'selectUsrGrpMgmtById', 28, '2023-05-26 13:06:44'),
	(298, 'H2212239', '/apiMgmtsByApiAuth', 'select', 'ApiMgmtController', 'selectApiMgmtListByApiAuth', 38, '2023-05-26 13:06:46'),
	(299, 'H2212239', '/ivmTotIvInfos', 'select', 'TotIvmController', 'selectTotalIvmList', 1005, '2023-05-26 13:26:24'),
	(300, 'H2212239', '/apiMgmts', 'select', 'ApiMgmtController', 'selectApiMgmtList', 38, '2023-05-26 13:26:26'),
	(301, 'H2212239', '/usrGrpMgmts', 'select', 'UsrGrpMgmtController', 'selectUsrGrpMgmtById', 15, '2023-05-26 13:26:27'),
	(302, 'H2212239', '/ivmTotIvInfos', 'select', 'TotIvmController', 'selectTotalIvmList', 925, '2023-05-26 14:42:19'),
	(303, 'H2212239', '/ivmTotIvInfos', 'select', 'TotIvmController', 'selectTotalIvmList', 1004, '2023-05-26 16:18:49'),
	(304, 'H2212239', '/ivmTotIvInfos', 'select', 'TotIvmController', 'selectTotalIvmList', 2482, '2023-05-26 18:32:13');
/*!40000 ALTER TABLE `tb_log_use` ENABLE KEYS */;

/*!40101 SET SQL_MODE=IFNULL(@OLD_SQL_MODE, '') */;
/*!40014 SET FOREIGN_KEY_CHECKS=IFNULL(@OLD_FOREIGN_KEY_CHECKS, 1) */;
/*!40101 SET CHARACTER_SET_CLIENT=@OLD_CHARACTER_SET_CLIENT */;
/*!40111 SET SQL_NOTES=IFNULL(@OLD_SQL_NOTES, 1) */;
