<?xml version="1.0" encoding="UTF-8"?>
<!DOCTYPE mapper PUBLIC "-//mybatis.org//DTD Mapper 3.0//EN" "http://mybatis.org/dtd/mybatis-3-mapper.dtd">


<mapper namespace="com.oms.common.dao.CommDAO">
  <!--
        Query Name  : aes.com.codeDAO.selectcodeList
        Description :
    -->
    <select id="selectCodeList" parameterType="commReqDTO" resultType="vehlMgmtResDTO">
                /* aes.com.commDAO.selectcodeList */
        <![CDATA[
            SELECT
                   dl_expd_g_cd,
                   dl_expd_prvs_cd,
                   dl_expd_prvs_nm,
                   sort_sn,
                   use_yn,
                   pprr_eeno,
                   fram_dtm,
                   updr_eeno,
                   mdfy_dtm
              FROM tb_code_mgmt
where 1=1
        ]]>

        <if test = 'dlExpdGCd != null and dlExpdGCd != ""'>
        and dl_expd_g_cd = #{dlExpdGCd}
        </if>
    </select>


 <!--

        Description : 사용자 그룹 변동으로 인한 쿼리변경
    -->
 <select id="userMgmtPop" parameterType="usrMgmtReqDTO" resultType="usrMgmtResDTO">
        /* aes.com.CommomDAO.selectUsrList */


        select USER_EENO,
             GRP_NM as CO_NM,
             C.DL_EXPD_PRVS_NM as DEPT_NM ,
             USER_NM ,
             A.BLNS_CO_CD
                , A.USER_EML_ADR
                ,'N' as chkYn  from tb_usr_mgmt a
                left join tb_usr_GRP_mgmt b on a.GRP_CD  = b.GRP_CD
                 left join TB_CODE_MGMT C on A.USER_DCD  = C.DL_EXPD_PRVS_CD  and C.DL_EXPD_G_CD ='0011'
                left join TB_CODE_MGMT D on A.BLNS_CO_CD = D.DL_EXPD_PRVS_CD and D.DL_EXPD_G_CD ='0001'
                where  1=1
                and A.USE_YN   ='Y'
                and B.USE_YN ='Y'
                and C.USE_YN  = 'Y'
                and D.USE_YN = 'Y'
                AND A.BLNS_CO_CD = #{dlExpdCoCd}

                <choose>
                    <when test =   'grpCd == "101"'>
                         and  ( B.grp_cd= '100'
                        <if test= 'grpCd != null and grpCd != ""'>
                        or    B.grp_cd =  #{grpCd}
                        </if>
                        )
                    </when>
                    <when test =   'grpCd =="103"'>
                       and     B.grp_cd ='103'
                    </when>
                      <when test =   'grpCd =="104"'>
                         and   B.grp_cd ='104'
                    </when>
                    <when test =   'grpCd =="105"'>
                        and    B.grp_cd ='105'
                    </when>
                    <when test =   'grpCd =="106"'>
                      and      B.grp_cd ='106'
                    </when>

                </choose>


        ORDER BY A.USER_NM
    </select>



    <insert id="insertYongsanVehlInfoIf" parameterType="java.util.List">
        INSERT IGNORE INTO
            tb_yongsan_vehl_info_if (
                CO_CD, VEHL_CD, VEHL_NM
            ) VALUES

         <foreach item="item" collection="list" separator=",">
            (#{item.company}, #{item.vehCd},  #{item.vehlNM})
         </foreach>
    </insert>
    <insert id="insertYongsanIvInfoIf" parameterType="java.util.List">
        INSERT IGNORE INTO
            tb_yongsan_iv_info_if (
                APL_YMD,           /* 적용(기준)일자  */
                COMPANY,              /* 회사코드 */
                VEH_CD,            /* 차종코드 */
                MTRL_CD,            /* 품번 */
                VEHL_STOCK,              /* 차량재고 */
                STOCK_ON_MOVE,     /* 이동중재고 */
                STOCK_ONE_ALL_ITEM, /* 원올단품 */
                STOCK_ONE_ALL_KIT,  /* 원올KIT */
                STOCK_ON_LOCAL,    /* 지역재고 */
                STOCK_SUM,
                DELIVER_VEHL_CNT,           /* 출고대수 */
                RESPONSE_DAYS,           /* 대응일수 */
                ORDER_AMOUNT,            /* 발주 */
                REST_AMOUNT ,           /* 입고잔량 */
                FRAM_DTM
            ) VALUES

         <foreach item="item" collection="list" separator=",">
            (
                #{item.aplYmd},
                #{item.company},
                #{item.vehCd},
                #{item.mtrlCd},
                #{item.vehlStock},
                #{item.stockOnMove},
                #{item.stockOneAllItem},
                #{item.stockOneAllKit},
                #{item.stockOnLocal},
                #{item.stockSum},
                #{item.deliverVehlCnt},
                #{item.responseDays},
                #{item.orderAmount},
                #{item.restAmount},
                 NOW()
             )
         </foreach>
    </insert>

     <select id="selectYongsanIvInfoIfCnt" resultType="Integer">
        SELECT COUNT(*) FROM tb_log_sched;
     </select>



 <select id="selectNoticeList" parameterType="boardReqDTO" resultType="boardResDTO">
                /* aes.com.commDAO.selectcodeList */
        <![CDATA[
     select

        BLC_SN,
        AFFR_SCN_CD,
        RGN_EENO,
        BLC_RGST_YMD,
        BLC_TITL_NM,
        BLC_SBC,
        ATTC_YN,
        N1AFP2_ADR,
        BUL_STRT_YMD,
        BUL_FNH_YMD,
        BUL_YN,
        PPRR_EENO,
        FRAM_DTM,
        UPDR_EENO,
        MDFY_DTM



from tb_board_mgmt tbm

where    DATE_FORMAT(bul_strt_ymd,'%Y%M%d')<= date_format(sysdate(),'%Y%M%d')
and  date_format(sysdate(),'%Y%M%d') <=DATE_FORMAT(bul_fnh_ymd,'%Y%M%d')
AND BUL_YN = 'Y'
        ]]>


    </select>

 <select id="noticePopYn" parameterType="boardReqDTO" resultType="String">
                /* aes.com.commDAO.selectcodeList */
        <![CDATA[

            select case when COUNT(*)>0 then 'Y' else 'N' end as POP_YN
            from tb_board_mgmt A
            join tb_rcvr_mgmt B
            on A.BLC_SN  = B.GBN_SN
            where    DATE_FORMAT(bul_strt_ymd,'%Y%M%d')<= date_format(sysdate(),'%Y%M%d')
            and  date_format(sysdate(),'%Y%M%d') <=DATE_FORMAT(bul_fnh_ymd,'%Y%M%d')
            and bul_yn = 'Y'
            and B.RCVR_EENO = #{userEeno}
        ]]>


    </select>



</mapper>

