<?xml version="1.0" encoding="UTF-8"?>
<!DOCTYPE mapper PUBLIC "-//mybatis.org//DTD Mapper 3.0//EN" "http://mybatis.org/dtd/mybatis-3-mapper.dtd">


<mapper namespace="com.oms.common.dao.MailDAO">

    <insert id="insertLogEml" parameterType="mailDTO" useGeneratedKeys="true" keyProperty="emlCd">
        INSERT INTO tb_log_eml (
            EML_SCD_CD,
            EML_ID,
            SNDR_ID,
            EML_TITL,
            EML_SBC,
            FS_SND_DATE,
            DATA_GB_VAL
        ) VALUES(
            #{emlScdCd},
            "",
            #{sndrId},
            #{emlTitl},
            #{emlSbc},
            NOW(),
            #{dataGbnVal}
        )

    </insert>


    <insert id="insertLogEmlSnd" parameterType="mailDTO">
        INSERT INTO tb_log_eml_snd (
            EML_CD,
            RCVR_ID,
            ADRE_EML,
            EML_ST_CD,
            SND_DATE
        ) VALUES
        <foreach item="item" collection="rcvList" separator=",">
        (
            #{emlCd},
            #{item.emlId},
            #{item.emlAdr},
            #{emlStCd},
            SYSDATE()
        )
        </foreach>
    </insert>

    <update id="updateLogEmlSnd" parameterType="mailDTO">
        UPDATE tb_log_eml_snd SET
            EML_ST_CD = #{emlStCd},
            SND_DATE = SYSDATE()
        WHERE
            EML_CD = #{emlCd}
    </update>





    <select id="selectEmlAdrList" parameterType="java.util.List" resultType="mail">
      /* QueryID = selectEmlAdrList  */
      SELECT
        user_eeno AS emlId,
        user_eml_adr AS emlAdr
      FROM
        tb_usr_mgmt
      WHERE
        user_eeno IN (
         <foreach item="item" collection="list" separator=",">
            #{item}
         </foreach>
        )

    </select>

    <select id="selectRcvLIst" parameterType="mailDTO" resultType="mail">
        /* QueryID = selectRcvrList  */
        SELECT
            RCVR_ID AS EML_ID,
            B.USER_EML_ADR AS EML_ADR
        FROM TB_EML_RCVR_MGMT A
        JOIN TB_USR_MGMT B ON A.RCVR_ID = B.USER_EENO
        WHERE A.EML_SCD_CD = #{emlScdCd}
        AND B.USE_YN = 'Y'
    </select>

    <select id="selectUrgentPrintList" resultType="mailDTO">
        /* UrgentPrintList  */
        SELECT
            B.EML_CD
            , B.EML_SCD_CD
            , B.EML_ID
            , B.SNDR_ID
            , B.EML_TITL
            , B.EML_SBC
            , B.FS_SND_DATE
            , B.DATA_GB_VAL
            , A.RCVR_ID
            , A.ADRE_EML
            , A.EML_ST_CD
            , A.SND_DATE
        FROM TB_LOG_EML_SND A
        INNER JOIN TB_LOG_EML B ON 1=1
            AND DATE_FORMAT(B.FS_SND_DATE, '%Y%m%d') = DATE_FORMAT(NOW(), '%Y%m%d')
            AND B.EML_CD = A.EML_CD
            AND B.EML_SCD_CD = '03'
        WHERE 1=1
            AND A.EML_ST_CD = '발송대기'
            AND A.RCVR_ID NOT LIKE '%배치%'
    </select>

    <select id="selectEmlAdrListByVehlAndGrpCd" parameterType="mailDTO" resultType="mail">
    /* selectEmlAdrListByVehlAndGrpCd */
    <![CDATA[
        SELECT
            A.CRGR_EENO AS emlId
            , B.USER_EML_ADR AS emlAdr
        FROM TB_VEHL_CRGR_MGMT A
        LEFT JOIN TB_USR_MGMT B ON B.USER_EENO = A.CRGR_EENO
        WHERE 1=1
        AND A.QLTY_VEHL_CD = #{qltyVehlCd}
    ]]>
    <if test="mdlMdyCd != null and mdlMdyCd != ''" >
        AND A.MDL_MDY_CD = #{mdlMdyCd}
    </if>
    <if test="grpCds != null and grpCds != ''" >
        AND A.GRP_CD IN
        <foreach collection="grpCds" item="item" open="(" close=")" separator=",">
            #{item}
        </foreach>
    </if>
    </select>

</mapper>
