<?xml version="1.0" encoding="UTF-8"?>
<!DOCTYPE mapper PUBLIC "-//mybatis.org//DTD Mapper 3.0//EN" "http://mybatis.org/dtd/mybatis-3-mapper.dtd">



<mapper namespace="com.oms.print.dao.PrintStateDAO">

<select id = "selectPrintStateList" parameterType="printStateReqDTO" resultType="printStateResDTO">
WITH T AS (SELECT A.CL_SCN_CD,
                                C.QLTY_VEHL_CD,
                                C.MDL_MDY_CD,
                                C.LANG_CD,
                                B.DL_EXPD_PDI_CD,
                                B.QLTY_VEHL_NM AS QLTY_VEHL_NM,
                                CONCAT(C.MDL_MDY_CD, 'MY') AS MDL_MDY_NM,
                                C.LANG_CD_NM AS LANG_CD_NM,
                                C.DL_EXPD_REGN_CD,
                                C.SORT_SN AS LANG_SORT_SN
                            FROM (SELECT QLTY_VEHL_CD,
                                         MAX(CL_SCN_CD) AS CL_SCN_CD
                                    FROM TB_AUTH_VEHL
                                   WHERE USER_EENO = #{userEeno}
                                   AND DL_EXPD_CO_CD = #{dlExpdCoCd}
                                   <if test = 'qltyVehlCd != null and qltyVehlCd != ""' >
                                     AND QLTY_VEHL_CD = #{qltyVehlCd}
                                     </if>
                                GROUP BY QLTY_VEHL_CD
                                ) A,
                                TB_VEHL_MGMT B,
                                TB_LANG_MGMT C
                        WHERE A.QLTY_VEHL_CD = B.QLTY_VEHL_CD
                            AND A.QLTY_VEHL_CD = C.QLTY_VEHL_CD
                            AND B.MDL_MDY_CD = C.MDL_MDY_CD
                            <if test = 'mdlMdyCd != null and mdlMdyCd != ""' >
                                AND B.MDL_MDY_CD = #{mdlMdyCd}
                            </if>
                            <if test = 'expdPdiCd != null and expdPdiCd != ""' >
                                AND B.DL_EXPD_PDI_CD = #{expdPdiCd}
                            </if>
                            <if test = 'dlExpdRegnCd != null and dlExpdRegnCd != ""' >
                                AND C.DL_EXPD_REGN_CD = #{dlExpdRegnCd}
                            </if>
                               <if test = 'langCd != null and langCd != ""' >
                                AND C.LANG_CD = #{langCd}
                            </if>
                            )
                        SELECT A.N_PRNT_PBCN_NO as NEW_PRNT_PBCN_NO,
                                D.QLTY_VEHL_NM,
                                D.LANG_CD_NM,
                                DATE_FORMAT(STR_TO_DATE(B.PRNT_PARR_YMD, '%Y%m%d'), '%Y-%m-%d') AS PRNT_PARR_YMD,
                                DATE_FORMAT(STR_TO_DATE(B.DLVG_PARR_YMD, '%Y%m%d'), '%Y-%m-%d') AS DLVG_PARR_YMD,
                                B.I_WAY_CD,
                                B.PRNT_PARR_QTY,
                                B.PRNT_PARR_BGT,
                                B.PRNT_PARR_QTY * B.SALE_UNP AS PRNT_PARR_BGT2,
                                B.SALE_UNP,
                                B.PRTL_IMTR_SBC,
                                FU_GET_REVICE_COUNT(A.QLTY_VEHL_CD, A.LANG_CD, A.N_PRNT_PBCN_NO) AS REVISE_QTY,
                                A.QLTY_VEHL_CD,
                                A.MDL_MDY_CD,
                                A.LANG_CD,
                                D.CL_SCN_CD,
                                D.DL_EXPD_REGN_CD,
                                B.PRTL_IMTR_SBC2,
                                B.PRTL_IMTR_SBC3,
                                A.DL_EXPD_PDI_CD,
                                (select xa.DL_EXPD_PRVS_NM  from tb_code_mgmt xa where xa.DL_EXPD_G_CD='0008' and xa.DL_EXPD_PRVS_CD = D.DL_EXPD_REGN_CD)  as REGN_NM,
                                (select xa.DL_EXPD_PRVS_NM  from tb_code_mgmt xa where xa.DL_EXPD_G_CD='0024' and xa.DL_EXPD_PRVS_CD = B.I_WAY_CD)  as I_WAY_NM,
                                IFNULL(B.ATTC_YN,'N') AS ATTC_YN
                            FROM (
                                    SELECT P.N_PRNT_PBCN_NO,
                                            P.QLTY_VEHL_CD,
                                            P.MDL_MDY_CD,
                                            P.LANG_CD,
                                            P.DL_EXPD_PDI_CD
                                        FROM (SELECT T.N_PRNT_PBCN_NO,
                                                    T.QLTY_VEHL_CD,
                                                    T.MDL_MDY_CD,
                                                    T.LANG_CD,
                                                    T.DL_EXPD_PDI_CD,
                                                    ROWNUM() AS ROWNM
                                                FROM (SELECT B.N_PRNT_PBCN_NO,
                                                            A.QLTY_VEHL_CD,
                                                            A.MDL_MDY_CD,
                                                            A.LANG_CD,
                                                            A.DL_EXPD_PDI_CD
                                                        FROM T A,
                                                            TB_PRNT_REQ_INFO B,
                                                            TB_PRNT_BKGD_INFO C
                                                    WHERE A.QLTY_VEHL_CD = B.QLTY_VEHL_CD
                                                        AND A.MDL_MDY_CD = B.MDL_MDY_CD
                                                        AND A.LANG_CD = B.LANG_CD
                                                        AND A.QLTY_VEHL_CD = C.QLTY_VEHL_CD
                                                        AND A.MDL_MDY_CD = C.MDL_MDY_CD
                                                        AND A.LANG_CD = C.LANG_CD
                                                        AND B.N_PRNT_PBCN_NO = C.N_PRNT_PBCN_NO
                                                        <if test = 'newPrntPbcnNo != null and newPrntPbcnNo != ""' >
                                                            AND UPPER(B.N_PRNT_PBCN_NO) LIKE Upper('%'|| #{newPrntPbcnNo}||'%')
                                                        </if>

                                                      and  str_to_date(ORDN_RQST_YMD,'%Y%m%d') between #{sDate} and #{eDate}

                                                        AND C.DL_EXPD_RDCS_ST_CD = '02'

                                                <if test = 'iWayCd != null and iWayCd != ""' >
                                                        AND B.I_WAY_CD = (CASE WHEN #{iWayCd}='' THEN B.I_WAY_CD ELSE #{iWayCd} END)
                                                </if>
                                                    ORDER BY A.QLTY_VEHL_CD, A.LANG_SORT_SN, C.TRTM_YMD DESC
                                                    ) T
                                                ) P
                                    ) A,
                                    TB_PRNT_REQ_INFO B,
                                    TB_PRNT_BKGD_INFO C,
                                    T D
                        WHERE A.N_PRNT_PBCN_NO = B.N_PRNT_PBCN_NO
                            AND A.N_PRNT_PBCN_NO = C.N_PRNT_PBCN_NO
                            AND A.QLTY_VEHL_CD = D.QLTY_VEHL_CD
                            AND A.MDL_MDY_CD = D.MDL_MDY_CD
                            AND A.LANG_CD = D.LANG_CD
                        ORDER BY C.MDFY_DTM DESC, A.QLTY_VEHL_CD, D.LANG_SORT_SN
</select>





    <!--
        Query Name  : aes.stm.prntPage.PrntPageDAO.selectPrntFpInfo
        Description : 인쇄시 재고,오더,생산량 및 인쇄세부내역 조회
            since          author              description
        ===========    =============    ===========================
        2016.4.18      CH LEE                최초 생성
    -->
    <select id="selectPrntFpInfo" parameterType="printStateComDTO" resultType="printStateResDTO">
        /* aes.stm.prntPage.PrntPageDAO.selectPrntFpInfo */
        <![CDATA[
             SELECT A.N_PRNT_PBCN_NO,
                    A.QLTY_VEHL_CD,
                    A.MDL_MDY_CD,
                    A.LANG_CD,
                    A.DLVG_PARR_YMD,
                    A.DL_EXPD_DLVG_PL_CD,
                    A.OLD_PRNT_PBCN_NO,
                    A.I_WAY_SBC,
                    A.BKBD_WAY_SBC,
                    A.PG_MGN_SBC,
                    A.DEPCQ1_SBC,
                    A.DEIPQ1_SBC,
                    A.PRNT_CVR_SBC,
                    A.PRNT_INSD_PG_SBC,
                    A.C_PRNT_CVR_SBC,
                    A.C_PRNT_INSD_PG_SBC,
                    A.CVR_CEG_SBC,
                    A.PG_NL,
                    A.CVR_NL,
                    A.EXPD_NL,
                    A.GRN_DOC_NL,
                    A.POST_CRD_NL,
                    A.EOFU1_NL,
                    A.NR_FLM_MKO_NL,
                    A.DGTL_PRNT_NL,
                    A.OORD_EDIT_PG_NL,
                    A.OORD_EDIT_CO_CD,
                    A.DEPC1_QTY,
                    A.REM,
                    A.IV_QTY,
                    A.ORD_QTY,
                    A.MO_AVG_PRDN_QTY,
                    A.RQ_QTY,
                    B.DL_EXPD_PRVS_NM
                FROM TB_PRNT_FP_INFO A,
                    TB_CODE_MGMT B
            WHERE A.N_PRNT_PBCN_NO = #{newPrntPbcnNo}
                AND A.QLTY_VEHL_CD = #{qltyVehlCd}
                AND A.MDL_MDY_CD = #{mdlMdyCd}
                AND A.LANG_CD = #{langCd}
                AND B.DL_EXPD_G_CD = '0005'
                AND B.DL_EXPD_PRVS_CD = A.DL_EXPD_DLVG_PL_CD
        ]]>
    </select>

<!--
        Query Name  : aes.mri.prntApvlInfo.PrntApvlInfoDAO.selectPrntApvlInfo

    -->
    <select id="selectPrntApvlInfo" parameterType="printStateComDTO" resultType="printStateResDTO">
        /* aes.mri.prntApvlInfo.PrntApvlInfoDAO.selectPrntApvlInfo */
        <![CDATA[
            SELECT
            date_format(A.ORDN_RQST_YMD,'%Y-%m-%d') as ORDN_RQST_YMD,
            A.*,
            A.N_PRNT_PBCN_NO AS NEW_PRNT_PBCN_NO,

            (select xa.DL_EXPD_PRVS_NM  from tb_code_mgmt xa where xa.DL_EXPD_G_CD='0024' and xa.DL_EXPD_PRVS_CD = A.I_WAY_CD)  as I_WAY_NM,
            (select xa.DL_EXPD_PRVS_NM  from tb_code_mgmt xa where xa.DL_EXPD_G_CD='0024' and xa.DL_EXPD_PRVS_CD = A.I_WAY_CD)  as PRNT_WAY_CD2_NM,
                    CONCAT('(', C.QLTY_VEHL_CD, ')', C.QLTY_VEHL_NM, '-', C.MDL_MDY_CD, 'MY') AS QLTY_VEHL_NM,
                    CONCAT('(', B.LANG_CD, ')', B.LANG_CD_NM) AS LANG_CD_NM,
                    IFNULL(IV_QTY, (SELECT IFNULL(SUM(IV_QTY), 0) AS V_IV_QTY1
                                    FROM TB_SEWON_IV_INFO
                                WHERE QLTY_VEHL_CD = #{qltyVehlCd}
                                    AND DL_EXPD_MDL_MDY_CD = #{mdlMdyCd}
                                    AND LANG_CD = #{langCd}
                                    AND CLS_YMD = DATE_FORMAT(SYSDATE(), '%Y%m%d') + (SELECT IFNULL(SUM(IV_QTY), 0) AS V_IV_QTY2
                                                                                        FROM TB_PDI_IV_INFO
                                                                                    WHERE QLTY_VEHL_CD = #{qltyVehlCd}
                                                                                        AND DL_EXPD_MDL_MDY_CD = #{mdlMdyCd}
                                                                                        AND LANG_CD = #{langCd}
                                                                                        AND CLS_YMD = DATE_FORMAT(SYSDATE(), '%Y%m%d')))) AS IV_QTY,
                    IFNULL(ORD_QTY, (SELECT IFNULL(SUM(TMM_ORD_QTY), 0) AS V_ORD_QTY
                                        FROM TB_APS_PROD_SUM_INFO
                                    WHERE QLTY_VEHL_CD = #{qltyVehlCd}
                                        AND MDL_MDY_CD = #{mdlMdyCd}
                                        AND LANG_CD = #{langCd}
                                        AND APL_YMD = DATE_FORMAT(SYSDATE(), '%Y%m%d'))) AS ORD_QTY,
                    IFNULL(MO_AVG_PRDN_QTY, (SELECT IFNULL(SUM(MTH3_MO_AVG_TRWI_QTY), 0) AS V_MO_AVG_PRDN_QTY
                                                FROM TB_APS_PROD_SUM_INFO
                                            WHERE QLTY_VEHL_CD = #{qltyVehlCd}
                                                AND MDL_MDY_CD = #{mdlMdyCd}
                                                AND LANG_CD = #{langCd}
                                                AND APL_YMD = DATE_FORMAT(SYSDATE(), '%Y%m%d'))) AS MO_AVG_PRDN_QTY,
                    D.REM, IFNULL(D.OLD_PRNT_PBCN_NO, A.OLD_PRNT_PBCN_NO) AS OLD_PRNT_PBCN_NO1,
                    E.USER_NM AS CRGR_NM
                FROM TB_PRNT_REQ_INFO A
                    LEFT OUTER JOIN
                    TB_PRNT_FP_INFO D
                    ON A.N_PRNT_PBCN_NO = D.N_PRNT_PBCN_NO
                    LEFT OUTER JOIN
                    TB_USR_MGMT E
                    ON A.CRGR_EENO = E.USER_EENO
                    , TB_LANG_MGMT B
                    , TB_VEHL_MGMT C
            WHERE A.N_PRNT_PBCN_NO = #{newPrntPbcnNo}
                AND A.QLTY_VEHL_CD = #{qltyVehlCd}
                AND A.MDL_MDY_CD = #{mdlMdyCd}
                AND A.LANG_CD = #{langCd}
                AND A.QLTY_VEHL_CD = B.QLTY_VEHL_CD
                AND A.MDL_MDY_CD = B.MDL_MDY_CD
                AND A.LANG_CD = B.LANG_CD
                AND A.QLTY_VEHL_CD = C.QLTY_VEHL_CD
                AND A.MDL_MDY_CD = C.MDL_MDY_CD
        ]]>
    </select>
 <!--
        Query Name  : aes.print.state.PrintStateDAO.selectReviceInfoList
        Description : 발간번호에 해당하는 개정내역 조회

    -->
    <select id="selectReviceInfoList" parameterType="printStateComDTO" resultType="printStateResDTO">
        /* aes.print.state.PrintStateDAO.selectReviceInfoList */
        <![CDATA[
             SELECT A.DL_EXPD_ALTR_NO,
                    B.ALTR_SBC AS ALTR_SBC,
                    B.ALTR_SBC AS ALTR_SBC1,
                    b.ALTR_TITL
                FROM (SELECT DL_EXPD_ALTR_NO
                        FROM TB_CHKLIST_DTL_INFO
                    WHERE QLTY_VEHL_CD = #{qltyVehlCd}
                        AND LANG_CD = #{langCd}
                        AND N_PRNT_PBCN_NO = #{newPrntPbcnNo}
                    GROUP BY DL_EXPD_ALTR_NO
                    ) A,
                    TB_CHKLIST_INFO B,
                    TB_CODE_MGMT C
            WHERE A.DL_EXPD_ALTR_NO = B.DL_EXPD_ALTR_NO
                AND B.RCPM_SHAP_CD = C.DL_EXPD_PRVS_CD
                AND C.DL_EXPD_G_CD = '0010'
                AND B.DEL_YN = 'N'
            ORDER BY CASE WHEN B.RCPM_SHAP_CD IN ('05', '06', '07') THEN 1 ELSE 2 END, B.DL_EXPD_ALTR_NO
        ]]>
    </select>
    <select id="selectPrntPageYn" parameterType="String" resultType="String">
        /* aes.print.state.PrintStateDAO.selectReviceInfoList */
        <![CDATA[
            SELECT (CASE WHEN COUNT(*)>0 THEN 'Y' ELSE 'N' END) AS CHK
              FROM tb_prnt_page_mgmt
             WHERE N_PRNT_PBCN_NO = #{newPrntPbcnNo}

        ]]>
    </select>
<select id = "selectTotalIvm" parameterType="printStateReqDTO" resultType="printStateResDTO">
WITH t
AS
  (
         SELECT a.cl_scn_cd,
                c.data_sn,
                c.qlty_vehl_cd,
                c.mdl_mdy_cd,
                c.lang_cd,
                b.qlty_vehl_nm AS qlty_vehl_nm,
                c.lang_cd_nm   AS lang_cd_nm,
                c.dl_expd_regn_cd,
                c.sort_sn AS lang_sort_sn
         FROM   (
                         SELECT   qlty_vehl_cd,
                                  max(cl_scn_cd) AS cl_scn_cd
                         FROM     tb_auth_vehl
                         WHERE    1=1
                         AND      user_eeno = #{userEeno}
                         AND      dl_expd_co_cd = #{dlExpdCoCd}
                         AND      qlty_vehl_cd = #{qltyVehlCd}
                         GROUP BY qlty_vehl_cd ) a,
                tb_vehl_mgmt b,
                tb_lang_mgmt c
         WHERE  1=1
         AND    a.qlty_vehl_cd = b.qlty_vehl_cd
         AND    a.qlty_vehl_cd = c.qlty_vehl_cd
         AND    b.mdl_mdy_cd = c.mdl_mdy_cd
         AND    b.mdl_mdy_cd = #{mdlMdyCd}
         AND    b.use_yn = 'Y'
         AND    c.use_yn = 'Y' )
  SELECT          a.cl_scn_cd,
                  a.data_sn,
                  a.qlty_vehl_cd,
                  a.mdl_mdy_cd,
                  a.lang_cd,
                  a.dl_expd_regn_cd,
                  a.qlty_vehl_nm,
                  a.lang_cd_nm,
                  a.dl_expd_regn_nm,
                  a.mth3_avg_curr_ord_qty,
                  a.curr_ord_qty,
                  a.prev_ord_qty,
                  a.mth3_trwi_qty,
                  a.day3_plan_qty,
                  a.wek2_plan_qty,
                  a.curr_mth_trwi_qty,
                  a.prev_1day_trwi_qty,
                  a.sewha_iv_qty,
                  a.dl_expd_tmp_iv_qty,
                  a.sewha_prnt_yn,
                  a.pdi_iv_qty,
                  a.dsid14_qty,
                  a.wek2_aftr_iv_qty,
                  a.prnt_state,
                  b.dl_expd_prvs_nm AS prnt_state_nm,
                  a.iv_sum,
                  a.n_prnt_pbcn_no,
                  ifnull(
                  CASE
                                  WHEN ifnull(k.dl_expd_rdcs_st_cd,'00') = '05' THEN '00'
                                  WHEN ifnull(k.dl_expd_rdcs_st_cd,'00') = '01' THEN '01'
                                  WHEN ifnull(k.dl_expd_rdcs_st_cd,'00') = '03' THEN '01'
                                  WHEN ifnull(k.dl_expd_rdcs_st_cd,'00') = '04' THEN '01'
                                  WHEN ifnull(k.dl_expd_rdcs_st_cd,'00') = '02'
                                  AND             date_format(sysdate(),'%Y%m%d') <![CDATA[>=]]> j.prnt_parr_ymd
                                  AND             date_format(sysdate(),'%Y%m%d') <![CDATA[<]]> j.dlvg_parr_ymd THEN '03'
                                  WHEN ifnull(k.dl_expd_rdcs_st_cd,'00') = '02'
                                  AND             date_format(sysdate(),'%Y%m%d') <![CDATA[>=]]> j.prnt_parr_ymd
                                  AND             date_format(sysdate(),'%Y%m%d') <![CDATA[>=]]> j.dlvg_parr_ymd THEN '04'
                                  WHEN ifnull(k.dl_expd_rdcs_st_cd,'00') = '02'
                                  AND             date_format(sysdate(),'%Y%m%d') <![CDATA[ <]]> j.prnt_parr_ymd THEN '02'
                                  ELSE ifnull(k.dl_expd_rdcs_st_cd,'00')
                  end ,'00' ) AS chk_state
  FROM            (
                           SELECT   a.cl_scn_cd,
                                    a.data_sn,
                                    a.qlty_vehl_cd,
                                    a.mdl_mdy_cd,
                                    a.lang_cd,
                                    a.dl_expd_regn_cd,
                                    a.qlty_vehl_nm,
                                    a.lang_cd_nm,
                                    b.dl_expd_prvs_nm AS dl_expd_regn_nm,
                                    a.mth3_avg_curr_ord_qty,
                                    a.curr_ord_qty,
                                    a.prev_ord_qty,
                                    a.mth3_trwi_qty,
                                    a.day3_plan_qty,
                                    a.wek2_plan_qty,
                                    a.curr_mth_trwi_qty,
                                    a.prev_1day_trwi_qty,
                                    a.sewha_iv_qty,
                                    a.dl_expd_tmp_iv_qty,
                                    a.sewha_prnt_yn,
                                    a.pdi_iv_qty,
                                    a.dsid14_qty,
                                    (a.sewha_iv_qty + a.pdi_iv_qty - a.wek2_plan_qty) AS wek2_aftr_iv_qty,
                                    CASE
                                             WHEN (a.sewha_iv_qty + a.pdi_iv_qty - a.wek2_plan_qty) <![CDATA[>=]]> a.wek2_plan_qty * 1.5 THEN '01'
                                             WHEN (a.sewha_iv_qty + a.pdi_iv_qty - a.wek2_plan_qty) <![CDATA[<]]> a.wek2_plan_qty * 1.5
                                             AND      (a.sewha_iv_qty + a.pdi_iv_qty - a.wek2_plan_qty) <![CDATA[>=]]> a.wek2_plan_qty THEN '02'
                                             WHEN (a.sewha_iv_qty + a.pdi_iv_qty - a.wek2_plan_qty) <![CDATA[<]]> a.wek2_plan_qty THEN '04'
                                             ELSE '03'
                                    end                                                 AS prnt_state,
                                    ifnull(a.sewha_iv_qty, 0) + ifnull(a.pdi_iv_qty, 0) AS iv_sum,
                                    n_prnt_pbcn_no
                           FROM     (
                                                    SELECT          a.cl_scn_cd,
                                                                    a.data_sn,
                                                                    a.qlty_vehl_cd,
                                                                    a.mdl_mdy_cd,
                                                                    a.lang_cd,
                                                                    a.dl_expd_regn_cd,
                                                                    a.qlty_vehl_nm,
                                                                    a.lang_cd_nm,
                                                                    a.lang_sort_sn,
                                                                    ifnull(q.mth3_avg_curr_ord_qty, 0) AS mth3_avg_curr_ord_qty,
                                                                    ifnull(b.curr_ord_qty, 0)          AS curr_ord_qty,
                                                                    ifnull(b.prev_ord_qty, 0)          AS prev_ord_qty,
                                                                    ifnull(b.mth3_trwi_qty, 0)         AS mth3_trwi_qty,
                                                                    ifnull(b.day3_plan_qty1, 0)     AS day3_plan_qty,
                                                                    ifnull(b.wek2_plan_qty, 0)      AS wek2_plan_qty,
                                                                    ifnull(b.curr_mth_trwi_qty, 0)  AS curr_mth_trwi_qty,
                                                                    ifnull(b.prev_1day_trwi_qty, 0) AS prev_1day_trwi_qty,
                                                                    ifnull(c.sewha_iv_qty, 0)       AS sewha_iv_qty,
                                                                    ifnull(c.dl_expd_tmp_iv_qty, 0) AS dl_expd_tmp_iv_qty,
                                                                    ifnull(c.sewha_prnt_yn, 'N')    AS sewha_prnt_yn,
                                                                    ifnull(d.pdi_iv_qty, 0)         AS pdi_iv_qty,
                                                                    ifnull(b.dsid14_qty, 0)         AS dsid14_qty,
                                                                    ifnull(
                                                                    case WHEN c.n_prnt_pbcn_no IS NULL
                                                                        THEN d.n_prnt_pbcn_no
                                                                         ELSE c.n_prnt_pbcn_no
                                                                    end, '' )                 AS n_prnt_pbcn_no,
                                                                    ifnull(b.tdd_prdn_qty, 0) AS tdd_prdn_qty
                                                    FROM            t a
                                                    LEFT OUTER JOIN
                                                                    (
                                                                        SELECT          a.qlty_vehl_cd,
                                                                                        a.mdl_mdy_cd,
                                                                                        a.lang_cd,
                                                                                        ifnull(b.tmm_ord_qty, 0)                                   AS curr_ord_qty,
                                                                                        ifnull(b.bord_qty, 0)                                      AS prev_ord_qty,
                                                                                        ifnull(b.mth3_mo_avg_trwi_qty, 0)                          AS mth3_trwi_qty,
                                                                                        ifnull(b.tdd_prdn_pln_qty, 0)  + ifnull(b.tdd_prdn_qty3, 0) AS day3_plan_qty1,
                                                                                        ifnull(b.wek2_prdn_pln_qty, 0) + ifnull(b.tdd_prdn_qty3, 0) AS wek2_plan_qty,
                                                                                        ifnull(b.tmm_trwi_qty, 0)                                   AS curr_mth_trwi_qty,
                                                                                        ifnull(b.bod_trwi_qty, 0)                                   AS prev_1day_trwi_qty,
                                                                                        case WHEN c.dsid141_qty IS NULL THEN ifnull(b.yer1_dly_avg_trwi_qty, 0) * 14
                                                                                            ELSE c.dsid141_qty
                                                                                        end AS dsid14_qty,
                                                                                        0   AS tdd_prdn_qty
                                                                        FROM            t a
                                                                        LEFT OUTER JOIN tb_sfty_iv_mgmt c
                                                                        ON              a.qlty_vehl_cd = c.qlty_vehl_cd
                                                                        AND             a.mdl_mdy_cd = c.mdl_mdy_cd
                                                                        AND             a.lang_cd = c.lang_cd ,
                                                                                        tb_aps_prod_sum_info b
                                                                        WHERE           1=1
                                                                        AND             a.data_sn = b.data_sn
                                                                        AND             b.apl_ymd = REPLACE(#{bDate} ,'-','')
                                                                    ) b ON              a.qlty_vehl_cd = b.qlty_vehl_cd

                                                    and a.mdl_mdy_cd = b.mdl_mdy_cd
                                                    AND a.lang_cd = b.lang_cd
                                                    LEFT OUTER JOIN
                                                                    (
                                                                         SELECT   tt.qlty_vehl_cd,
                                                                                  tt.mdl_mdy_cd,
                                                                                  tt.lang_cd,
                                                                                  round(sum(ifnull(tt.tmm_ord_qty,0))/3, 0) AS mth3_avg_curr_ord_qty
                                                                         FROM     t a,
                                                                                  tb_aps_prod_sum_info tt
                                                                         WHERE    1=1
                                                                         AND      tt.apl_ymd IN( date_format(date_add(str_to_date(concat(substr(REPLACE(#{bDate}, '-', ''), 1,6),'01'), '%Y%m%d'), INTERVAL -3 month), '%Y%m%d'),
                                                                                                date_format(date_add(str_to_date(concat(substr(REPLACE(#{bDate} , '-', ''), 1,6),'01'), '%Y%m%d'), INTERVAL -2 month), '%Y%m%d'),
                                                                                                date_format(date_add(str_to_date(concat(substr(REPLACE(#{bDate}, '-', ''), 1,6),'01'), '%Y%m%d'), INTERVAL -1 month), '%Y%m%d') )
                                                                         AND      tt.qlty_vehl_cd = a.qlty_vehl_cd
                                                                         AND      tt.mdl_mdy_cd = a.mdl_mdy_cd
                                                                         AND      tt.lang_cd = a.lang_cd
                                                                         GROUP BY tt.qlty_vehl_cd ,
                                                                                  tt.mdl_mdy_cd,
                                                                                  tt.lang_cd
                                                                  ) q ON a.qlty_vehl_cd = q.qlty_vehl_cd

                                                    and a.mdl_mdy_cd = q.mdl_mdy_cd
                                                    AND a.lang_cd = q.lang_cd
                                                    LEFT OUTER JOIN
                                                                    (
                                                                         SELECT   a.qlty_vehl_cd,
                                                                                  a.mdl_mdy_cd,
                                                                                  a.lang_cd,
                                                                                  sum(b.sfty_iv_qty)        AS sewha_iv_qty,
                                                                                  sum(b.dl_expd_tmp_iv_qty) AS dl_expd_tmp_iv_qty,
                                                                                  case WHEN sum(b.dl_expd_tmp_iv_qty) <![CDATA[>]]> 0 THEN 'Y'
                                                                                      ELSE 'N' end    AS sewha_prnt_yn,
                                                                                  max(b.n_prnt_pbcn_no) AS n_prnt_pbcn_no
                                                                         FROM     t a, tb_SEWON_iv_info_dtl b
                                                                         WHERE    1=1
                                                                         AND      a.qlty_vehl_cd = b.qlty_vehl_cd
                                                                         AND      a.mdl_mdy_cd = b.mdl_mdy_cd
                                                                         AND      a.lang_cd = b.lang_cd
                                                                         and B.CLS_YMD = replace(#{bDate} , '-', '')
                                                                         AND      b.sfty_iv_qty <![CDATA[> 0]]>
                                                                         GROUP BY a.qlty_vehl_cd, a.mdl_mdy_cd, a.lang_cd
                                                                  ) c ON  a.qlty_vehl_cd = c.qlty_vehl_cd

                                                    and a.mdl_mdy_cd = c.mdl_mdy_cd
                                                    AND a.lang_cd = c.lang_cd
                                                    LEFT OUTER JOIN
                                                                    (
                                                                    SELECT   a.qlty_vehl_cd,
                                                                              a.mdl_mdy_cd,
                                                                              a.lang_cd,
                                                                              sum(b.sfty_iv_qty)    AS pdi_iv_qty,
                                                                              max(b.n_prnt_pbcn_no) AS n_prnt_pbcn_no
                                                                     FROM     t a, tb_pdi_iv_info_dtl b
                                                                     WHERE    1=1
                                                                     AND      a.qlty_vehl_cd = b.qlty_vehl_cd
                                                                     AND      a.mdl_mdy_cd = b.mdl_mdy_cd
                                                                     AND      a.lang_cd = b.lang_cd
                                                                     and      B.CLS_YMD = replace(#{bDate}, '-', '')
                                                                     AND      b.sfty_iv_qty <![CDATA[>]]> 0
                                                                     GROUP BY a.qlty_vehl_cd, a.mdl_mdy_cd, a.lang_cd
                                                                  ) d ON              a.qlty_vehl_cd = d.qlty_vehl_cd
                                                              and  a.mdl_mdy_cd = d.mdl_mdy_cd
                                                    and  a.lang_cd = d.lang_cd ) a, tb_code_mgmt b
                           WHERE    1=1
                           AND      a.dl_expd_regn_cd = b.dl_expd_prvs_cd
                           AND      b.dl_expd_g_cd = '0008'
                           AND      a.curr_ord_qty + a.prev_ord_qty + a.day3_plan_qty + a.wek2_plan_qty + a.curr_mth_trwi_qty + a.prev_1day_trwi_qty + a.sewha_iv_qty + a.pdi_iv_qty + a.tdd_prdn_qty > 0
                           ORDER BY qlty_vehl_cd, lang_cd, mdl_mdy_cd, prnt_state DESC ) a
  LEFT OUTER JOIN tb_prnt_req_info j ON a.n_prnt_pbcn_no = j.n_prnt_pbcn_no
  LEFT OUTER JOIN tb_prnt_bkgd_info k ON a.n_prnt_pbcn_no = k.n_prnt_pbcn_no , tb_code_mgmt b
  WHERE           1=1
  AND             a.prnt_state = b.dl_expd_prvs_cd
  AND             b.dl_expd_g_cd = '0016'
  and       A.N_PRNT_PBCN_NO = #{newPrntPbcnNo}

</select>

<select id="selectMaxDeppc2Sn" parameterType="printStateComDTO" resultType="Integer">
        /* aes.stm.prntPage.PrntPageDAO.selectMaxDeppc1Sn */
        <![CDATA[
          SELECT IFNULL(MAX(D.DEPPC1_SN), 0) + 1 AS MAX_DEPPC1_SN
           FROM TB_CODE_MGMT A,
                TB_VEHL_MGMT B,
                TB_LANG_MGMT C,
                TB_PRNT_PAGE_MGMT D
          WHERE A.DL_EXPD_G_CD = '0008'
            AND A.DL_EXPD_PRVS_CD = B.DL_EXPD_CO_CD
            AND B.QLTY_VEHL_CD = C.QLTY_VEHL_CD
            AND B.MDL_MDY_CD = C.MDL_MDY_CD
            AND C.QLTY_VEHL_CD = D.QLTY_VEHL_CD
            AND C.MDL_MDY_CD = D.MDL_MDY_CD
            AND C.LANG_CD = D.LANG_CD
            AND D.N_PRNT_PBCN_NO = #{nPrntPbcnNo}
            AND D.LRNK_CD = #{lrnkCd}
        ]]>
    </select>
    <!--
        Query Name  : aes.stm.prntPage.PrntPageDAO.selectAlgnInfoList
        Description : 인쇄발간번호로 인쇄배열표 조회(POP-UP화면용) 인쇄배열표 정보가  있을 때
-->
    <select id="selectAlgnInfoList" parameterType="printStateComDTO" resultType="printStateResDTO">
        /* aes.stm.prntPage.PrntPageDAO.selectAlgnInfoList */
        <![CDATA[
             SELECT DEPPC1_SN,
                    DEPPC2_SN,
                    DL_EXPD_PRNT_PG_SN,
                    LRNK_CD
               FROM TB_PRNT_ALGN_INFO
              WHERE N_PRNT_PBCN_NO = #{newPrntPbcnNo}
                AND LRNK_CD = #{lrnkCd}
                AND QLTY_VEHL_CD = #{qltyVehlCd}
                AND MDL_MDY_CD = #{mdlMdyCd}
                AND LANG_CD = #{langCd}
              ORDER BY DEPPC1_SN ASC,
                    DL_EXPD_PRNT_PG_SN ASC
        ]]>
    </select>

<select id="selectPageInfoList" parameterType="printStateComDTO" resultType="printStateResDTO">
        /* aes.stm.prntPage.PrntPageDAO.selectPageInfoList */
        <![CDATA[
             SELECT N_PRNT_PBCN_NO,
                    LRNK_CD,
                    A.QLTY_VEHL_CD,
                    A.MDL_MDY_CD,
                    A.LANG_CD,
                    DEPPC1_SN,
                    DEPPC2_SN,
                    END_PG_SN
                FROM TB_PRNT_PAGE_MGMT A,
                    TB_LANG_MGMT B,
                    TB_VEHL_MGMT C
            WHERE A.N_PRNT_PBCN_NO = #{newPrntPbcnNo}
                AND A.LRNK_CD = #{lrnkCd}
                AND A.QLTY_VEHL_CD = #{qltyVehlCd}
                AND A.MDL_MDY_CD = #{mdlMdyCd}
                AND A.LANG_CD = #{langCd}
                AND A.QLTY_VEHL_CD = B.QLTY_VEHL_CD
                AND A.MDL_MDY_CD = B.MDL_MDY_CD
                AND A.LANG_CD = B.LANG_CD
                AND A.QLTY_VEHL_CD = C.QLTY_VEHL_CD
                AND A.MDL_MDY_CD = C.MDL_MDY_CD
            ORDER BY A.DEPPC1_SN ASC, A.DEPPC2_SN ASC
        ]]>
    </select>
<update id="outRequestChange" parameterType="printStateReqDTO">
              /* ProgramID=aes.stm.prntPage.PrntPageDAO.outRequestChange */
        <![CDATA[
           UPDATE  TB_PRNT_REQ_INFO SET
           DLVG_PARR_YMD = date_format(#{dlvgParrYmd},'%Y%m%d'),
           UPDR_EENO = #{userEeno},
           MDFY_DTM = SYSDATE()

            WHERE N_PRNT_PBCN_NO = #{newPrntPbcnNo}

        ]]>
    </update>


<update id="updatePrtlImtrSbc3" parameterType="printStateReqDTO">
              /* ProgramID=aes.stm.prntPage.PrntPageDAO.updatePrtlImtrSbc3 */
        <![CDATA[
            UPDATE TB_PRNT_REQ_INFO
                SET PRTL_IMTR_SBC3 = #{prtlImtrSbc3},
                    UPDR_EENO = #{userEeno},
                    MDFY_DTM = SYSDATE()
            WHERE N_PRNT_PBCN_NO = #{newPrntPbcnNo}
        ]]>
    </update>


    <!--
        Query Name  : aes.print.state.PrintStateDAO.updateSaleUnp
        Description : 소요예산 및  평균단가 저장
    -->
    <update id="updateSaleUnp" parameterType="printStateReqDTO">
        /* ProgramID=aes.print.state.PrintStateDAO.updateSaleUnp */
        <![CDATA[
             UPDATE TB_PRNT_REQ_INFO
                SET PRNT_PARR_BGT = #{prntParrBgt},
                    SALE_UNP = #{saleUnp},
                    UPDR_EENO = #{userEeno},
                    ATTC_YN   = (CASE WHEN #{attcYn}='Y' THEN 'Y' ELSE '' END),
                    MDFY_DTM = SYSDATE()
            WHERE N_PRNT_PBCN_NO = #{newPrntPbcnNo}
        ]]>
    </update>
<update id="updateSewhaIvInfoYmd" parameterType="printStateReqDTO">
        /* ProgramID=aes.print.state.PrintStateDAO.updateSewhaIvInfoYmd */
        <![CDATA[
             UPDATE TB_SEWON_IV_INFO
                SET DL_EXPD_TMP_IV_QTY = '0',
                    UPDR_EENO = #{userEeno},
                    MDFY_DTM = SYSDATE()
              WHERE CLS_YMD =date_format(#{dlvgParrYmd},'%Y%m%d')
                AND QLTY_VEHL_CD = #{qltyVehlCd}
                AND LANG_CD = #{langCd}
                AND N_PRNT_PBCN_NO = #{newPrntPbcnNo}
        ]]>
</update>

<update id="updateSewhaIvInfoDtlYmd" parameterType="printStateReqDTO">
        /* ProgramID=aes.print.state.PrintStateDAO.updateSewhaIvInfoDtlYmd */
        <![CDATA[
              UPDATE TB_SEWON_IV_INFO_DTL
                SET DL_EXPD_TMP_IV_QTY = '0',
                    UPDR_EENO = #{userEeno},
                    MDFY_DTM = SYSDATE()
              WHERE CLS_YMD = date_format(#{dlvgParrYmd},'%Y%m%d')
                AND QLTY_VEHL_CD = #{qltyVehlCd}
                AND LANG_CD = #{langCd}
                AND MDL_MDY_CD = #{mdlMdyCd}
                AND N_PRNT_PBCN_NO = #{newPrntPbcnNo}
        ]]>
</update>

<update id="updateSewonDlvgParrYmd" parameterType="printStateReqDTO">
        /* ProgramID=aes.print.state.PrintStateDAO.updateSewonDlvgParrYmd */
        <![CDATA[
            UPDATE TB_SEWON_WHSN_INFO
                SET DLVG_PARR_YMD =date_format(#{dlvgParrYmd},'%Y%m%d'),
                    UPDR_EENO = #{userEeno},
                    MDFY_DTM = SYSDATE()
              WHERE N_PRNT_PBCN_NO = #{newPrntPbcnNo}
                AND WHSN_YMD = #{prntParrYmd}
                AND QLTY_VEHL_CD = #{qltyVehlCd}
                AND LANG_CD = #{langCd}
                AND DL_EXPD_MDL_MDY_CD = #{mdlMdyCd}
        ]]>
    </update>
</mapper>

