<?xml version="1.0" encoding="UTF-8"?>
<!DOCTYPE mapper PUBLIC "-//mybatis.org//DTD Mapper 3.0//EN" "http://mybatis.org/dtd/mybatis-3-mapper.dtd">


<mapper namespace="com.oms.common.dao.CommDAO">
  <!--
        Query Name  : aes.com.codeDAO.selectcodeList
        Description :
    -->
    <select id="selectCodeList" parameterType="commReqDTO" resultType="vehlMgmtResDTO">
                /* aes.com.commDAO.selectcodeList */
        <![CDATA[
            SELECT
                   dl_expd_g_cd,
                   dl_expd_prvs_cd,
                   dl_expd_prvs_nm,
                   sort_sn,
                   use_yn,
                   pprr_eeno,
                   fram_dtm,
                   updr_eeno,
                   mdfy_dtm
              FROM tb_code_mgmt
where 1=1
        ]]>

        <if test = 'dlExpdGCd != null and dlExpdGCd != ""'>
        and dl_expd_g_cd = #{dlExpdGCd}
        </if>
    </select>

 <!--
        Query Name  : aes.com.commonDAO.selectDlExpdRegnCdList
        Description : 내수/수출 구분없이 전체 항목에서 조회하는 경우(사용자권한에 소속된 지역 리스트)
            since          author              description
        ===========    =============    ===========================
        2016.2.17      JH KIM                최초 생성
    -->
    <select id="selectDlExpdRegnCdList" parameterType="stmComReqDTO" resultType="langMgmtResDTO">
            /* aes.com.commonDAO.selectDlExpdRegnCdList */
        <![CDATA[
            SELECT
                    A.DL_EXPD_REGN_CD,
                    B.DL_EXPD_PRVS_NM AS DL_EXPD_REGN_NM
              FROM (
                    SELECT D.DL_EXPD_REGN_CD
                      FROM (
                            SELECT QLTY_VEHL_CD
                              FROM TB_AUTH_VEHL
                             WHERE USER_EENO = #{userId}
        ]]>

        <if test = 'qltyVehlCd != null  and qltyVehlCd !=""'>
               AND QLTY_VEHL_CD = ( CASE WHEN #{qltyVehlCd} = 'ALL' THEN QLTY_VEHL_CD ELSE #{qltyVehlCd} END )
        </if>
        <![CDATA[
                             GROUP BY QLTY_VEHL_CD
                            ) A,
                            TB_VEHL_MGMT B,
                            TB_LANG_MGMT C,
                            TB_NATL_VEHL_MGMT D
                      WHERE A.QLTY_VEHL_CD = B.QLTY_VEHL_CD
                        AND A.QLTY_VEHL_CD = C.QLTY_VEHL_CD
                        AND B.MDL_MDY_CD = C.MDL_MDY_CD
                        AND B.DL_EXPD_CO_CD = D.DL_EXPD_CO_CD
                        AND B.QLTY_VEHL_CD = D.QLTY_VEHL_CD
                        AND B.DL_EXPD_CO_CD = '01'
        ]]>
        <if test='dlExpdPacScnCd != null and dlExpdPacScnCd != ""' >
                        AND B.DL_EXPD_PAC_SCN_CD = #{dlExpdPacScnCd}
        </if>
        <if test='dlExpdPdiCd!= null and dlExpdPdiCd != ""' >
                        AND B.DL_EXPD_PDI_CD = #{dlExpdPdiCd}
        </if>
        <if test = 'mdlMdyCd!= null and mdlMdyCd != ""'>
                        AND B.MDL_MDY_CD = #{mdlMdyCd}
        </if>
        <![CDATA[
                        AND B.USE_YN = 'Y'
                        AND C.USE_YN = 'Y'
                    GROUP BY D.DL_EXPD_REGN_CD
                    ) A,
                    TB_CODE_MGMT B
            WHERE A.DL_EXPD_REGN_CD = B.DL_EXPD_PRVS_CD
                AND B.DL_EXPD_G_CD = '0008'
           ORDER BY B.SORT_SN
        ]]>
    </select>



     <!--
        Query Name  : aes.com.commonDAO.selectLangCdList
        Description : 내수/수출 구분없이 전체 항목에서 조회하는 경우(사용자권한에 소속된 언어 리스트)
    -->
    <select id="selectLangCdList" parameterType="stmComReqDTO" resultType="langMgmtResDTO">
            /* aes.com.commonDAO.selectLangCdList */
        <![CDATA[
              SELECT D.LANG_CD,
                     CONCAT(D.LANG_CD, '(', MAX(D.LANG_CD_NM), ')') AS LANG_CD_NM
                FROM (
                      SELECT QLTY_VEHL_CD
                        FROM TB_AUTH_VEHL
                       WHERE USER_EENO = #{userId}
        ]]>
        <if test = 'qltyVehlCd != null  and qltyVehlCd !=""'>
                         AND QLTY_VEHL_CD = #{qltyVehlCd}
        </if>
                        GROUP BY QLTY_VEHL_CD
                     ) A,
                     TB_VEHL_MGMT B,
                     TB_LANG_MGMT C,
                     TB_LANG_MAST D
        <![CDATA[
               WHERE A.QLTY_VEHL_CD = B.QLTY_VEHL_CD
                 AND A.QLTY_VEHL_CD = C.QLTY_VEHL_CD
                 AND B.MDL_MDY_CD = C.MDL_MDY_CD
                 AND B.DL_EXPD_CO_CD = '01'
        ]]>

        <if test = 'dlExpdPacScnCd != null  and dlExpdPacScnCd !=""'>
                AND B.DL_EXPD_PAC_SCN_CD = #{dlExpdPacScnCd}
        </if>

        <if test = 'dlExpdPdiCd != null  and dlExpdPdiCd !=""'>
                AND B.DL_EXPD_PDI_CD = #{dlExpdPdiCd}
        </if>

        <if test = 'mdlMdyCd != null  and mdlMdyCd !=""'>
                AND B.MDL_MDY_CD = #{mdlMdyCd}
        </if>

        <if test = 'dlExpdRegnCd != null  and dlExpdRegnCd !=""'>
                AND C.DL_EXPD_REGN_CD = #{dlExpdRegnCd}
        </if>
        <![CDATA[
                AND B.USE_YN = 'Y'
                AND C.USE_YN = 'Y'
                AND C.LANG_CD = D.LANG_CD
              GROUP BY D.LANG_CD
              ORDER BY D.LANG_CD
        ]]>
    </select>

     <!--
        Query Name  : aes.com.commonDAO.selectQltyVehlCdList
        Description : 내수/수출 구분없이 전체 항목에서 조회하는 경우(사용자권한에 소속된 차종 리스트)
    -->
    <select id="selectQltyVehlCdList" parameterType="stmComReqDTO" resultType="langMgmtResDTO">
            /* aes.com.commonDAO.selectQltyVehlCdList */
        <![CDATA[
            SELECT
                    A.QLTY_VEHL_CD,
                    A.QLTY_VEHL_NM,
                    A.CL_SCN_CD,
                    A.EXPD_CO_CD,
                    B.DL_EXPD_PRVS_NM AS EXPD_CO_NM,
                    A.EXPD_PAC_SCN_CD,
                    C.DL_EXPD_PRVS_NM AS EXPD_PAC_SCN_NM,
                    A.EXPD_PDI_CD,
                    D.DL_EXPD_PRVS_NM AS EXPD_PDI_NM
                FROM (
                      SELECT B.QLTY_VEHL_CD,
                             CONCAT(B.QLTY_VEHL_CD, '(', MAX(B.QLTY_VEHL_NM), ')') AS QLTY_VEHL_NM,
                             MAX(A.CL_SCN_CD) AS CL_SCN_CD,
                             MAX(DL_EXPD_CO_CD) AS EXPD_CO_CD,
                             MAX(DL_EXPD_PAC_SCN_CD) AS EXPD_PAC_SCN_CD,
                             MAX(DL_EXPD_PDI_CD) AS EXPD_PDI_CD
                        FROM (
                              SELECT QLTY_VEHL_CD,
                                     MAX(CL_SCN_CD) AS CL_SCN_CD
                                FROM TB_AUTH_VEHL
                               WHERE USER_EENO = #{userId}
                               GROUP BY QLTY_VEHL_CD
                              ) A,
                             TB_VEHL_MGMT B
                       WHERE A.QLTY_VEHL_CD = B.QLTY_VEHL_CD
                         AND B.DL_EXPD_CO_CD = #{dlExpdCoCd}
        ]]>
        <if test = 'dlExpdPacScnCd != null  and dlExpdPacScnCd !=""'>
                        AND B.DL_EXPD_PAC_SCN_CD = #{dlExpdPacScnCd}
        </if>

        <if test = 'dlExpdPdiCd != null  and dlExpdPdiCd !=""'>
                        AND B.DL_EXPD_PDI_CD = #{dlExpdPdiCd}
        </if>
        <![CDATA[
                        AND B.USE_YN = 'Y'
                    GROUP BY B.QLTY_VEHL_CD
                    ) A,
                    TB_CODE_MGMT B,
                    TB_CODE_MGMT C,
                    TB_CODE_MGMT D
            WHERE A.EXPD_CO_CD = B.DL_EXPD_PRVS_CD
                AND B.DL_EXPD_G_CD = '0003'
                AND A.EXPD_PAC_SCN_CD = C.DL_EXPD_PRVS_CD
                AND C.DL_EXPD_G_CD = '0004'
                AND A.EXPD_PDI_CD = D.DL_EXPD_PRVS_CD
                AND D.DL_EXPD_G_CD = '0005'
            ORDER BY A.QLTY_VEHL_CD
        ]]>
    </select>

 <select id="userMgmtPop" parameterType="usrMgmtReqDTO" resultType="usrMgmtResDTO">
        /* aes.com.CommomDAO.selectUsrList */
<![CDATA[


        SELECT   A.USER_EENO
               , A.USER_NM
               , B.DL_EXPD_PRVS_NM AS CO_NM
                ,C.DL_EXPD_PRVS_NM  as DEPT_NM
                ,A.BLNS_CO_CD
                ,'N' as chkYn
          FROM   TB_USR_MGMT A
               , TB_CODE_MGMT B
               , TB_CODE_MGMT C


         WHERE A.BLNS_CO_CD = B.DL_EXPD_PRVS_CD
            and A.USER_DCD = C.DL_EXPD_PRVS_CD
            and C.DL_EXPD_G_CD = '0011'
           AND B.DL_EXPD_G_CD = '0001'
           AND A.USE_YN = 'Y'
           AND A.USE_GBN = 'U'
]]>
        <if test = 'blnsCoCd != null and blnsCoCd != ""'>

                  AND A.BLNS_CO_CD = #{blnsCoCd}
        </if>

        ORDER BY A.USER_NM
    </select>

    <insert id="insertLogEml" parameterType="mailDTO">
        INSERT INTO tb_log_eml (
            EML_SCD_CD,
            EML_ID,
            SNDR_ID,
            EML_TITL,
            EML_SBC,
            FS_SND_DATE
        ) VALUES (
            #{emlScdCd},
            #{emlId},
            #{sndrId},
            #{emlTitl},
            #{emlSbc},
            NOW()
        )

    </insert>


    <insert id="insertYongsanVehlInfoIf" parameterType="java.util.List">
        INSERT IGNORE INTO
            tb_yongsan_vehl_info_if (
                CO_CD, VEHL_CD, VEHL_NM
            ) VALUES

         <foreach item="item" collection="list" separator=",">
            (#{item.company}, #{item.vehCd},  #{item.vehlNM})
         </foreach>
    </insert>
    <insert id="insertYongsanIvInfoIf" parameterType="java.util.List">
        INSERT IGNORE INTO
            tb_yongsan_iv_info_if (
                APL_YMD,           /* 적용(기준)일자  */
                COMPANY,              /* 회사코드 */
                VEH_CD,            /* 차종코드 */
                MTRL_CD,            /* 품번 */
                VEHL_STOCK,              /* 차량재고 */
                STOCK_ON_MOVE,     /* 이동중재고 */
                STOCK_ONE_ALL_ITEM, /* 원올단품 */
                STOCK_ONE_ALL_KIT,  /* 원올KIT */
                STOCK_ON_LOCAL,    /* 지역재고 */
                STOCK_SUM,
                DELIVER_VEHL_CNT,           /* 출고대수 */
                RESPONSE_DAYS,           /* 대응일수 */
                ORDER_AMOUNT,            /* 발주 */
                REST_AMOUNT ,           /* 입고잔량 */
                FRAM_DTM
            ) VALUES

         <foreach item="item" collection="list" separator=",">
            (
                #{item.aplYmd},
                #{item.company},
                #{item.vehCd},
                #{item.mtrlCd},
                #{item.vehlStock},
                #{item.stockOnMove},
                #{item.stockOneAllItem},
                #{item.stockOneAllKit},
                #{item.stockOnLocal},
                #{item.stockSum},
                #{item.deliverVehlCnt},
                #{item.responseDays},
                #{item.orderAmount},
                #{item.restAmount},
                 NOW()
             )
         </foreach>
    </insert>

     <select id="selectYongsanIvInfoIfCnt" resultType="Integer">
        SELECT COUNT(*) FROM tb_log_sched;
     </select>


</mapper>

