<?xml version="1.0" encoding="UTF-8"?>
<!DOCTYPE mapper PUBLIC "-//mybatis.org//DTD Mapper 3.0//EN" "http://mybatis.org/dtd/mybatis-3-mapper.dtd">
<mapper namespace="com.oms.stm.dao.PrntPageMgmtDAO">
<!--
    SQL File Name  : prntPageMgmt.xml
    Description    : 설명을 기술합니다.
    author         : 김경훈
    since          : 2023.1.19
-->


 <!--
        Query Name  : aes.stm.prntPage.PrntPageDAO.selectPrntPageList
        Description :
    -->
    <select id="selectPrntPageList" parameterType="stmComReqDTO" resultType="prntPageMgmtResDTO" >
        /* aes.stm.prntPage.PrntPageDAO.selectPrntPageList */
        <![CDATA[
            SELECT  IFNULL(MAX(A.DEPPC1_SN), 0) + 1 AS MAX_DEPPC1_SN,
                    B.QLTY_VEHL_CD,
                    B.MDL_MDY_CD,
                    B.LANG_CD,
                    MAX(C.QLTY_VEHL_NM) AS QLTY_VEHL_NM,
                    MAX(B.LANG_CD_NM) AS LANG_CD_NM,
                    MAX(B.DL_EXPD_REGN_CD) AS DL_EXPD_REGN_CD,
                    A.N_PRNT_PBCN_NO,
                    A.LRNK_CD,
                    MAX(A.RGST_YMD) AS RGST_YMD,
                    CONCAT(A.N_PRNT_PBCN_NO,'-',A.LRNK_CD) AS PRNT_PBCN_NM,
                    MAX(D.DL_EXPD_PRVS_CD) AS DL_EXPD_PRVS_CD,
                    MAX(D.DL_EXPD_PRVS_NM) AS DL_EXPD_PRVS_NM,
                    SUM(CASE WHEN IFNULL(DEPPC1_SN,0) = 0 and IFNULL(DEPPC2_SN,0) = 1 THEN END_PG_SN ELSE 0 END) AS A01,
                    SUM(CASE WHEN IFNULL(DEPPC1_SN,0) = 0 and IFNULL(DEPPC2_SN,0) = 2 THEN END_PG_SN ELSE 0 END) AS A02,
                    SUM(CASE WHEN IFNULL(DEPPC1_SN,0) = 0 and IFNULL(DEPPC2_SN,0) = 3 THEN END_PG_SN ELSE 0 END) AS A03,
        ]]>

                 <foreach collection="vCnt" item="item" separator=",">
                        CASE WHEN #{item} > 0 THEN SUM(CASE WHEN IFNULL(DEPPC1_SN,999) = #{item} THEN END_PG_SN ELSE 0 END) END AS A${item}
                </foreach>
        <![CDATA[
                FROM TB_PRNT_PAGE_MGMT A,
                    TB_LANG_MGMT B,
                    TB_VEHL_MGMT C,
                    TB_CODE_MGMT D,
                    (SELECT QLTY_VEHL_CD
                        FROM TB_AUTH_VEHL
                    WHERE USER_EENO = #{userId}
                    GROUP BY QLTY_VEHL_CD
                    ) F
            WHERE A.QLTY_VEHL_CD = B.QLTY_VEHL_CD
                AND A.MDL_MDY_CD = B.MDL_MDY_CD
                AND A.LANG_CD = B.LANG_CD
                AND B.QLTY_VEHL_CD = C.QLTY_VEHL_CD
                AND B.MDL_MDY_CD = C.MDL_MDY_CD
                AND B.QLTY_VEHL_CD = F.QLTY_VEHL_CD
                AND B.QLTY_VEHL_CD = (CASE WHEN #{qltyVehlCd}='' THEN B.QLTY_VEHL_CD ELSE #{qltyVehlCd} END)
                AND B.MDL_MDY_CD = (CASE WHEN #{mdlMdyCd}='' THEN B.MDL_MDY_CD ELSE #{mdlMdyCd} END)
                AND B.LANG_CD = (CASE WHEN #{langCd}='' THEN B.LANG_CD ELSE #{langCd} END)
                AND B.DL_EXPD_REGN_CD = (CASE WHEN #{dlExpdRegnCd}='' THEN B.DL_EXPD_REGN_CD ELSE #{dlExpdRegnCd} END)
                AND B.USE_YN = 'Y'
                AND C.USE_YN = 'Y'
                AND D.DL_EXPD_G_CD = '0003'
                AND D.DL_EXPD_PRVS_CD = C.DL_EXPD_CO_CD
            GROUP BY B.QLTY_VEHL_CD, B.MDL_MDY_CD, B.LANG_CD, A.N_PRNT_PBCN_NO, A.LRNK_CD
            ORDER BY B.QLTY_VEHL_CD,
                    MAX(B.SORT_SN),
                    FU_GET_SORT_PBCN(A.N_PRNT_PBCN_NO) DESC,
                    A.N_PRNT_PBCN_NO
        ]]>
    </select>

 <!--
        Query Name  : aes.stm.prntPage.PrntPageDAO.selectMaxDeppc1Sn
        Description :
    -->
    <select id="selectMaxDeppc1Sn" parameterType="stmComReqDTO" resultType="Integer">
        /* aes.stm.prntPage.PrntPageDAO.selectMaxDeppc1Sn */
        <![CDATA[
         SELECT IFNULL(MAX(A.DEPPC1_SN), 0) + 1 AS MAX_DEPPC1_SN
           FROM TB_PRNT_PAGE_MGMT A,
                TB_LANG_MGMT B,
                TB_VEHL_MGMT C,
                TB_CODE_MGMT D
          WHERE A.QLTY_VEHL_CD = B.QLTY_VEHL_CD
            AND A.MDL_MDY_CD = B.MDL_MDY_CD
            AND A.LANG_CD = B.LANG_CD
            AND B.QLTY_VEHL_CD = C.QLTY_VEHL_CD
            AND B.MDL_MDY_CD = C.MDL_MDY_CD
            AND B.USE_YN = 'Y'
            AND C.USE_YN = 'Y'
            AND D.DL_EXPD_G_CD = '0003'
            AND D.DL_EXPD_PRVS_CD = C.DL_EXPD_CO_CD
        ]]>
    </select>


  <!--
        Query Name  : aes.stm.prntPage.PrntPageDAO.selectChkPage
        Description : 인쇄 페이지 중복 확인
    -->
    <select id="validChk" parameterType="prntPageMgmtReqDTO" resultType="String">
                /* aes.stm.prntPage.PrntPageDAO.validChk */
        <![CDATA[
             SELECT (CASE WHEN COUNT(*)=0 THEN 'Y' ELSE 'N' END) AS CHK
               FROM TB_PRNT_PAGE_MGMT
              WHERE N_PRNT_PBCN_NO = #{nPrntPbcnNo}
                AND LRNK_CD = #{lrnkCd}
        ]]>
    </select>

     <!--
        Query Name  : aes.stm.prntPage.PrntPageDAO.selectIvOrdQty
        Description : 인쇄시 재고,오더,생산량  조회

    -->
    <select id="selectIvOrdQty" parameterType="prntPageMgmtReqDTO" resultType="prntPageMgmtResDTO">
        /* aes.stm.prntPage.PrntPageDAO.selectIvOrdQty */
        <![CDATA[
            SELECT (SELECT IFNULL(SUM(IV_QTY), 0) AS V_IV_QTY1
                        FROM TB_SEWHA_IV_INFO
                    WHERE QLTY_VEHL_CD = #{qltyVehlCd}
                        AND DL_EXPD_MDL_MDY_CD = #{mdlMdyCd}
                        AND LANG_CD = #{langCd}
                        AND CLS_YMD = DATE_FORMAT(SYSDATE(), '%Y%m%d')) + (SELECT IFNULL(SUM(IV_QTY), 0) AS V_IV_QTY2
                                                                            FROM TB_PDI_IV_INFO
                                                                        WHERE QLTY_VEHL_CD = #{qltyVehlCd}
                                                                            AND DL_EXPD_MDL_MDY_CD = #{mdlMdyCd}
                                                                            AND LANG_CD = #{langCd}
                                                                            AND CLS_YMD = DATE_FORMAT(SYSDATE(), '%Y%m%d')) AS IV_QTY,
                    (SELECT IFNULL(SUM(TMM_ORD_QTY), 0) AS V_ORD_QTY
                        FROM TB_APS_PROD_SUM_INFO
                    WHERE QLTY_VEHL_CD = #{qltyVehlCd}
                        AND MDL_MDY_CD = #{mdlMdyCd}
                        AND LANG_CD = #{langCd}
                        AND APL_YMD = DATE_FORMAT(SYSDATE(), '%Y%m%d')) AS ORD_QTY,
                    (SELECT IFNULL(SUM(MTH3_MO_AVG_TRWI_QTY), 0) AS V_MO_AVG_PRDN_QTY
                        FROM TB_APS_PROD_SUM_INFO
                    WHERE QLTY_VEHL_CD = #{qltyVehlCd}
                        AND MDL_MDY_CD = #{mdlMdyCd}
                        AND LANG_CD = #{langCd}
                        AND APL_YMD = DATE_FORMAT(SYSDATE(), '%Y%m%d')) AS MO_AVG_PRDN_QTY,
                    (SELECT DL_EXPD_PDI_CD AS V_PDI_CD
                        FROM TB_VEHL_MGMT
                    WHERE QLTY_VEHL_CD = #{qltyVehlCd}
                        AND MDL_MDY_CD = #{mdlMdyCd}) AS DL_EXPD_PDI_CD
                FROM DUAL
        ]]>
    </select>
<!--
        Query Name  : aes.stm.prntPage.PrntPageDAO.insertPrntPage
        Description :
    -->
    <insert id="insertPrntPage" parameterType="prntPageMgmtReqDTO">
            /* ProgramID=aes.stm.prntPage.PrntPageDAO.insertPrntPage */
        <![CDATA[
             INSERT INTO TB_PRNT_PAGE_MGMT
                  (
                   N_PRNT_PBCN_NO,
                   LRNK_CD,
                   QLTY_VEHL_CD,
                   MDL_MDY_CD,
                   LANG_CD,
                   RGST_YMD,
                   DEPPC1_SN,
                   END_PG_SN,
                   PPRR_EENO,
                   FRAM_DTM,
                   UPDR_EENO,
                   MDFY_DTM,
                   DEPPC2_SN
                  )
                  VALUES
                  (
                   #{nPrntPbcnNo}
                   IFNULL(#{lrnkCd}, '01'),
                   #{qltyVehlCd},
                   #{mdlMdyCd},
                   #{langCd},
                   #{rgstYmd},
                   #{deppc1Sn},
                   #{endPgSn},
                   #{rgnEeno},
                   SYSDATE(),
                   #{updrEeno},
                   SYSDATE(),
                   (CASE WHEN #{deppc2Sn} IS NULL THEN 1 ELSE #{deppc2Sn} END)
                   )
        ]]>
    </insert>




    <!--
        Query Name  : aes.stm.prntPage.PrntPageDAO.deletePrntPage
        Description :
    -->
    <delete id="deletePrntPage" parameterType="prntPageMgmtReqDTO">
              /* ProgramID=aes.stm.prntPage.PrntPageDAO.deletePrntPage */
        <![CDATA[
           DELETE FROM TB_PRNT_PAGE_MGMT
            WHERE N_PRNT_PBCN_NO = #{nPrntPbcnNo}
                AND LRNK_CD = #{lrnkCd}
        ]]>
    </delete>


</mapper>

