<?xml version="1.0" encoding="UTF-8"?>
<!DOCTYPE mapper PUBLIC "-//mybatis.org//DTD Mapper 3.0//EN" "http://mybatis.org/dtd/mybatis-3-mapper.dtd">
<!--
    SQL File Name  : biz_CodeMgmtDAO.xml
    Description    : 설명을 기술합니다.
    author         : 안경수
    since          : 2023.1.19
-->

<mapper namespace="com.oms.sys.dao.CodeMgmtDAO">



    <select id="selectCodeMgmtList" parameterType="codeMgmtReqDTO" resultType="codeMgmtResDTO">
        <![CDATA[
        /*  QueryID=selectCodeMgmtList */
            SELECT
                   DL_EXPD_G_CD,
                   DL_EXPD_PRVS_CD,
                   DL_EXPD_PRVS_NM,
                   SORT_SN,
                   USE_YN,
                   PPRR_EENO,
                   TO_CHAR(FRAM_DTM,'YYYY-MM-DD') AS FRAM_DTM,
                   UPDR_EENO,
                   TO_CHAR(MDFY_DTM,'YYYY-MM-DD') AS MDFY_DTM

              FROM TB_CODE_MGMT
              ]]>
            <trim prefix="WHERE">
                <if test="dlExpdGCd != null and dlExpdGCd != ''">
                    dl_expd_g_cd = #{dlExpdGCd} AND use_yn = 'Y'
                </if>
            </trim>
            <trim prefix="ORDER BY">
                <if test="orderBy != null and orderBy != ''">
                     ${orderBy}
                </if>
            </trim>
            <trim prefix="LIMIT">
                <if test="pageNo != null and pageNo != '' and pageSize != null and pageSize != ''">
                     #{pageNo}, #{pageSize}
                </if>
            </trim>
    </select>


     <update id="updateCodeMgmt" parameterType="codeMgmtReqDTO">
        <![CDATA[
        /*  QueryID=updateCodeMgmt */
            UPDATE
                   TB_CODE_MGMT
            SET dl_expd_prvs_cd = #{dlExpdPrvsCd},
                   dl_expd_prvs_nm = #{dlExpdPrvsNm},
                   sort_sn = #{sortSn},
                   use_yn = #{useYn},
                   pprr_eeno = #{pprrEeno},
                   fram_dtm = #{framDtm},
                   updr_eeno = #{updrEeno},
                   mdfy_dtm = #{mdfyDtm}
             WHERE dl_expd_g_cd = #{dlExpdGCd}
        ]]>
    </update>

    <insert id="insertCodeMgmt" parameterType="codeMgmtReqDTO">
                /* QueryID=insertCodeMgmt */
        <![CDATA[
            INSERT
              INTO tb_code_mgmt
                   (dl_expd_g_cd,
                   dl_expd_prvs_cd,
                   dl_expd_prvs_nm,
                   sort_sn,
                   use_yn,
                   pprr_eeno,
                   fram_dtm,
                   updr_eeno,
                   mdfy_dtm)
            VALUES (#{dlExpdGCd},
                   #{dlExpdPrvsCd},
                   #{dlExpdPrvsNm},
                   #{sortSn},
                   #{useYn},
                   #{pprrEeno},
                   #{framDtm},
                   #{updrEeno},
                   #{mdfyDtm})
        ]]>
    </insert>

    <delete id="deleteCodeMgmt" parameterType="codeMgmtReqDTO">
                /* QueryID=deleteCodeMgmt */
        <![CDATA[
             DELETE
             FROM TB_CODE_MGMT
             WHERE DL_EXPD_G_CD = #{dlExpdGCd}
        ]]>
    </delete>

</mapper>

