<?xml version="1.0" encoding="UTF-8"?>
<!DOCTYPE mapper PUBLIC "-//mybatis.org//DTD Mapper 3.0//EN" "http://mybatis.org/dtd/mybatis-3-mapper.dtd">
<mapper namespace="com.oms.sys.dao.LogLgiDAO">


 <select id="selectLogLgiHistorys"  parameterType ="logComReqDTO" resultType="logLgiResDTO">
        /* QueryID = selectLogLgiHistorys */

           <![CDATA[
             SELECT   a.LGI_LOG_SN,
                           a.USER_ID,
                           B.USER_NM,
                            DATE_FORMAT(a.LGI_DTM, '%Y-%m-%d %H:%i:%S') as LGI_DTM,
                            a.SUCS_YN,
                            a.USER_IP_ADR,
                            a.ID_EXIST_YN,
                            a.SESS_ID,
                           DATE_FORMAT(a.LGO_DTM, '%Y-%m-%d %H:%i:%S') as LGO_DTM,
                           LGO_TYPE
               FROM tb_log_lgi a
               left join tb_usr_mgmt b
               on a.user_id = b.user_eeno
              WHERE date_format(LGI_DTM, '%Y-%m-%d') >= date_format(#{sDate}, '%Y-%m-%d')
            AND date_format(LGI_DTM, '%Y-%m-%d') <= date_format(#{eDate}, '%Y-%m-%d')

        ]]>

              ORDER BY LGI_LOG_SN DESC
              LIMIT #{pageSize} OFFSET  #{offset}
    </select>



    <select id="selectLogLgiHistoryTots"  parameterType ="logComReqDTO" resultType="Integer">
        /* QueryID = selectLogLgiHistoryTots */

           <![CDATA[
             SELECT   count(*)
               FROM tb_log_lgi
              WHERE date_format(LGI_DTM, '%Y-%m-%d') >= #{sDate}
            AND date_format(LGI_DTM, '%Y-%m-%d') <= #{eDate}
        ]]>
    </select>


    <insert id="insertLogLgiHistory" parameterType ="logLgiReqDTO">

        INSERT INTO tb_log_lgi
            (user_id, lgi_dtm, sucs_yn, user_ip_adr, ID_EXIST_YN, SESS_ID)
        VALUES
            (#{userId}, NOW(), #{sucsYn}, #{userIpAdr}, #{idExistYn}, #{sessId})
    </insert>

    <update id="updateLogLgiHistory" parameterType ="logLgiReqDTO">
        UPDAtE tb_log_lgi SET
            LGO_DTM = NOW(),
            LGO_TYPE = #{lgoType}
        WHERE
            SESS_ID = #{sessId}
    </update>



</mapper>

