<?xml version="1.0" encoding="UTF-8"?>
<!DOCTYPE mapper PUBLIC "-//mybatis.org//DTD Mapper 3.0//EN" "http://mybatis.org/dtd/mybatis-3-mapper.dtd">
<!--
    Description    : 설명을 기술합니다.
    author         : 안경수
    since          : 2023.1.19
-->

<mapper namespace="com.oms.sys.dao.PgmMgmtDAO">

    <select id="selectPgmMgmtListAll" parameterType = "pgmMgmtReqDTO" resultType="pgmMgmtResDTO">
        /*  QueryID=selectPgmMgmtListAll - 메뉴리스트 */

           SELECT
                MENU_ID,
                PGM_ID,
                PGM_ID_SN,
                PGM_NM,
                PGM_PATH_ADR,
                INP_SCN_CD,
                USE_YN,
                PPRR_EENO,
                FRAM_DTM,
                UPDR_EENO,
                MDFY_DTM
              FROM   TB_PGM_MGMT


                <if test="pgmId != null and pgmId != ''">
                    WHERE pgm_id = #{pgmId}
                 </if>

              ORDER BY PGM_ID, PGM_ID_SN
    </select>

    <select id="selectPgmMgmtGrpList" resultType="pgmMgmtResDTO">
        SELECT
                MENU_ID,
                PGM_ID,
                PGM_NM,
                PGM_PATH_ADR,
                INP_SCN_CD,
                USE_YN
          FROM   TB_PGM_MGMT
          WHERE pgm_id_sn = 0
          and use_yn = 'Y'
          ORDER BY PGM_ID
    </select>
<select id="selectAuthAffrMgmtMainList"  parameterType="authAffrMgmtReqDTO" resultType="authAffrMgmtResDTO" >
     /*  QueryID=selectAuthAffrMgmtList - 메뉴별 권한리스트 */

          select b.grp_cd,
            b.menu_auth_cd,
            a.use_yn,

             c.grp_nm,
            A.menu_id,
            A.pgm_nm,
            A.pgm_id_sn,
            A.pgm_id
            from tb_pgm_mgmt  A
            left join tb_auth_affr_mgmt b on a.menu_id = b.menu_id
            join tb_usr_grp_mgmt  c on b.grp_cd = c.grp_cd
           WHERE 1=1
         <if test="pgmId != null and pgmId != ''">
            and a.pgm_id = #{pgmId}
         </if>
         and a.USE_YN  = 'Y'
        and B.USE_YN  = 'Y'
        and C.USE_YN  = 'Y'
        ORDER BY b.grp_cd, a.menu_id, a.pgm_id_sn
     </select>
     <select id="selectAuthAffrMgmtList"  parameterType="authAffrMgmtReqDTO" resultType="authAffrMgmtResDTO" >
     /*  QueryID=selectAuthAffrMgmtList - 메뉴별 권한리스트 */

        select a.grp_cd,
            b.menu_auth_cd,
            a.grp_nm,
            c.menu_id,
            c.pgm_nm,
            c.pgm_id_sn,
            c.pgm_id,
            a.use_yn,
            b.use_yn,
            c.use_yn

            from tb_usr_grp_mgmt a
                left join tb_auth_affr_mgmt b on a.grp_cd = b.grp_cd and B.USE_YN  = 'Y'
           left join tb_pgm_mgmt  c on b.menu_id= c.menu_id  and C.USE_YN  = 'Y'
           WHERE 1=1
           AND( C.PGM_ID_SN != 0
         OR C.PGM_ID_SN is null)
         <if test="pgmId != null and pgmId != ''">
            and c.pgm_id = #{pgmId}
         </if>
         and a.USE_YN  = 'Y'

           ORDER BY a.grp_cd, c.menu_id, c.pgm_id_sn
     </select>

     <select id="selectAuthAffrMgmtListByGrp"  parameterType="authAffrMgmtReqDTO" resultType="authAffrMgmtResDTO" >
     /*  QueryID=selectAuthAffrMgmtListByGrp - 권한그룹별 권한리스트 */

           select
                B.grp_cd,
                B.menu_auth_cd,
                B.use_yn,
                A.menu_id,
                C.GRP_NM,

                A.pgm_nm
               from tb_pgm_mgmt  A
                left join tb_auth_affr_mgmt b on a.menu_id = b.menu_id  and B.USE_YN = 'Y' and B.GRP_CD = #{grpCd}
                left join tb_usr_grp_mgmt  C on B.GRP_CD = C.GRP_CD

                where a.use_yn = 'Y'
                and a.pgm_id_sn != 0


            order by
                B.grp_cd is null asc,
                a.menu_id,
                A.pgm_id_sn


     </select>

     <select id="selectAuthAffrMgmt" parameterType="authAffrMgmtReqDTO" resultType="authAffrMgmtResDTO" >
     /*  QueryID=selectAuthAffrMgmt - 특정메뉴 권한리스트 */

        SELECT
            t.menu_id, t.menu_auth_cd, t.use_yn, t.grp_cd, t.grp_nm ,
            c.pgm_nm,  c.pgm_id_sn, c.pgm_id
        FROM (
            SELECT
                a.menu_id,
                a.menu_auth_cd,
                a.use_yn,
                b.grp_cd,
                b.grp_nm
            FROM tb_auth_affr_mgmt a
            RIGHT JOIN tb_usr_grp_mgmt b ON a.grp_cd = b.grp_cd AND a.menu_id = #{menuId}
        ) t
        LEFT JOIN tb_pgm_mgmt c ON t.menu_id = c.menu_id

     </select>


     <delete id="deleteAuthAffrMgmt" parameterType="authAffrMgmtReqDTO">
        /* QueryID=deleteAuthAffrMgmt */
        DELETE FROM tb_auth_affr_mgmt
        <where>
             <if test="menuId != null and menuId != ''">
                AND menu_id = #{menuId}
             </if>
             <if test="grpCd != null and grpCd != ''">
                AND grp_cd = #{grpCd}
            </if>
        </where>

     </delete>

     <insert id="insertAuthAffrMgmt" parameterType="java.util.List">
        /* QueryID=insertAuthAffrMgmt */
        INSERT INTO tb_auth_affr_mgmt VALUES
        <foreach item="item" collection="list" separator=",">
            (#{item.grpCd}, #{item.menuId}, 'U', 'Y', #{item.pprrEeno}, NOW(), #{item.pprrEeno}, NOW())
        </foreach>
     </insert>




    <select id="selectPgmMgmtList" parameterType="commReqDTO" resultType="pgmMgmtResDTO">

        /*  QueryID=com.oms.dao.PgmMgmtDAO.selectPgmMgmt */

<!--             SELECT   C.MENU_ID      AS menuId -->
<!--                    , C.PGM_ID       AS pgmId -->
<!--                    , C.PGM_NM       AS pgmNm -->
<!--                    , C.PGM_PATH_ADR AS pgmPathAdr -->
<!--                    , C.PGM_ID_SN    AS pgmIdSn -->
<!--                    , B.MENU_AUTH_CD AS menuAuthCd -->
<!--               FROM   TB_USR_MGMT A -->
<!--                    , TB_AUTH_AFFR_MGMT B -->
<!--                    , TB_PGM_MGMT C -->
<!--                WHERE A.USER_EENO =  #{userEeno} -->
<!--                AND B.GRP_CD = A.GRP_CD -->
<!--                AND B.USE_YN = 'Y' -->
<!--                AND TRIM(B.MENU_ID) = TRIM(C.MENU_ID) -->
<!--                AND C.USE_YN = 'Y' -->
<!--              ORDER BY C.PGM_ID, C.PGM_ID_SN -->

select za.* from (


                 select

                 C.MENU_ID      AS menuId
                       , C.PGM_ID       AS pgmId
                       , C.PGM_NM       AS pgmNm
                       , C.PGM_PATH_ADR AS pgmPathAdr
                       , C.PGM_ID_SN    AS pgmIdSn
                       , B.MENU_AUTH_CD AS menuAuthCd
                  FROM   TB_USR_MGMT A
                       , TB_AUTH_AFFR_MGMT B
                       , TB_PGM_MGMT C



                   WHERE A.USER_EENO =  #{userEeno}
                   AND B.GRP_CD = A.GRP_CD
                   AND B.USE_YN = 'Y'
                   AND TRIM(B.MENU_ID) = TRIM(C.MENU_ID)
                   AND C.USE_YN = 'Y'
                   and c.PGM_ID_SN != 0


                   union ALL

                   select
                   MENU_ID AS menuId
                   ,PGM_ID AS pgmId
                   ,pGM_NM AS pgmNm
                   ,PGM_PATH_ADR AS pgmPathAdr
                   ,PGM_ID_SN AS pgmIdSn
                   ,'U' AS menuAuthCd

                   from tb_pgm_mgmt XD



                   where PGM_ID in (

                select
                        C.PGM_ID
                  FROM   TB_USR_MGMT A
                       , TB_AUTH_AFFR_MGMT B
                       , TB_PGM_MGMT C

                   WHERE A.USER_EENO =  #{userEeno}
                   AND B.GRP_CD = A.GRP_CD
                   AND B.USE_YN = 'Y'
                   AND TRIM(B.MENU_ID) = TRIM(C.MENU_ID)
                   AND C.USE_YN = 'Y'
                   and c.pgm_id_sn !=0
                   group by C.PGM_ID

                )

            and XD.PGM_ID_SN =0
            ) as za

ORDER BY za.pgmId, za.pgmIdSn
    </select>


    <select id="selectGrpUsrList"  resultType="pgmMgmtResDTO">
        <![CDATA[
        /*  QueryID=com.oms.dao.PgmMgmtDAO.selectPgmMgmt */

           WITH T AS (
                SELECT   USER_EENO
                    , GRP_CD
                   , USER_NM as GRP_NM
              FROM TB_USR_MGMT
             WHERE USE_GBN = 'G' )

             SELECT * FROM T
             LEFT JOIN (SELECT
                GRP_CD
             , COUNT(*) as USR_CNT
             FROM TB_USR_MGMT B
             WHERE USE_GBN != 'G'
             GROUP BY GRP_CD) XB ON T.GRP_CD = XB.GRP_CD

        ]]>
    </select>
 <!--
        Query Name  : aes.stm.pgmMgmt.PgmMgmtDAO.insertPgmMgmt
        Description :
    -->
    <insert id="insertPgmMgmt" parameterType="pgmMgmtReqDTO">
             /* ProgramID=insertPgmMgmt */
              <selectKey resultType="string" keyProperty="menuId" order="BEFORE">
                SELECT lpad(IFNULL(MAX(MENU_ID),0)+1,4,0) as menuId FROM TB_PGM_MGMT
            </selectKey>
        <![CDATA[
            INSERT INTO TB_PGM_MGMT
                (   MENU_ID
                  , PGM_ID
                  , PGM_ID_SN
                  , PGM_NM
                  , PGM_PATH_ADR
                  , INP_SCN_cD
                  , USE_YN
                  , PPRR_EENO
                  , FRAM_DTM
                )
                 values
                (
                    #{menuId}
                  , #{pgmId}
                  , #{pgmIdSn}
                  , #{pgmNm}
                  , #{pgmPathAdr}
                  , 'A'
                  , #{useYn}
                  , #{userEeno}
                  , SYSDATE()
                )
        ]]>
    </insert>


<!--
        Query Name  : aes.stm.pgmMgmt.PgmMgmtDAO.updatePgmMgmt
        Description :
    -->
    <update id="updatePgmMgmt" parameterType="pgmMgmtReqDTO">
                   /* ProgramID=aes.stm.pgmMgmt.PgmMgmtDAO.updatePgmMgmt */
        <![CDATA[

            update tb_pgm_mgmt set

               pgm_id = #{pgmId},
                pgm_nm = #{pgmNm},
                pgm_id_sn = #{pgmIdSn},
                PGM_path_adr = #{pgmPathAdr},
                use_yn = #{useYn},
                updr_eeno = #{userEeno},
                MDFY_DTM = sysdate()

             WHERE menu_Id = #{menuId}
        ]]>
    </update>

  <!--
        Query Name  : aes.stm.pgmMgmt.PgmMgmtDAO.deletePgmMgmt
        Description :
    -->
    <delete id="deletePgmMgmt" parameterType="pgmMgmtReqDTO">
                    /* ProgramID=aes.stm.pgmMgmt.PgmMgmtDAO.deletePgmMgmt */
        <![CDATA[
             DELETE FROM tb_pgm_mgmt
              WHERE menu_Id = #{menuId}
        ]]>
    </delete>
 <!--
        Query Name  : aes.stm.pgmMgmt.PgmMgmtDAO.insertPgmGrpAuth
        Description :
    -->
    <insert id="insertPgmGrpAuth" parameterType="pgmMgmtReqDTO">
                  /* ProgramID=aes.stm.pgmMgmt.PgmMgmtDAO.insertPgmGrpAuth */

           INSERT INTO TB_ACT_AUTH
                (   USER_EENO
                  , ACT_ID
                  , PPRR_EENO
                  , FRAM_DTM
                )
                VALUES
                <foreach item="item" collection="gridList" separator=",">
                (#{item.userEeno}, #{item.actId}, #{item.userId}, SYSDATE())
                </foreach>
    </insert>


        <insert id="insertPgmtMgmtGrp" parameterType="pgmMgmtReqDTO">
             /* ProgramID=insertPgmMgmt */
              <selectKey resultType="pgmMgmtResDTO" keyProperty="menuId,pgmId" order="BEFORE">
                SELECT
                    lpad(IFNULL(MAX(MENU_ID),0)+1,4,0) as menuId ,
                    lpad(IFNULL(MAX(PGM_ID),0)+1,2,0) AS pgmId
                 FROM TB_PGM_MGMT
            </selectKey>
        <![CDATA[
            INSERT INTO TB_PGM_MGMT
                (   MENU_ID
                  , PGM_ID
                  , PGM_ID_SN
                  , PGM_NM
                  , PGM_PATH_ADR
                  , INP_SCN_CD
                  , USE_YN
                  , PPRR_EENO
                  , FRAM_DTM
                )
                 values
                (
                    #{menuId}
                  , #{pgmId}
                  , '0'
                  , #{pgmNm}
                  , #{pgmPathAdr}
                  , 'A'
                  , #{useYn}
                  , #{userEeno}
                  , SYSDATE()
                )
        ]]>
    </insert>

    <!--
        Query Name  : aes.stm.pgmMgmt.PgmMgmtDAO.updatePgmMgmt
        Description :
    -->
    <update id="updatePgmtMgmtGrp" parameterType="pgmMgmtReqDTO">
                   /* ProgramID=aes.stm.pgmMgmt.PgmMgmtDAO.updatePgmMgmt */
        <![CDATA[

            update tb_pgm_mgmt set
                pgm_nm = #{pgmNm},
                PGM_path_adr = #{pgmPathAdr},
                use_yn = #{useYn},
                updr_eeno = #{userEeno},
                MDFY_DTM = sysdate()

             WHERE menu_Id = #{menuId}
        ]]>
    </update>

     <delete id="deletePgmGrpAuth" parameterType="pgmMgmtReqDTO">
                        /* ProgramID=aes.stm.pgmMgmt.PgmMgmtDAO.deletePgmGrpAuth */
            <![CDATA[
                 DELETE FROM TB_ACT_AUTH
                  WHERE USER_EENO = #{userEeno}
            ]]>

            <if test = '"spmId != null and  spmId != ""'>
                   AND ACT_ID IN (
                       SELECT A.ACT_ID
                         FROM   TB_ACT_MGMT A , TB_PGM_MGMT B
                        WHERE A.MENU_ID = B.MENU_ID
                          AND B.PGM_ID = #{spgmId}
                   )
            </if>

    </delete>


     <update id="updatePgmMgmtUseYn" parameterType="useYnReqDTO">
                   /* ProgramID=updatePgmMgmtUseYn */
            UPDATE TB_PGM_MGMT
               SET  USE_YN = #{useYn}
             WHERE MENU_ID IN
            <foreach item="item" collection="list" separator="," open="(" close=")">
                #{item}
            </foreach>
    </update>




 </mapper>

