<?xml version="1.0" encoding="UTF-8"?>
<!DOCTYPE mapper PUBLIC "-//mybatis.org//DTD Mapper 3.0//EN" "http://mybatis.org/dtd/mybatis-3-mapper.dtd">


<mapper namespace="com.oms.common.dao.MailDAO">

    <insert id="insertLogEml" parameterType="mailDTO">
        INSERT INTO tb_log_eml (
            EML_SCD_CD,
            EML_ID,
            SNDR_ID,
            EML_TITL,
            EML_SBC,
            FS_SND_DATE
        ) VALUES
         <foreach item="item" collection="rcvList" separator=",">
            (
                #{emlScdCd},
                #{item.emlId},
                #{sndrId},
                #{emlTitl},
                #{emlSbc},
                NOW()
            )
         </foreach>

    </insert>

    <select id="selectEmlAdrList" parameterType="java.util.List" resultType="mail">
      /* QueryID = selectEmlAdrList  */
      SELECT
        user_eeno AS emlId,
        user_eml_adr AS emlAdr
      FROM
        tb_usr_mgmt
      WHERE
        user_eeno IN (
         <foreach item="item" collection="list" separator=",">
            #{item}
         </foreach>
        )

    </select>



</mapper>
