<?xml version="1.0" encoding="UTF-8"?>
<!DOCTYPE mapper PUBLIC "-//mybatis.org//DTD Mapper 3.0//EN" "http://mybatis.org/dtd/mybatis-3-mapper.dtd">



<mapper namespace="com.oms.mri.dao.PrintOrderDAO">

    <select id="selectPrintOrderList" parameterType="printOrderComDTO" resultType="printOrderInfosResDTO">
    /* selectPrintOrderList */
        <![CDATA[
        WITH T AS (
            SELECT
                A.CL_SCN_CD,
                C.QLTY_VEHL_CD,
                C.MDL_MDY_CD,
                C.LANG_CD,
                B.QLTY_VEHL_NM AS QLTY_VEHL_NM,
                C.MDL_MDY_CD AS MDL_MDY_NM,
                C.LANG_CD_NM,
                B.DL_EXPD_PAC_SCN_CD,
                B.DL_EXPD_PDI_CD,
                C.DL_EXPD_REGN_CD
            FROM (
                SELECT
                    QLTY_VEHL_CD,
                    MAX(CL_SCN_CD) AS CL_SCN_CD
                FROM TB_AUTH_VEHL
                WHERE 1=1
                    AND USER_EENO = #{userEeno}
                    AND QLTY_VEHL_CD = (CASE WHEN #{qltyVehlCd}='ALL' THEN QLTY_VEHL_CD ELSE #{qltyVehlCd} END)
                    /* 로그인한 사용자의 회사코드에 따른 차종 제한 */
                    AND DL_EXPD_CO_CD = #{dlExpdCoCd}
                GROUP BY QLTY_VEHL_CD
            ) A, TB_VEHL_MGMT B, TB_LANG_MGMT C
            WHERE 1=1
                AND A.QLTY_VEHL_CD = B.QLTY_VEHL_CD
                AND A.QLTY_VEHL_CD = C.QLTY_VEHL_CD
                AND B.MDL_MDY_CD = C.MDL_MDY_CD
                AND B.MDL_MDY_CD = (CASE WHEN IFNULL(#{mdlMdyCd},'ALL')='ALL' THEN B.MDL_MDY_CD ELSE IFNULL(#{mdlMdyCd},'ALL') END)
                /*
                AND B.DL_EXPD_PAC_SCN_CD = (CASE WHEN IFNULL(dlExpdPacScnCd,'')='' THEN B.DL_EXPD_PAC_SCN_CD ELSE IFNULL(dlExpdPacScnCd,'') END)
                */
                AND C.DL_EXPD_REGN_CD = (CASE WHEN IFNULL(#{dlExpdRegnCd},'ALL')='ALL' THEN C.DL_EXPD_REGN_CD ELSE IFNULL(#{dlExpdRegnCd},'') END)
        ]]>

        <choose>
            <when test="langCds != null and langCds != 'ALL' and langCds != '' and langCds.size() != 0" >
                AND C.LANG_CD IN
                <foreach collection="langCds" item="item" open="(" close=")" separator=",">
                    #{item}
                </foreach>
            </when>
            <otherwise>
                AND C.LANG_CD = (CASE WHEN IFNULL(#{langCd},'ALL')='ALL' THEN C.LANG_CD ELSE IFNULL(#{langCd},'ALL') END)
            </otherwise>
        </choose>
        <![CDATA[
                AND B.USE_YN = 'Y'
        )
        SELECT
            B.I_WAY_CD,
            M.DL_EXPD_PRVS_NM AS II_WAY_CD_NM, /*앞에 I를 하나만 붙일경우 카멜케이스가 안됨*/
            A.N_PRNT_PBCN_NO as NEW_PRNT_PBCN_NO,
            A.QLTY_VEHL_CD,
            A.DL_EXPD_PDI_CD,
            D.QLTY_VEHL_NM,
            A.MDL_MDY_CD,
            F.DL_EXPD_PRVS_NM AS DL_EXPD_REGN_NM,
            A.LANG_CD,
            D.LANG_CD_NM,
            DATE_FORMAT(STR_TO_DATE(B.PRNT_PARR_YMD, '%Y%m%d'), '%Y-%m-%d') as ORDN_RQST_YMD,
            B.PRNT_PARR_QTY,
            /*
            case
                when C.DL_EXPD_RDCS_ST_CD = '02' then L.USER_NM
                else H.USER_NM
            end as USER_NM,
            */
            IFNULL(H.USER_NM, B.CRGR_EENO) as USER_NM,
            G.DL_EXPD_PRVS_NM as TRTM_RST,
            G.DL_EXPD_PRVS_CD as TRTM_RST_CD,
            DATE_FORMAT(STR_TO_DATE(C.TRTM_YMD, '%Y%m%d'), '%Y-%m-%d') as TRTM_YMD,
            /*
             * CONCAT(G.DL_EXPD_PRVS_NM, ':', DATE_FORMAT(STR_TO_DATE(C.TRTM_YMD, '%Y%m%d'), '%Y-%m-%d')) as TRTM_RST,
             * */
            D.MDL_MDY_NM,
            E.DL_EXPD_PRVS_NM as EXPD_PAC_SCN_NM,
            F.DL_EXPD_PRVS_CD as EXPD_REGN_CD,
            DATE_FORMAT(STR_TO_DATE(B.DLVG_PARR_YMD, '%Y%m%d'), '%Y-%m-%d') as DLVG_PARR_YMD,
            B.OLD_PRNT_PBCN_NO,
            case
                when D.CL_SCN_CD = 'U'
                and C.DL_EXPD_RDCS_ST_CD in ('01', '04') then 'Y'
                else 'N'
            end as CL_SCN_CD,
            I.DL_EXPD_PRVS_NM as PRNT_WAY_NM,
            J.DL_EXPD_PRVS_NM as PRNT_WAY_NM2,
            K.DL_EXPD_PRVS_NM as DEPQ1_NM,
            D.DL_EXPD_REGN_CD,
            A.PRNT_CMPL_QTY as PRNT_CMPL_QTY
        FROM (
            SELECT
                P.N_PRNT_PBCN_NO,
                P.QLTY_VEHL_CD,
                P.DL_EXPD_PDI_CD,
                P.MDL_MDY_CD,
                P.LANG_CD,
                P.PRNT_CMPL_QTY
            FROM (
                SELECT
                    K.N_PRNT_PBCN_NO,
                    K.QLTY_VEHL_CD,
                    K.DL_EXPD_PDI_CD,
                    K.MDL_MDY_CD,
                    K.LANG_CD,
                    K.PRNT_CMPL_QTY
                FROM (
                    SELECT
                        C.N_PRNT_PBCN_NO,
                        MAX(A.QLTY_VEHL_CD) AS QLTY_VEHL_CD,
                        MAX(A.DL_EXPD_PDI_CD) AS DL_EXPD_PDI_CD,
                        MAX(A.MDL_MDY_CD) AS MDL_MDY_CD,
                        MAX(A.LANG_CD) AS LANG_CD,
                        MAX(D.PRNT_CMPL_QTY ) AS PRNT_CMPL_QTY
                    FROM T A, TB_PRNT_REQ_INFO B, TB_PRNT_BKGD_INFO C
                    /* LEFT JOIN TB_SEWON_IV_INFO D ON D.N_PRNT_PBCN_NO = C.N_PRNT_PBCN_NO */
                    LEFT JOIN (
                        SELECT
                            N_PRNT_PBCN_NO,
                            MAX(PRNT_CMPL_QTY) AS PRNT_CMPL_QTY
                        FROM TB_SEWON_IV_INFO
                        WHERE CLS_YMD = DATE_FORMAT(NOW() , '%Y%m%d')
                        GROUP BY N_PRNT_PBCN_NO
                    ) D ON D.N_PRNT_PBCN_NO = C.N_PRNT_PBCN_NO
                    WHERE 1=1
                        AND A.QLTY_VEHL_CD = B.QLTY_VEHL_CD
                        AND A.MDL_MDY_CD = B.MDL_MDY_CD
                        AND A.LANG_CD = B.LANG_CD
                        AND A.QLTY_VEHL_CD = C.QLTY_VEHL_CD
                        AND A.MDL_MDY_CD = C.MDL_MDY_CD
                        AND A.LANG_CD = C.LANG_CD
                        AND B.N_PRNT_PBCN_NO = C.N_PRNT_PBCN_NO

    ]]>
    <if test="newPrntPbcnNo != null and newPrntPbcnNo != '' and newPrntPbcnNo != 'ALL'" >
                        AND ( (UPPER(B.N_PRNT_PBCN_NO) LIKE CONCAT('%',UPPER(#{newPrntPbcnNo}),'%')) OR (B.N_PRNT_PBCN_NO IS NULL AND #{newPrntPbcnNo} IS NULL) )
    </if>
    <![CDATA[
                        AND B.ORDN_RQST_YMD BETWEEN REPLACE(#{sDate} ,'-','') AND REPLACE(#{eDate} ,'-','')
                        AND (
                            B.CRGR_EENO = (CASE WHEN #{crgrEeno}='ALL' THEN B.CRGR_EENO ELSE #{crgrEeno} END)
                            OR
                            B.CSET_CRGR_EENO = (case when #{crgrEeno} = 'ALL' then B.CSET_CRGR_EENO else #{crgrEeno} end)
                        )
                        AND C.DL_EXPD_RDCS_ST_CD = (CASE WHEN IFNULL(#{dlExpdRdcsStCd},'ALL') = 'ALL' THEN C.DL_EXPD_RDCS_ST_CD ELSE #{dlExpdRdcsStCd} END)
                    GROUP BY C.N_PRNT_PBCN_NO
                    ORDER BY CASE
                        WHEN C.DL_EXPD_RDCS_ST_CD IN ('01', '04') THEN 1
                        WHEN C.DL_EXPD_RDCS_ST_CD = '02' THEN 2
                        WHEN C.DL_EXPD_RDCS_ST_CD = '03' THEN 3
                        ELSE 4
                    END, C.TRTM_YMD DESC
                ) K
            ) P
        ) A,
        T D, TB_CODE_MGMT E, TB_CODE_MGMT F, TB_CODE_MGMT G, TB_CODE_MGMT I, TB_CODE_MGMT J, TB_CODE_MGMT K, TB_PRNT_BKGD_INFO C, TB_PRNT_REQ_INFO B
        LEFT OUTER JOIN TB_USR_MGMT H
            ON B.CRGR_EENO = H.USER_EENO
        LEFT OUTER JOIN TB_USR_MGMT L
            ON  B.CSET_CRGR_EENO = L.USER_EENO
        LEFT OUTER JOIN TB_CODE_MGMT M
            ON  M.DL_EXPD_G_CD='0024'
            and M.DL_EXPD_PRVS_CD = B.I_WAY_CD
        WHERE 1=1
            AND A.N_PRNT_PBCN_NO = B.N_PRNT_PBCN_NO
            AND A.N_PRNT_PBCN_NO = C.N_PRNT_PBCN_NO
            AND A.QLTY_VEHL_CD = D.QLTY_VEHL_CD
            AND A.MDL_MDY_CD = D.MDL_MDY_CD
            AND A.LANG_CD = D.LANG_CD
            AND D.DL_EXPD_PAC_SCN_CD = E.DL_EXPD_PRVS_CD
            AND E.DL_EXPD_G_CD = '0004'
            AND D.DL_EXPD_REGN_CD = F.DL_EXPD_PRVS_CD
            AND F.DL_EXPD_G_CD = '0008'
            AND C.DL_EXPD_RDCS_ST_CD = G.DL_EXPD_PRVS_CD
            AND G.DL_EXPD_G_CD = '0009'
            AND I.DL_EXPD_G_CD = '0025'
            AND B.PRNT_WAY_CD = I.DL_EXPD_PRVS_CD
            AND J.DL_EXPD_G_CD = '0029'
            AND B.PRNT_WAY_CD2 = J.DL_EXPD_PRVS_CD
            AND K.DL_EXPD_G_CD = '0026'
            AND B.DEPQ1_CD = K.DL_EXPD_PRVS_CD
            AND B.I_WAY_CD = (CASE WHEN #{iiWayCd}='' THEN B.I_WAY_CD ELSE #{iiWayCd} END)
            AND C.DL_EXPD_RDCS_ST_CD = (CASE WHEN #{dlExpdRdcsStCd}='ALL' THEN C.DL_EXPD_RDCS_ST_CD ELSE #{dlExpdRdcsStCd} END)
        ORDER BY (CASE
            WHEN C.DL_EXPD_RDCS_ST_CD IN ('01', '04') THEN 1
            WHEN C.DL_EXPD_RDCS_ST_CD = '02' THEN 2
            WHEN C.DL_EXPD_RDCS_ST_CD = '03' THEN 3
            ELSE 4
        END), C.TRTM_YMD DESC, A.N_PRNT_PBCN_NO DESC
        ]]>
    </select>

    <select id="selectPrintOrderClcmInfos" parameterType="printOrderComDTO" resultType="clcmInfosResDTO">
    /* selectPrintOrderClcmInfos */
        <![CDATA[
        SELECT
            A.DL_EXPD_ALTR_NO,
            D.ALTR_YMD,
            D.RCPM_SHAP_CD,
            D.DSPP_NM,
            D.CHGR_EENO,
            D.CRGR_NM,
            B.QLTY_VEHL_NM,
            A.N1AFP2_ADR,
            A.N1AFP2_ADR1,
            C.LANG_CD_NM,
            C.DATA_SN,
            /* DBMS_LOB.SUBSTR(D.ALTR_SBC, DBMS_LOB.GETLENGTH(D.ALTR_SBC), 1) AS ALTR_SBC, --tibero */
            D.ALTR_SBC AS ALTR_SBC,
            D.ALTR_TITL as ALTR_TITL,
            A.N_PRNT_PBCN_NO AS NEW_PRNT_PBCN_NO,
            D.ATTC_YN,
            E.DL_EXPD_PRVS_NM AS RCPM_SHAP_NM
        FROM (
            SELECT
                A.DL_EXPD_ALTR_NO,
                A.QLTY_VEHL_CD,
                A.LANG_CD,
                IFNULL(A.N_PRNT_PBCN_NO, '') AS N_PRNT_PBCN_NO,
                B.N1AFP2_ADR,
                B.N1AFP2_ADR1,
                CASE
                    WHEN B.RCPM_SHAP_CD = '05' THEN 2
                    WHEN B.RCPM_SHAP_CD = '06' THEN 0
                    WHEN B.RCPM_SHAP_CD = '07' THEN 1
                    WHEN A.N_PRNT_PBCN_NO IS NULL THEN 3
                    WHEN A.N_PRNT_PBCN_NO = #{newPrntPbcnNo} THEN 4
                    WHEN A.N_PRNT_PBCN_NO = #{oldPrntPbcnNo} THEN 5
                END AS IDX
            FROM TB_CHKLIST_DTL_INFO A, TB_CHKLIST_INFO B
            WHERE 1=1
                AND A.DL_EXPD_ALTR_NO = B.DL_EXPD_ALTR_NO
                AND A.QLTY_VEHL_CD = #{qltyVehlCd}
                AND A.LANG_CD = #{langCd}
                AND B.DEL_YN = 'N'
                AND (
                    B.RCPM_SHAP_CD IN ('05', '06', '07')
        ]]>
        <if test="newPrntPbcnNo != '' and newPrntPbcnNo != null and oldPrntPbcnNo != '' and oldPrntPbcnNo != null ">
                    OR (A.N_PRNT_PBCN_NO IS NULL OR A.N_PRNT_PBCN_NO IN (#{newPrntPbcnNo}, #{oldPrntPbcnNo}) )
        </if>
        <![CDATA[
                )
        ) A,
        (
            SELECT
                QLTY_VEHL_CD,
                QLTY_VEHL_NM
            FROM TB_VEHL_MGMT
            WHERE 1=1
                AND QLTY_VEHL_CD = #{qltyVehlCd}
                AND MDL_MDY_CD = #{mdlMdyCd}
        ) B,
        (
            SELECT
                QLTY_VEHL_CD,
                LANG_CD,
                LANG_CD_NM,
                DATA_SN
            FROM TB_LANG_MGMT
            WHERE QLTY_VEHL_CD = #{qltyVehlCd}
            AND MDL_MDY_CD = #{mdlMdyCd}
            AND LANG_CD = #{langCd}
        ) C,
        TB_CHKLIST_INFO D
        LEFT JOIN TB_CODE_MGMT E ON E.DL_EXPD_G_CD = '0010' AND E.DL_EXPD_PRVS_CD = D.RCPM_SHAP_CD
        WHERE 1=1
            AND A.QLTY_VEHL_CD = B.QLTY_VEHL_CD
            AND A.QLTY_VEHL_CD = C.QLTY_VEHL_CD
            AND A.LANG_CD = C.LANG_CD
            AND A.DL_EXPD_ALTR_NO = D.DL_EXPD_ALTR_NO
        ORDER BY A.IDX, A.DL_EXPD_ALTR_NO DESC
        ]]>
    </select>

    <select id="selectPrintOrderPrntPbcnNoInfos" parameterType="printOrderComDTO" resultType="printOrderPrntPbcnNoResDTO">
        <![CDATA[
        SELECT
            A.N_PRNT_PBCN_NO AS NEW_PRNT_PBCN_NO,
            A.OLD_PRNT_PBCN_NO,
            A.QLTY_VEHL_CD,
            A.MDL_MDY_CD,
            A.LANG_CD,
            A.DL_EXPD_RDCS_ST_CD,
            A.DL_EXPD_RDCS_ST_CD_NM,
            B.QLTY_VEHL_NM,
            A.LANG_CD_NM,
            C.DL_EXPD_PRVS_NM AS DL_EXPD_REGN_NM
        FROM (
            SELECT
                A.N_PRNT_PBCN_NO,
                A.QLTY_VEHL_CD,
                A.MDL_MDY_CD,
                A.LANG_CD,
                A.OLD_PRNT_PBCN_NO,
                A.DL_EXPD_RDCS_ST_CD,
                (
                    SELECT B.DL_EXPD_PRVS_NM
                    FROM TB_CODE_MGMT B
                    WHERE 1=1
                        AND A.DL_EXPD_RDCS_ST_CD = B.DL_EXPD_PRVS_CD
                        AND B.DL_EXPD_G_CD = '0009'
                ) AS DL_EXPD_RDCS_ST_CD_NM,
                B.LANG_CD_NM,
                B.DL_EXPD_REGN_CD
            FROM TB_PRNT_BKGD_INFO A, TB_LANG_MGMT B, TB_DL_EXPD_MDY_MGMT C
            WHERE 1=1
                AND A.QLTY_VEHL_CD       = B.QLTY_VEHL_CD
                AND A.MDL_MDY_CD         = B.MDL_MDY_CD
                AND A.LANG_CD            = B.LANG_CD
                AND A.QLTY_VEHL_CD       = C.QLTY_VEHL_CD
                AND A.MDL_MDY_CD         = C.MDL_MDY_CD
                AND B.DL_EXPD_REGN_CD    = C.DL_EXPD_REGN_CD
                AND A.QLTY_VEHL_CD       = #{qltyVehlCd}
                AND C.DL_EXPD_MDL_MDY_CD = #{mdlMdyCd}
                AND A.LANG_CD            = #{langCd}
                AND A.N_PRNT_PBCN_NO LIKE CONCAT(( CASE WHEN #{newPrntPbcnNo} IS NULL THEN '' ELSE UPPER(#{newPrntPbcnNo}) END ), '%')
        ) A
        LEFT JOIN TB_CODE_MGMT C on C.DL_EXPD_G_CD = 0008 and C.DL_EXPD_PRVS_CD =  A.DL_EXPD_REGN_CD
        , TB_VEHL_MGMT B
        WHERE 1=1
            AND A.QLTY_VEHL_CD = B.QLTY_VEHL_CD
            AND A.MDL_MDY_CD = B.MDL_MDY_CD
        ORDER BY FU_GET_SORT_PBCN(A.N_PRNT_PBCN_NO) DESC
        ]]>
    </select>

    <select id="selectPrintOrderReqInfo" parameterType="printOrderComDTO" resultType="printOrderReqInfoResDTO">
        <![CDATA[
        SELECT
            A.N_PRNT_PBCN_NO AS NEW_PRNT_PBCN_NO
            ,A.QLTY_VEHL_CD
            ,A.MDL_MDY_CD
            ,A.LANG_CD
            ,date_format(str_to_date(A.PRNT_PARR_YMD, '%Y%m%d'), '%Y-%m-%d') as PRNT_PARR_YMD
            ,date_format(str_to_date(A.DLVG_PARR_YMD, '%Y%m%d'), '%Y-%m-%d') as DLVG_PARR_YMD
            ,A.I_WAY_CD
            ,A.PRNT_PARR_QTY
            ,A.PRNT_WAY_CD
            ,A.DEPQ1_CD
            ,A.OLD_PRNT_PBCN_NO
            ,A.PG_MGN_SBC
            ,A.PG_NL
            ,A.OORD_EDIT_PG_NL
            ,A.GRN_DOC_NL
            ,A.MDFY_PG_NL
            ,A.DEPC1_YN
            ,A.PRTL_IMTR_SBC
            ,A.SALE_UNP
            ,A.ORDN_RQST_YMD
            ,A.ORDN_CSET_CDT
            ,A.N1AFP2_ADR
            ,A.N2AFP2_ADR
            ,A.CRGR_EENO
            ,U.USER_NM AS CRGR_EENO_NM
            ,A.CSET_CRGR_EENO
            ,A.DL_EXPD_MDL_MDY_CD
            ,A.PRTL_IMTR_SBC2
            ,A.PRNT_WAY_CD2
            ,A.PRNT_PARR_BGT
            ,A.PRTL_IMTR_SBC3
            ,A.ATTC_YN
            ,A.COVER_ATTC_SN
            ,A.INNER_ATTC_SN
            ,A.OORD_EDIT_CO_CD
            ,A.PPRR_EENO
            ,A.FRAM_DTM
            ,A.UPDR_EENO
            ,A.MDFY_DTM
            ,A.BLC_SN
            ,(
                SELECT CONCAT('(', QLTY_VEHL_CD, ')', QLTY_VEHL_NM, '-', MDL_MDY_CD, 'MY')
                FROM TB_VEHL_MGMT
                WHERE 1=1
                    AND QLTY_VEHL_CD = #{qltyVehlCd}
                    AND MDL_MDY_CD = #{mdlMdyCd}
            ) AS QLTY_VEHL_NM
            ,(
                SELECT CONCAT('(', LANG_CD, ')', LANG_CD_NM)
                FROM TB_LANG_MGMT
                WHERE 1=1
                    AND QLTY_VEHL_CD = #{qltyVehlCd}
                    AND MDL_MDY_CD = #{mdlMdyCd}
                    AND LANG_CD = #{langCd}
            ) AS LANG_CD_NM
            ,(
                SELECT DATA_SN
                FROM TB_LANG_MGMT
                WHERE 1=1
                    AND QLTY_VEHL_CD = #{qltyVehlCd}
                    AND MDL_MDY_CD = #{mdlMdyCd}
                    AND LANG_CD = #{langCd}
            ) AS DATA_SN
        FROM TB_PRNT_REQ_INFO A
        LEFT JOIN TB_USR_MGMT U ON U.USER_EENO = A.CRGR_EENO
        WHERE A.N_PRNT_PBCN_NO = #{newPrntPbcnNo}
        ]]>
    </select>

    <select id="selectNPrntPbcnNoLrnkCdList" parameterType="printOrderComDTO" resultType="java.util.HashMap">
    /* selectNPrntPbcnNoLrnkCdList */
        <![CDATA[
        SELECT
            N_PRNT_PBCN_NO AS newPrntPbcnNo
            , LRNK_CD AS lrnkCd
            FROM TB_PRNT_PAGE_MGMT
        WHERE N_PRNT_PBCN_NO  = #{newPrntPbcnNo}
        GROUP BY N_PRNT_PBCN_NO, LRNK_CD
        ]]>
    </select>
    <select id="getMdfyPageCount" parameterType="printOrderComDTO" resultType="java.util.HashMap">
    /* getMdfyPageCount */
        <![CDATA[
        SELECT COUNT(N_PRNT_PBCN_NO) AS PAGE_COUNT
        FROM TB_PRNT_ALGN_INFO
        WHERE N_PRNT_PBCN_NO = #{newPrntPbcnNo}
        ]]>
    </select>
    <select id="selectMaxDeppc1Sn" parameterType="printOrderComDTO" resultType="java.util.HashMap">
    /* selectMaxDeppc1Sn */
        <![CDATA[
         SELECT IFNULL(MAX(A.DEPPC1_SN), 0) + 1 AS MAX_DEPPC1_SN
           FROM TB_PRNT_PAGE_MGMT A,
                TB_LANG_MGMT B,
                TB_VEHL_MGMT C,
                TB_CODE_MGMT D
          WHERE A.QLTY_VEHL_CD = B.QLTY_VEHL_CD
            AND A.MDL_MDY_CD = B.MDL_MDY_CD
            AND A.LANG_CD = B.LANG_CD
            AND B.QLTY_VEHL_CD = C.QLTY_VEHL_CD
            AND B.MDL_MDY_CD = C.MDL_MDY_CD
            AND B.USE_YN = 'Y'
            AND C.USE_YN = 'Y'
            AND D.DL_EXPD_G_CD = '0003'
            AND D.DL_EXPD_PRVS_CD = C.DL_EXPD_CO_CD
        ]]>
    </select>
    <select id="selectPageInfoList" parameterType="printOrderComDTO" resultType="java.util.HashMap">
    /* selectPageInfoList */
        <![CDATA[
        SELECT
            N_PRNT_PBCN_NO,
            LRNK_CD,
            A.QLTY_VEHL_CD,
            A.MDL_MDY_CD,
            A.LANG_CD,
            DEPPC1_SN,
            DEPPC2_SN,
            END_PG_SN
        FROM TB_PRNT_PAGE_MGMT A, TB_LANG_MGMT B, TB_VEHL_MGMT C
        WHERE 1=1
            AND A.N_PRNT_PBCN_NO = #{newPrntPbcnNo}
            AND A.LRNK_CD = #{lrnkCd}
            AND A.QLTY_VEHL_CD = #{qltyVehlCd}
            AND A.MDL_MDY_CD = #{mdlMdyCd}
            AND A.LANG_CD = #{langCd}
            AND A.QLTY_VEHL_CD = B.QLTY_VEHL_CD
            AND A.MDL_MDY_CD = B.MDL_MDY_CD
            AND A.LANG_CD = B.LANG_CD
            AND A.QLTY_VEHL_CD = C.QLTY_VEHL_CD
            AND A.MDL_MDY_CD = C.MDL_MDY_CD
        ORDER BY A.DEPPC1_SN ASC, A.DEPPC2_SN ASC
        ]]>
    </select>
    <select id="selectAlgnInfoList" parameterType="printOrderComDTO" resultType="java.util.HashMap">
    /* selectAlgnInfoList */
        <![CDATA[
        SELECT
            DEPPC1_SN,
            DEPPC2_SN,
            DL_EXPD_PRNT_PG_SN,
            LRNK_CD
        FROM TB_PRNT_ALGN_INFO
        WHERE 1=1
            AND N_PRNT_PBCN_NO = #{newPrntPbcnNo}
            AND LRNK_CD = #{lrnkCd}
            AND QLTY_VEHL_CD = #{qltyVehlCd}
            AND MDL_MDY_CD = #{mdlMdyCd}
            AND LANG_CD = #{langCd}
        ORDER BY DEPPC1_SN ASC, DL_EXPD_PRNT_PG_SN ASC
        ]]>
    </select>
    <select id="selectPrntApvlInfo" parameterType="printOrderComDTO" resultType="printOrderPageInfosResDTO">
    /* selectPrntApvlInfo */
        <![CDATA[
        WITH SSSS AS (
            SELECT IFNULL(SUM(IV_QTY), 0) AS vIvQty1
            FROM TB_SEWON_IV_INFO
            WHERE QLTY_VEHL_CD = #{qltyVehlCd}
                AND DL_EXPD_MDL_MDY_CD = #{mdlMdyCd}
                AND LANG_CD = #{langCd}
                AND CLS_YMD = DATE_FORMAT(NOW(), '%Y%m%d')
        )
        SELECT
            A.N_PRNT_PBCN_NO AS newPrntPbcnNo
            , A.QLTY_VEHL_CD AS qltyVehlCd
            , A.MDL_MDY_CD AS mdlMdyCd
            , A.LANG_CD AS langCd
            , A.PRNT_PARR_YMD AS prntParrYmd
            , A.DLVG_PARR_YMD AS dlvgParrYmd
            , A.I_WAY_CD AS iWayCd
            , A.PRNT_PARR_QTY AS prntParrQty
            , A.PRNT_WAY_CD AS prntWayCd
            , F.DL_EXPD_PRVS_NM as prntWayCdNm
            , A.PRNT_WAY_CD2 AS prntWayCd2
            , G.DL_EXPD_PRVS_NM as prntWayCd2Nm
            , A.DEPQ1_CD AS depq1Cd
            , A.OLD_PRNT_PBCN_NO AS oldPrntPbcnNo
            , A.PG_MGN_SBC AS pgMgnSbc
            , A.PG_NL AS pgNl
            , A.OORD_EDIT_PG_NL AS oordEditPgNl
            , A.GRN_DOC_NL AS grnDocNl
            , A.MDFY_PG_NL AS mdfyPgNl
            , A.DEPC1_YN AS depc1Yn
            , A.PRTL_IMTR_SBC AS prtlImtrSbc
            , A.SALE_UNP AS saleUnp
            , A.ORDN_RQST_YMD AS ordnRqstYmd
            , A.ORDN_CSET_CDT AS ordnCsetCdt
            , A.N1AFP2_ADR AS n1afp2Adr
            , A.N2AFP2_ADR AS n2afp2Adr
            , A.CRGR_EENO AS crgrEeno
            , A.CSET_CRGR_EENO AS csetCrgrEeno
            , A.DL_EXPD_MDL_MDY_CD AS dlExpdMdlMdyCd
            , A.PRTL_IMTR_SBC2 AS prtlImtrSbc2
            , A.PRNT_PARR_BGT AS prntParrBgt
            , A.PRTL_IMTR_SBC3 AS prtlImtrSbc3
            , A.ATTC_YN AS attcYn
            , A.COVER_ATTC_SN AS coverAttcSn
            , A.INNER_ATTC_SN AS innerAttcSn
            , A.OORD_EDIT_CO_CD AS oordEditCoCd
            , A.PPRR_EENO AS pprrEeno
            , A.FRAM_DTM AS framDtm
            , A.UPDR_EENO AS updrEeno
            , A.MDFY_DTM AS mdfyDtm
            , A.BLC_SN AS blcSn ,
            CONCAT('(', C.QLTY_VEHL_CD, ')', C.QLTY_VEHL_NM, '-', C.MDL_MDY_CD, 'MY') AS qltyVehlNm,
            CONCAT('(', B.LANG_CD, ')', B.LANG_CD_NM) AS langCdNm,
            IFNULL(IV_QTY, ((SELECT vIvQty1
                            FROM SSSS
                            ) + (SELECT IFNULL(SUM(IV_QTY), 0) AS vIvQty2
                                                                                  FROM TB_PDI_IV_INFO
                                                                                  WHERE QLTY_VEHL_CD = #{qltyVehlCd}
                                                                                    AND DL_EXPD_MDL_MDY_CD = #{mdlMdyCd}
                                                                                    AND LANG_CD = #{langCd}
                                                                                    AND CLS_YMD = DATE_FORMAT(NOW(), '%Y%m%d')))) AS ivQty,
            IFNULL(ORD_QTY, (SELECT IFNULL(SUM(TMM_ORD_QTY), 0) AS vOrdQty
                             FROM TB_APS_PROD_SUM_INFO
                             WHERE QLTY_VEHL_CD = #{qltyVehlCd}
                                AND MDL_MDY_CD = #{mdlMdyCd}
                                AND LANG_CD = #{langCd}
                                AND APL_YMD = DATE_FORMAT(NOW(), '%Y%m%d'))) AS ordQty,
            IFNULL(MO_AVG_PRDN_QTY, (SELECT IFNULL(SUM(MTH3_MO_AVG_TRWI_QTY), 0) AS vMoAvgPrdnQty
                                        FROM TB_APS_PROD_SUM_INFO
                                    WHERE QLTY_VEHL_CD = #{qltyVehlCd}
                                        AND MDL_MDY_CD = #{mdlMdyCd}
                                        AND LANG_CD = #{langCd}
                                        AND APL_YMD = DATE_FORMAT(NOW(), '%Y%m%d'))) AS moAvgPrdnQty,
            D.REM, IFNULL(D.OLD_PRNT_PBCN_NO, A.OLD_PRNT_PBCN_NO) AS oldPrntPbcnNo1,
            E.USER_NM
        FROM TB_PRNT_REQ_INFO A
        LEFT OUTER JOIN TB_PRNT_FP_INFO D ON A.N_PRNT_PBCN_NO = D.N_PRNT_PBCN_NO
        LEFT OUTER JOIN TB_USR_MGMT E ON A.CRGR_EENO = E.USER_EENO
        LEFT OUTER JOIN TB_CODE_MGMT F ON F.DL_EXPD_G_CD = '0025' AND F.DL_EXPD_PRVS_CD = A.PRNT_WAY_CD
        LEFT OUTER JOIN TB_CODE_MGMT G ON G.DL_EXPD_G_CD = '0029' AND G.DL_EXPD_PRVS_CD = A.PRNT_WAY_CD2
        , TB_LANG_MGMT B
        , TB_VEHL_MGMT C
        WHERE 1=1
            AND A.N_PRNT_PBCN_NO = #{newPrntPbcnNo}
            AND A.QLTY_VEHL_CD = #{qltyVehlCd}
            AND A.MDL_MDY_CD = #{mdlMdyCd}
            AND A.LANG_CD = #{langCd}
            AND A.QLTY_VEHL_CD = B.QLTY_VEHL_CD
            AND A.MDL_MDY_CD = B.MDL_MDY_CD
            AND A.LANG_CD = B.LANG_CD
            AND A.QLTY_VEHL_CD = C.QLTY_VEHL_CD
            AND A.MDL_MDY_CD = C.MDL_MDY_CD
        ]]>
    </select>

    <select id="selectPrintOrderPageInfoDtl" parameterType="printOrderComDTO" resultType="java.util.HashMap">
        /* selectPrintOrderPageInfoDtl */
        <![CDATA[
        SELECT
            A.row1 as row1,
            CONCAT('발주일: ' || E.PRNT_PARR_YMD ||' / 납품예정일: ' || E.DLVG_PARR_YMD ||  ' / 신발간번호: ' || E.N_PRNT_PBCN_NO ||  ' / 구발간번호: ' || IFNULL(E.OLD_PRNT_PBCN_NO, '-')) AS row2,
            CONCAT(E.PRNT_PARR_QTY) AS row3,
            CONCAT('특이사항: ' || E.PRTL_IMTR_SBC) AS row4
        FROM (
            SELECT
                CONCAT('차종 : ' || MAX(E.DL_EXPD_PRVS_NM) || ' (' || D.QLTY_VEHL_CD || '-' || D.MDL_MDY_CD || ') ' || B.QLTY_VEHL_NM || ' / 언어 : (' || D.LANG_CD || ') ' ||C.LANG_CD_NM) AS row1
            FROM
                TB_CODE_MGMT A
                ,TB_VEHL_MGMT B
            LEFT JOIN TB_CODE_MGMT E ON  E.DL_EXPD_G_CD = '0005' AND E.DL_EXPD_PRVS_CD = B.DL_EXPD_PDI_CD
                ,TB_LANG_MGMT C
                ,TB_PRNT_PAGE_MGMT D
            WHERE
                A.DL_EXPD_G_CD = '0008'
                AND A.DL_EXPD_PRVS_CD = B.DL_EXPD_CO_CD
                AND B.QLTY_VEHL_CD = C.QLTY_VEHL_CD
                AND B.MDL_MDY_CD = C.MDL_MDY_CD
                AND C.QLTY_VEHL_CD = D.QLTY_VEHL_CD
                AND C.MDL_MDY_CD = D.MDL_MDY_CD
                AND C.LANG_CD = D.LANG_CD
                AND D.N_PRNT_PBCN_NO = #{newPrntPbcnNo}
                AND D.LRNK_CD = #{lrnkCd}
            GROUP BY
                D.N_PRNT_PBCN_NO,
                D.LRNK_CD,
                D.QLTY_VEHL_CD,
                D.MDL_MDY_CD,
                B.QLTY_VEHL_NM,
                C.LANG_CD_NM,
                D.LANG_CD,
                D.RGST_YMD,
                C.DL_EXPD_REGN_CD
        ) A
        LEFT JOIN TB_PRNT_REQ_INFO E ON E.N_PRNT_PBCN_NO = #{newPrntPbcnNo}
        LIMIT 0, 1
        ]]>
    </select>

    <delete id="deletePrntAlgn" parameterType="printOrderPageReqDTO" >
        <![CDATA[
        DELETE FROM TB_PRNT_ALGN_INFO
        WHERE N_PRNT_PBCN_NO = #{newPrntPbcnNo}
        AND LRNK_CD = #{lrnkCd}
        ]]>
    </delete>

    <insert id="insertPrntAlgn" parameterType="printOrderPageReqDTO">
    /* insertPrntAlgn */
        INSERT INTO TB_PRNT_ALGN_INFO (
            N_PRNT_PBCN_NO,
            LRNK_CD,
            QLTY_VEHL_CD,
            MDL_MDY_CD,
            LANG_CD,
            DEPPC1_SN,
            DL_EXPD_PRNT_PG_SN,
            PRNT_INSD_PG_SBC,
            DEPPR1_YN,
            PPRR_EENO,
            FRAM_DTM,
            UPDR_EENO,
            MDFY_DTM,
            DEPPC2_SN
        )
        VALUES
        <foreach item="item" collection="params" separator=",">
        (
            #{item.newPrntPbcnNo},
            #{item.lrnkCd},
            #{item.qltyVehlCd},
            #{item.mdlMdyCd},
            #{item.langCd},
            #{item.deppc1Sn},
            #{item.dlExpdPrntPgSn},
            #{item.prntInsdPgSbc},
            #{item.deppr1Yn},
            #{item.userEeno},
            SYSDATE(),
            #{item.userEeno},
            SYSDATE(),
            #{item.deppc2Sn}
        )
        </foreach>
    </insert>

    <select id="selectPrntPbcnNoDupChk" parameterType="printOrderInfoReqDTO" resultType="String">
    /* selectPrntPbcnNoDupChk */
        <![CDATA[
        SELECT (CASE WHEN COUNT(*)=0 THEN 'Y' ELSE 'N' END) AS CHK_YN
        FROM TB_PRNT_BKGD_INFO
        WHERE 1=1
            AND N_PRNT_PBCN_NO = #{newPrntPbcnNo}
            AND DL_EXPD_RDCS_ST_CD IN ('02', '01', '04')
        ]]>
    </select>
    <select id="selectBlcSnExstChk" parameterType="printOrderInfoReqDTO" resultType="String">
    /* selectBlcSnExstChk */
        <![CDATA[
        SELECT (CASE WHEN COUNT(*)=0 THEN 'Y' ELSE 'N' END) AS CHK_YN
        FROM TB_BOARD_AFFR_MGMT
        WHERE BLC_SN = #{blcSn}
        ]]>
    </select>

    <insert id="insertPrntReqInfo2" parameterType="printOrderInfoReqDTO">
    /* insertPrntReqInfo2 */
        <![CDATA[
        INSERT INTO TB_PRNT_REQ_INFO (
            N_PRNT_PBCN_NO,
            QLTY_VEHL_CD,
            MDL_MDY_CD,
            LANG_CD,
            PRNT_PARR_YMD,
            DLVG_PARR_YMD,
            I_WAY_CD,
            PRNT_PARR_QTY,
            PRNT_WAY_CD,
            DEPQ1_CD,
            OLD_PRNT_PBCN_NO,
            PG_MGN_SBC,
            PG_NL,
            OORD_EDIT_PG_NL,
            OORD_EDIT_CO_CD,
            GRN_DOC_NL,
            MDFY_PG_NL,
            DEPC1_YN,
            PRTL_IMTR_SBC,
            SALE_UNP,
            ORDN_RQST_YMD,
            ORDN_CSET_CDT,
            N1AFP2_ADR,
            N2AFP2_ADR,
            CRGR_EENO,
            CSET_CRGR_EENO,
            DL_EXPD_MDL_MDY_CD,
            PPRR_EENO,
            FRAM_DTM,
            UPDR_EENO,
            MDFY_DTM,
            PRTL_IMTR_SBC2,
            PRNT_WAY_CD2,
            BLC_SN
        ]]>
        <if test="coverAttcSn != null and coverAttcSn != ''">
            ,COVER_ATTC_SN
        </if>
        <if test="innerAttcSn != null and innerAttcSn != ''">
            ,INNER_ATTC_SN
        </if>
        <![CDATA[
        ) VALUES (
            TRIM(#{newPrntPbcnNo}),
            #{qltyVehlCd},
            #{mdlMdyCd},
            #{langCd},
            DATE_FORMAT(NOW(), '%Y%m%d'),
            REPLACE(#{dlvgParrYmd},'-',''),
            #{iwayCd},
            #{prntParrQty},
            #{prntWayCd},
            #{depq1Cd},
            #{oldPrntPbcnNo},
            #{pgMgnSbc},
            #{pgNl},
            #{oordEditPgNl},
            #{oordEditCoCd},
            #{grnDocNl},
            #{mdfyPgNl},
            #{depc1Yn},
            #{prtlImtrSbc},
            #{saleUnp},
            DATE_FORMAT(NOW(), '%Y%m%d'),
            #{ordnCsetCdt},
            #{n1afp2Adr},
            #{n2afp2Adr},
            #{userEeno},
            #{userEeno},
            #{mdlMdyCd},
            #{userEeno},
            SYSDATE(),
            #{userEeno},
            SYSDATE(),
            #{prtlImtrSbc2},
            #{prntWayCd2},
            #{blcSn}
        ]]>
        <if test="coverAttcSn != null and coverAttcSn != ''">
            ,#{coverAttcSn}
        </if>
        <if test="innerAttcSn != null and innerAttcSn != ''">
            ,#{innerAttcSn}
        </if>
        <![CDATA[
        )
        ON DUPLICATE KEY UPDATE
            QLTY_VEHL_CD = #{qltyVehlCd},
            MDL_MDY_CD = #{mdlMdyCd},
            LANG_CD = #{langCd},
            PRNT_PARR_YMD = DATE_FORMAT(NOW(), '%Y%m%d'),
            DLVG_PARR_YMD = REPLACE(#{dlvgParrYmd},'-',''),
            I_WAY_CD = #{iwayCd},
            PRNT_PARR_QTY = #{prntParrQty},
            PRNT_WAY_CD = #{prntWayCd},
            PRNT_WAY_CD2 = #{prntWayCd2},
            DEPQ1_CD = #{depq1Cd},
            OLD_PRNT_PBCN_NO = #{oldPrntPbcnNo},
            PG_MGN_SBC = #{pgMgnSbc},
            PG_NL = #{pgNl},
            OORD_EDIT_PG_NL = #{oordEditPgNl},
            OORD_EDIT_CO_CD = #{oordEditCoCd},
            MDFY_PG_NL = #{mdfyPgNl},
            PRTL_IMTR_SBC = #{prtlImtrSbc},
            ORDN_RQST_YMD = DATE_FORMAT(NOW(), '%Y%m%d'),
            N1AFP2_ADR = #{n1afp2Adr},
            N2AFP2_ADR = #{n2afp2Adr},
            GRN_DOC_NL = #{grnDocNl},
            DEPC1_YN = #{depc1Yn},
            CRGR_EENO = #{userEeno},
            DL_EXPD_MDL_MDY_CD = #{mdlMdyCd},
            UPDR_EENO = #{userEeno},
            MDFY_DTM = SYSDATE(),
            BLC_SN = #{blcSn}
        ]]>
        <if test="coverAttcSn != null and coverAttcSn != ''">
            ,COVER_ATTC_SN = #{coverAttcSn}
        </if>
        <if test="innerAttcSn != null and innerAttcSn != ''">
            ,INNER_ATTC_SN = #{innerAttcSn}
        </if>
    </insert>

    <insert id="insertPrntBkgdInfo2" parameterType="printOrderInfoReqDTO">
    /* insertPrntBkgdInfo2 */
        <![CDATA[
        INSERT INTO TB_PRNT_BKGD_INFO (
            N_PRNT_PBCN_NO,
            QLTY_VEHL_CD,
            MDL_MDY_CD,
            LANG_CD,
            OLD_PRNT_PBCN_NO,
            CRE_YMD,
            DL_EXPD_RDCS_ST_CD,
            TRTM_YMD,
            PPRR_EENO,
            FRAM_DTM,
            UPDR_EENO,
            MDFY_DTM,
            PRTL_SBC
        ) VALUES (
            #{newPrntPbcnNo},
            #{qltyVehlCd},
            #{mdlMdyCd},
            #{langCd},
            #{oldPrntPbcnNo},
            DATE_FORMAT(NOW(), '%Y%m%d'),
            #{dlExpdRdcsStCd},
            DATE_FORMAT(NOW(), '%Y%m%d'),
            #{userEeno},
            SYSDATE(),
            #{userEeno},
            SYSDATE(),
            #{prtlImtrSbc}
        )
        ON DUPLICATE KEY
        UPDATE
        QLTY_VEHL_CD = #{qltyVehlCd},
        MDL_MDY_CD = #{mdlMdyCd},
        LANG_CD = #{langCd},
        DL_EXPD_RDCS_ST_CD = #{dlExpdRdcsStCd},
        TRTM_YMD = DATE_FORMAT(NOW(), '%Y%m%d'),
        UPDR_EENO = #{userEeno},
        MDFY_DTM = SYSDATE()
        ]]>
    </insert>

    <update id="updateChklistDtlInfo" parameterType="java.util.HashMap">
    /* updateChklistDtlInfo */
        <![CDATA[
        UPDATE TB_CHKLIST_DTL_INFO SET
            N_PRNT_PBCN_NO = #{newPrntPbcnNo},
            UPDR_EENO = #{userEeno},
            MDFY_DTM = SYSDATE(),
            ET_YN = 'N'
        WHERE 1=1
            AND DL_EXPD_ALTR_NO = #{dlExpdAltrNo}
            AND QLTY_VEHL_CD = #{qltyVehlCd}
            AND LANG_CD = #{langCd}
        ]]>
    </update>

    <update id="deleteChklistDtlInfo" parameterType="java.util.HashMap">
    /* deleteChklistDtlInfo */
        <![CDATA[
        UPDATE TB_CHKLIST_DTL_INFO SET
            N_PRNT_PBCN_NO = NULL,
            UPDR_EENO = #{userEeno},
            MDFY_DTM = SYSDATE(),
            ET_YN = 'N'
        WHERE 1=1
        AND N_PRNT_PBCN_NO = #{newPrntPbcnNo}
        AND QLTY_VEHL_CD = #{qltyVehlCd}
        AND LANG_CD = #{langCd}
        ]]>
    </update>

     <select id="spSewonWhsnInfoSave" parameterType="printOrderInfoReqDTO" resultType="String" statementType="CALLABLE">
        <![CDATA[
        { call SP_SEWON_WHSN_INFO_SAVE(
                DATE_FORMAT(NOW(), '%Y%m%d'),
                #{qltyVehlCd, mode=IN, jdbcType=VARCHAR, javaType=string},
                #{mdlMdyCd, mode=IN, jdbcType=VARCHAR, javaType=string},
                #{langCd, mode=IN, jdbcType=VARCHAR, javaType=string},
                #{mdlMdyCd, mode=IN, jdbcType=VARCHAR, javaType=string},
                #{newPrntPbcnNo, mode=IN, jdbcType=VARCHAR, javaType=string},
                #{prntParrQty, mode=IN, jdbcType=INTEGER, javaType=int},
                #{userEeno, mode=IN, jdbcType=VARCHAR, javaType=string},
                REPLACE(#{prntParrYmd, mode=IN, jdbcType=VARCHAR, javaType=string},'-',''),
                REPLACE(#{dlvgParrYmd, mode=IN, jdbcType=VARCHAR, javaType=string},'-',''),
                #{dlExpdCoCd, mode=IN, jdbcType=VARCHAR, javaType=string}
            )
        }
        ]]>
    </select>

    <select id="selectNameByCode" parameterType="printOrderInfoReqDTO" resultType="java.util.HashMap">
        <![CDATA[
        SELECT
            A.LANG_CD_NM AS langCdNm
            , B.DL_EXPD_PRVS_NM AS dlExpdRegnNm
            , C.QLTY_VEHL_NM AS qltyVehlNm
            , D.DL_EXPD_PRVS_NM AS iwayCdNm
            , E.USER_NM AS userNm
            , DATE_FORMAT(NOW(), '%Y-%m-%d') AS prntParrYmd
        FROM TB_LANG_MGMT A
        LEFT JOIN TB_CODE_MGMT B ON B.DL_EXPD_G_CD = '0008' AND B.DL_EXPD_PRVS_CD = A.DL_EXPD_REGN_CD
        LEFT JOIN TB_VEHL_MGMT C ON C.QLTY_VEHL_CD = A.QLTY_VEHL_CD  AND C.MDL_MDY_CD = A.MDL_MDY_CD
        LEFT JOIN TB_CODE_MGMT D ON D.DL_EXPD_G_CD = '0024'
        LEFT JOIN TB_USR_MGMT E ON E.USER_EENO = #{userEeno}
        WHERE 1 = 1
            AND A.QLTY_VEHL_CD = #{qltyVehlCd}
            AND A.MDL_MDY_CD = #{mdlMdyCd}
            AND A.LANG_CD = #{langCd}
            AND D.DL_EXPD_PRVS_CD = #{iwayCd}
        ]]>
    </select>

    <select id="selectTbPrntPageMgmtCheck" parameterType="printOrderInfoReqDTO" resultType="String">
        /* selectTbPrntPageMgmtCheck */
        <![CDATA[
        SELECT (CASE WHEN COUNT(*)=0 THEN 'N' ELSE 'Y' END) AS CHK_YN
        FROM TB_PRNT_PAGE_MGMT
        WHERE 1=1
            AND N_PRNT_PBCN_NO = #{newPrntPbcnNo}
        ]]>
    </select>

    <select id="spPrntApvCancl" parameterType="printOrderInfoReqDTO" resultType="String" statementType="CALLABLE">
        <![CDATA[
        { call SP_PRNT_APVL_INFO_CANCEL(
                #{qltyVehlCd, mode=IN, jdbcType=VARCHAR, javaType=string},
                #{mdlMdyCd, mode=IN, jdbcType=VARCHAR, javaType=string},
                #{langCd, mode=IN, jdbcType=VARCHAR, javaType=string},
                #{newPrntPbcnNo, mode=IN, jdbcType=VARCHAR, javaType=string},
                #{state, mode=IN, jdbcType=VARCHAR, javaType=string},
                #{dlExpdCoCd, mode=IN, jdbcType=VARCHAR, javaType=string}
            )
        }
        ]]>
    </select>

    <select id="selectCanclChk" parameterType="printOrderInfoReqDTO" resultType="java.util.HashMap">
        <![CDATA[
        SELECT
            SUM(K.SEWHA_CNT) AS AA
            , SUM(K.SEWHA_DTL_CNT) AS BB
            , SUM(K.WHSN_CNT) AS CC
        FROM (
            SELECT   COUNT(*) AS SEWHA_CNT , 0 AS SEWHA_DTL_CNT , 0 AS WHSN_CNT
            FROM TB_SEWON_IV_INFO
            WHERE 1=1
                AND CLS_YMD = DATE_FORMAT(NOW(), '%Y%m%d')
                AND N_PRNT_PBCN_NO = #{newPrntPbcnNo}
            UNION ALL
            SELECT   0 AS SEWHA_CNT , COUNT(*) AS SEWHA_DTL_CNT , 0 AS WHSN_CNT
            FROM TB_SEWON_IV_INFO_DTL
            WHERE 1=1
                AND CLS_YMD = DATE_FORMAT(NOW(), '%Y%m%d')
                AND N_PRNT_PBCN_NO = #{newPrntPbcnNo}
            UNION ALL
            SELECT   0 AS SEWHA_CNT , 0 AS SEWHA_DTL_CNT , COUNT(*) AS WHSN_CNT
            FROM TB_SEWON_WHSN_INFO
            WHERE 1=1
                AND WHSN_YMD = DATE_FORMAT(NOW(), '%Y%m%d')
                AND N_PRNT_PBCN_NO = #{newPrntPbcnNo}
        ) K
        ]]>
    </select>

    <delete id="deleteCanclChk" parameterType="printOrderInfoReqDTO">
    /*deleteCanclChk */
        <![CDATA[
        DELETE FROM TB_SEWON_WHSN_INFO
        WHERE 1=1
            AND WHSN_YMD = DATE_FORMAT(NOW(), '%Y%m%d')
            AND N_PRNT_PBCN_NO = #{newPrntPbcnNo}
        ]]>
    </delete>

    <delete id="deletePrntReqInfo" parameterType="printOrderInfoReqDTO">
    /* deletePrntReqInfo */
        <![CDATA[
        DELETE FROM TB_PRNT_REQ_INFO
        WHERE N_PRNT_PBCN_NO = #{newPrntPbcnNo}
        ]]>
    </delete>
    <delete id="deletePrntBkgdInfo" parameterType="printOrderInfoReqDTO">
    /* deletePrntBkgdInfo */
        <![CDATA[
        DELETE FROM TB_PRNT_BKGD_INFO
        WHERE N_PRNT_PBCN_NO = #{newPrntPbcnNo}
        ]]>
    </delete>

</mapper>

