<?xml version="1.0" encoding="UTF-8"?>
<!DOCTYPE mapper PUBLIC "-//mybatis.org//DTD Mapper 3.0//EN" "http://mybatis.org/dtd/mybatis-3-mapper.dtd">
<mapper namespace="com.oms.ship.dao.ShipStateDAO">

    <select id="selectShipStateList" parameterType="shipStateReqDTO" resultType="shipStateResDTO">

         SELECT
                VIN,
                SHIP_DIST_CD,
                SHIP_DIST_NM,
                SALE_DIST_CD,
                SALE_DIST_NM,
                PORT_CD,
                PORT_NM,
                MDL_CD,
                MDL_NM,
                '('||MDL_CD||') '||MDL_NM AS DESCRIPTION,
                MDY_CD AS OPT,
                STAT_CD,
                STAT_NM,
                DATE_FORMAT(PROD_YMD,'%Y-%m-%d') as PROD_YMD,
                DATE_FORMAT(MPOOL_YMD,'%Y-%m-%d') as MPOOL_YMD,
                DATE_FORMAT(SHIP_YMD,'%Y-%m-%d') as SHIP_YMD,
                DATE_FORMAT(ETA_YMD,'%Y-%m-%d') as ETA_YMD,
                DATE_FORMAT(PORT_ARRV_YMD,'%Y-%m-%d') as PORT_ARRV_YMD,
                DATE_FORMAT(COMP_IN_YMD,'%Y-%m-%d') as COMP_IN_YMD,
                DATE_FORMAT(WHOL_SALE_YMD,'%Y-%m-%d') as WHOL_SALE_YMD,
                DATE_FORMAT(RT_YMD,'%Y-%m-%d') as RT_YMD,
                CR_DT,
                EXCL_CD,
                EXCL_NM,
                CDGB
            FROM tb_kdcs_if_kmc
            where 1=1
               <if test = 'vin != null and vin != ""' >
                    AND VIN LIKE CONCAT('%' ,#{vin}, '%')
                </if>
                <if test = 'sDate!= null and sDate!=""'>
                        and date_format(PROD_YMD, '%Y-%m-%d') <![CDATA[>=]]> #{sDate}
                </if>
                <if test = 'eDate!= null and eDate!=""'>
                        AND date_format(PROD_YMD, '%Y-%m-%d') <![CDATA[<=]]> #{eDate}
                </if>
                order by PROD_YMD desc

               <if test = 'pageSize != null and pageSize != 0' >
                LIMIT #{pageSize} OFFSET  #{offset}
               </if>

    </select>

    <select id="selectShipStateTotList" parameterType="shipStateReqDTO" resultType="Integer">

         SELECT
              count(*)
            FROM tb_kdcs_if_kmc
          where 1=1
                   <if test = 'vin != null and vin != ""' >
                    AND VIN LIKE CONCAT('%' ,#{vin}, '%')
                </if>
                <if test = 'sDate!= null and sDate!=""'>
                        and date_format(PROD_YMD, '%Y-%m-%d') <![CDATA[>=]]> #{sDate}
                </if>
                <if test = 'eDate!= null and eDate!=""'>
                        AND date_format(PROD_YMD, '%Y-%m-%d') <![CDATA[<=]]> #{eDate}
                </if>


    </select>
</mapper>

