<?xml version="1.0" encoding="UTF-8"?>
<!DOCTYPE mapper PUBLIC "-//mybatis.org//DTD Mapper 3.0//EN" "http://mybatis.org/dtd/mybatis-3-mapper.dtd">
<!--
    SQL File Name  : AuthDAO_sql.xml
    Description    : 토큰정보
    author         : 안경수
    since          : 2023.4.20
-->

<mapper namespace="com.oms.sys.dao.ApiMgmtDAO">



    <select id="selectApiMgmtList" resultType="apiMgmtResDTO">
        /* QueryID = selectApiMgmtList */

        SELECT
            a.api_url,
            a.api_nm,
            a.api_type,
            a.menu_id,
            b.pgm_nm
        FROM
            tb_api_mgmt a
            JOIN tb_pgm_mgmt b ON a.menu_id = b.menu_id
        ORDER BY
            menu_id, api_url

    </select>

    <insert id="insertApiMgmt" parameterType="apiMgmtReqDTO">
        /* QueryID = insertApiMgmt */

        INSERT INTO
            tb_api_mgmt (api_url, api_nm, api_type, menu_id, pprr_eeno, fram_dtm)
        VALUES
            (#{apiUrl}, #{apiNm}, #{apiType}, #{menuId}, #{userEeno}, NOW())

    </insert>

     <select id="selectApiMgmt" parameterType="String" resultType="apiMgmtResDTO">
         SELECT
            api_url,
            api_nm,
            api_type,
            menu_id
         FROM
            tb_api_mgmt
         WHERE
            api_url = #{value}
     </select>

     <update id="updateApiMgmt" parameterType="apiMgmtReqDTO" >
         UPDATE tb_api_mgmt SET
            api_nm = #{apiNm},
            api_type = #{apiType},
            menu_id = #{menuId},
            updr_eeno = #{userEeno},
            mdfy_dtm = NOW()
         WHERE
            api_url = #{apiUrl}
     </update>

    <delete id="deleteApiMgmt" parameterType="java.util.List">
        DELETE FROM tb_api_mgmt
        WHERE api_url IN (
         <foreach item="item" collection="list" separator=",">
            #{item}
         </foreach>
        )
    </delete>








</mapper>

