﻿<?xml version="1.0" encoding="utf-8"?>
<emoticons>
  <items recent="1" tab_img="images/editor/emoticon/tab/emo_recent.png"></items>
  <items>
    <item>images/editor/emoticon/emotion/e_01.gif</item>
    <item>images/editor/emoticon/emotion/e_02.gif</item>
    <item>images/editor/emoticon/emotion/e_03.gif</item>
    <item>images/editor/emoticon/emotion/e_04.gif</item>
    <item>images/editor/emoticon/emotion/e_05.gif</item>
    <item>images/editor/emoticon/emotion/e_06.gif</item>
    <item>images/editor/emoticon/emotion/e_07.gif</item>
    <item>images/editor/emoticon/emotion/e_08.gif</item>
    <item>images/editor/emoticon/emotion/e_09.gif</item>
    <item>images/editor/emoticon/emotion/e_10.gif</item>
    <item>images/editor/emoticon/emotion/e_11.gif</item>
    <item>images/editor/emoticon/emotion/e_12.gif</item>
    <item>images/editor/emoticon/emotion/e_13.gif</item>
    <item>images/editor/emoticon/emotion/e_14.gif</item>
    <item>images/editor/emoticon/emotion/e_15.gif</item>
    <item>images/editor/emoticon/emotion/e_16.gif</item>
    <item>images/editor/emoticon/emotion/e_17.gif</item>
    <item>images/editor/emoticon/emotion/e_18.gif</item>
    <item>images/editor/emoticon/emotion/e_19.gif</item>
    <item>images/editor/emoticon/emotion/e_20.gif</item>
    <item>images/editor/emoticon/emotion/e_21.gif</item>
    <item>images/editor/emoticon/emotion/e_22.gif</item>
    <item>images/editor/emoticon/emotion/e_23.gif</item>
    <item>images/editor/emoticon/emotion/e_24.gif</item>
    <item>images/editor/emoticon/emotion/e_25.gif</item>
    <item>images/editor/emoticon/emotion/e_26.gif</item>
    <item>images/editor/emoticon/emotion/e_27.gif</item>
    <item>images/editor/emoticon/emotion/e_28.gif</item>
    <item>images/editor/emoticon/emotion/e_29.gif</item>
    <item>images/editor/emoticon/emotion/e_30.gif</item>
    <item>images/editor/emoticon/emotion/e_31.gif</item>
    <item>images/editor/emoticon/emotion/e_32.gif</item>
    <item>images/editor/emoticon/emotion/e_33.gif</item>
    <item>images/editor/emoticon/emotion/e_34.gif</item>
    <item>images/editor/emoticon/emotion/e_35.gif</item>
    <item>images/editor/emoticon/emotion/e_36.gif</item>
    <item>images/editor/emoticon/emotion/e_37.gif</item>
    <item>images/editor/emoticon/emotion/e_38.gif</item>
    <item>images/editor/emoticon/emotion/e_39.gif</item>
    <item>images/editor/emoticon/emotion/e_40.gif</item>
  </items>
  <items>
    <item>images/editor/emoticon/goods/g_01.gif</item>
    <item>images/editor/emoticon/goods/g_02.gif</item>
    <item>images/editor/emoticon/goods/g_03.gif</item>
    <item>images/editor/emoticon/goods/g_04.gif</item>
    <item>images/editor/emoticon/goods/g_05.gif</item>
    <item>images/editor/emoticon/goods/g_06.gif</item>
    <item>images/editor/emoticon/goods/g_07.gif</item>
    <item>images/editor/emoticon/goods/g_08.gif</item>
    <item>images/editor/emoticon/goods/g_09.gif</item>
    <item>images/editor/emoticon/goods/g_10.gif</item>
    <item>images/editor/emoticon/goods/g_11.gif</item>
    <item>images/editor/emoticon/goods/g_12.gif</item>
    <item>images/editor/emoticon/goods/g_13.gif</item>
    <item>images/editor/emoticon/goods/g_14.gif</item>
    <item>images/editor/emoticon/goods/g_15.gif</item>
    <item>images/editor/emoticon/goods/g_16.gif</item>
    <item>images/editor/emoticon/goods/g_17.gif</item>
    <item>images/editor/emoticon/goods/g_18.gif</item>
    <item>images/editor/emoticon/goods/g_19.gif</item>
    <item>images/editor/emoticon/goods/g_20.gif</item>
    <item>images/editor/emoticon/goods/g_21.gif</item>
    <item>images/editor/emoticon/goods/g_22.gif</item>
    <item>images/editor/emoticon/goods/g_23.gif</item>
    <item>images/editor/emoticon/goods/g_24.gif</item>
    <item>images/editor/emoticon/goods/g_25.gif</item>
    <item>images/editor/emoticon/goods/g_26.gif</item>
    <item>images/editor/emoticon/goods/g_27.gif</item>
    <item>images/editor/emoticon/goods/g_28.gif</item>
    <item>images/editor/emoticon/goods/g_29.gif</item>
    <item>images/editor/emoticon/goods/g_30.gif</item>
    <item>images/editor/emoticon/goods/g_31.gif</item>
    <item>images/editor/emoticon/goods/g_32.gif</item>
    <item>images/editor/emoticon/goods/g_33.gif</item>
    <item>images/editor/emoticon/goods/g_34.gif</item>
    <item>images/editor/emoticon/goods/g_35.gif</item>
    <item>images/editor/emoticon/goods/g_36.gif</item>
    <item>images/editor/emoticon/goods/g_37.gif</item>
    <item>images/editor/emoticon/goods/g_38.gif</item>
    <item>images/editor/emoticon/goods/g_39.gif</item>
    <item>images/editor/emoticon/goods/g_40.gif</item>
    <item>images/editor/emoticon/goods/g_41.gif</item>
    <item>images/editor/emoticon/goods/g_42.gif</item>
    <item>images/editor/emoticon/goods/g_43.gif</item>
    <item>images/editor/emoticon/goods/g_44.gif</item>
    <item>images/editor/emoticon/goods/g_45.gif</item>
    <item>images/editor/emoticon/goods/g_46.gif</item>
    <item>images/editor/emoticon/goods/g_47.gif</item>
    <item>images/editor/emoticon/goods/g_48.gif</item>
    <item>images/editor/emoticon/goods/g_49.gif</item>
    <item>images/editor/emoticon/goods/g_50.gif</item>
  </items>
</emoticons>