<?xml version="1.0" encoding="UTF-8"?>
<!DOCTYPE mapper PUBLIC "-//mybatis.org//DTD Mapper 3.0//EN" "http://mybatis.org/dtd/mybatis-3-mapper.dtd">
<mapper namespace="com.oms.sys.dao.EmailDAO">

     <select id="selectEmailLogs"  parameterType ="emailReqDTO" resultType="emailLogResDTO">
            /* QueryID = selectEmailLogs */

               <![CDATA[

                    SELECT
                        EML_CD,
                        EML_SCD_CD,
                        EML_ID,
                        (SELECT USER_NM FROM TB_USR_MGMT WHERE USER_EENO = EML_ID) AS EML_NM,
                        SNDR_ID,
                        (SELECT USER_NM FROM TB_USR_MGMT WHERE USER_EENO = SNDR_ID) AS SNDR_NM,
                        EML_TITL,
                        EML_SBC,
                        FS_SND_DATE
                    from tb_log_eml a, tb_code_mgmt b
                    where a.EML_SCD_CD = B.DL_EXPD_PRVS_CD
                    AND B.DL_EXPD_G_CD = '0030'
                    AND B.USE_YN='Y'


            ]]>
    </select>

<select id="selectEmlDupChk"  parameterType ="emailReqDTO" resultType="String">
            /* QueryID = selectEmailLogs */

               <![CDATA[

                    SELECT
                    case when COUNT(*)>0 THEN 'N' ELSE 'Y' END AS dupChk

                    from tb_log_eml a

                    WHERE EML_SCD_CD = #{emlScdCd}

            ]]>
    </select>
<select id="emlRcvrUsrList"  parameterType ="emailReqDTO" resultType="emailRcvrResDTO">
            /* QueryID = selectEmailLogs */

               <![CDATA[

                    SELECT
                    RCVR_ID,
                    EML_SCD_CD

                    from tb_eml_rcvr_mgmt a

                    WHERE EML_SCD_CD = #{emlScdCd}

            ]]>
    </select>
     <select id="selectEmlRcvrMgmts"  parameterType ="emailReqDTO" resultType="emailRcvrResDTO">
            /* QueryID = selectEmailLogs */

               <![CDATA[

      select

            a.EML_SCD_CD,
            group_concat(c.USER_NM order by C.USER_NM separator  ', ') as RCVR_NM,
            b.DL_EXPD_PRVS_NM as eml_Scd_nm
            from tb_eml_rcvr_mgmt a
            , tb_code_mgmt  b
            ,tb_usr_mgmt  c

        where a.eml_scd_cd = b.dl_expd_prvs_cd
            and a.rcvr_id = c.user_eeno
            and dl_expd_g_cd = '0030'
            and B.USE_YN = 'Y'
            and C.USE_YN = 'Y'
            ]]>

        <if test="rcvrNm != null and rcvrNm != ''">
                AND RCVR_ID in (SELECT USER_EENO FROM TB_USR_MGMT WHERE USER_NM LIKE  '%'||#{rcvrNm}||'%')
        </if>
            group   by a.eml_scd_cd, b.dl_expd_prvs_nm

            ORDER BY  A.eml_scd_cd

    </select>
    <insert id="insEmlRcvrMgmt"  parameterType ="emailReqDTO" >
        INSERT INTO TB_EML_RCVR_MGMT
        (
            RCVR_ID,
            EML_SCD_CD,
            PPRR_EENO,
            FRAM_DTM
        )
        VALUES
       <foreach item="item" collection="rcvrList" separator=",">
                (#{item.userEeno}, #{item.emlScdCd}, TRIM(#{item.pprrEeno}), SYSDATE())
     </foreach>

    </insert>
    <delete id = "delEmlRcvrMgmt" parameterType ="emailReqDTO">


        DELETE FROM TB_EML_RCVR_MGMT
        WHERE EML_SCD_CD = #{emlScdCd}

    </delete>


</mapper>