<?xml version="1.0" encoding="UTF-8"?>
<!DOCTYPE mapper PUBLIC "-//mybatis.org//DTD Mapper 3.0//EN" "http://mybatis.org/dtd/mybatis-3-mapper.dtd">

<mapper namespace="com.oms.stm.dao.LangMgmtDAO">





<select id="selectLangList" parameterType="stmComReqDTO" resultType="langMgmtResDTO">
  <![CDATA[
      SELECT   A.DATA_SN AS DATA_SN
                   , A.DL_EXPD_REGN_CD AS DL_EXPD_REGN_CD
                   , A.LANG_CD AS LANG_CD
                   , A.LANG_CD_NM AS LANG_CD_NM
                   , A.USE_YN AS USE_YN
                   , A.PPRR_EENO AS PPRR_EENO
                   , DATE_FORMAT(CAST(A.FRAM_DTM AS DATETIME),'%Y-%m-%d') AS FRAM_DTM
                   , B.QLTY_VEHL_CD AS QLTY_VEHL_CD
                   , B.QLTY_VEHL_NM AS QLTY_VEHL_NM
                   , B.MDL_MDY_CD AS MDL_MDY_CD
                   , C.DL_EXPD_PRVS_NM AS DL_EXPD_CO_NM
                   , D.DL_EXPD_PRVS_NM AS DL_EXPD_REGN_NM
                   , A.SORT_SN
                   , A.A_CODE as AA_CODE
                   , (CASE WHEN A.PPRR_EENO='SYSTEM' THEN 'SYSTEM' ELSE IFNULL(F.USER_NM, 'oldName') END) AS USER_NM
            FROM   TB_LANG_MGMT A
                   LEFT OUTER JOIN
                   TB_USR_MGMT F
                   ON A.PPRR_EENO = F.USER_EENO
                 , TB_VEHL_MGMT B
                 , TB_CODE_MGMT C
                 , TB_CODE_MGMT D
                 , (
                    SELECT QLTY_VEHL_CD
                      FROM TB_AUTH_VEHL
                     WHERE 1 = 1
                       AND USER_EENO = #{userEeno}
                       AND DL_EXPD_CO_CD = #{dlExpdCoCd}
                     GROUP BY QLTY_VEHL_CD
                    ) E
             WHERE A.QLTY_VEHL_CD = B.QLTY_VEHL_CD
               AND A.MDL_MDY_CD = B.MDL_MDY_CD
               AND A.QLTY_VEHL_CD = E.QLTY_VEHL_CD
               AND D.DL_EXPD_G_CD = '0008'
               AND A.DL_EXPD_REGN_CD = D.DL_EXPD_PRVS_CD
               AND C.DL_EXPD_G_CD = '0003'
               AND B.DL_EXPD_CO_CD = #{dlExpdCoCd}
               AND B.DL_EXPD_CO_CD = C.DL_EXPD_PRVS_CD
        ]]>
     <if test = 'qltyVehlCd != null  and qltyVehlCd !=""and qltyVehlCd !="ALL"'>
                        AND A.QLTY_VEHL_CD = #{qltyVehlCd}
            </if>
    <if test = 'mdlMdyCd != null  and mdlMdyCd !=""and mdlMdyCd !="ALL"'>
                       AND A.MDL_MDY_CD = #{mdlMdyCd}
    </if>
    <if test = 'dlExpdRegnCd != null  and dlExpdRegnCd !="" and dlExpdRegnCd !="ALL"'>
                       AND A.DL_EXPD_REGN_CD = #{dlExpdRegnCd}
    </if>
    <if test = 'langCd != null  and langCd !=""and langCd !="ALL"'>
                       AND A.LANG_CD = #{langCd}
    </if>
             ORDER BY A.USE_YN DESC, B.QLTY_VEHL_CD, A.SORT_SN, B.MDL_MDY_CD
</select>


    <select id="selectLangMstList" parameterType="stmComReqDTO" resultType="langMgmtResDTO">
            /* aes.stm.lang.LangDAO.selectLangMstList */
        <![CDATA[
            SELECT   A.LANG_CD
                   , A.LANG_CD_NM
                   , A.USE_YN
                   , A.DL_EXPD_REGN_CD
                   , B.DL_EXPD_PRVS_NM AS REGN_NM
              FROM   TB_LANG_MAST A
                   , TB_CODE_MGMT B
             WHERE B.DL_EXPD_G_CD = '0008'
               AND A.DL_EXPD_CO_CD = #{dlExpdCoCd}
               AND A.DL_EXPD_REGN_CD = B.DL_EXPD_PRVS_CD
        ]]>

             ORDER BY A.LANG_CD
</select>
<select id="selectLangMstInfo" parameterType="stmComReqDTO" resultType="langMgmtResDTO">
            /* aes.stm.lang.LangDAO.selectLangMstList */
        <![CDATA[
            SELECT   A.LANG_CD
                   , A.LANG_CD_NM
                   , A.USE_YN
                   , A.DL_EXPD_REGN_CD

              FROM   TB_LANG_MAST A


             WHERE LANG_CD = #{langCd}
                AND A.DL_EXPD_CO_CD = #{dlExpdCoCd}


        ]]>


</select>

<select id="selectLangDetail" parameterType="String" resultType="langMgmtResDTO">
            /* aes.stm.lang.LangDAO.selectLang */
        <![CDATA[
            SELECT   A.DATA_SN
                   , A.LANG_CD
                   , A.DL_EXPD_REGN_CD
                   , A.LANG_CD_NM
                   , A.USE_YN
                   , B.QLTY_VEHL_CD
                   , B.QLTY_VEHL_NM
                   , A.SORT_SN
                   , A.A_CODE as AA_CODE
                   , IFNULL(A.N1_INS_YN, 'N') AS N1_INS_YN
              FROM   TB_LANG_MGMT A
                   , TB_VEHL_MGMT B
             WHERE A.DATA_SN = #{dataSn}
               AND A.QLTY_VEHL_CD = B.QLTY_VEHL_CD
               AND A.MDL_MDY_CD   = B.MDL_MDY_CD
        ]]>
    </select>



    <select id="selectVehlLangCpList" parameterType="stmComReqDTO" resultType="langMgmtResDTO">
       /* aes.stm.lang.LangDAO.selectVehlLangCpList */
        <![CDATA[
            SELECT   A.QLTY_VEHL_CD
                   , B.MDL_MDY_CD

                   , '('||A.QLTY_VEHL_CD||'-'||B.MDL_MDY_CD||')'||MAX(A.QLTY_VEHL_NM) AS QLTY_VEHL_NM
              FROM   TB_VEHL_MGMT   A
                   , TB_LANG_MGMT B
             WHERE A.DL_EXPD_CO_CD = #{dlExpdCoCd}
        ]]>
        <if test = 'qltyVehlCd != null  and qltyVehlCd !=""'>
                and   A.QLTY_VEHL_CD = #{qltyVehlCd}
        </if>
        <![CDATA[
               AND A.QLTY_VEHL_CD = B.QLTY_VEHL_CD
             GROUP BY A.QLTY_VEHL_CD, B.MDL_MDY_CD
        ]]>
    </select>

    <select id="LangMstValidChk" parameterType="langMgmtReqDTO" resultType="String">
          /* aes.stm.lang.LangDAO.selectLangMst */
        <![CDATA[
            SELECT (CASE WHEN COUNT(LANG_CD)='0' THEN 'Y' ELSE 'N' END) AS LANG_CHK
              FROM TB_LANG_MAST
             WHERE LANG_CD = #{langCd}
             AND DL_EXPD_CO_CD = #{dlExpdCoCd}
        ]]>
    </select>




     <insert id="insertLangMst" parameterType="langMgmtReqDTO">
        /* ProgramID=aes.stm.lang.LangDAO.insertLangMst */
        <![CDATA[
             INSERT INTO TB_LANG_MAST
                  (
                     LANG_CD
                   , LANG_CD_NM
                   , USE_YN
                   , DL_EXPD_REGN_CD
                   , PPRR_EENO
                   , FRAM_DTM
                   , DL_EXPD_CO_CD
                  )
            VALUES
                  (
                     #{langCd}
                   , #{langCdNm}
                   , #{useYn}
                   , #{dlExpdRegnCd}
                   , #{userEeno}
                   , SYSDATE()
                   , #{dlExpdCoCd}
                  )
        ]]>
    </insert>
<!--
        Query Name  : aes.stm.lang.LangDAO.updateLangMst
        Description : 언어코드 마스터 수정
    -->
    <update id="updateLangMst" parameterType="langMgmtReqDTO">
       /* ProgramID=aes.stm.lang.LangDAO.updateLangMst */
        <![CDATA[
            UPDATE TB_LANG_MAST
               SET   LANG_CD_NM = #{langCdNm}
                   , USE_YN     = #{useYn}
                   , DL_EXPD_REGN_CD = #{dlExpdRegnCd}
             WHERE LANG_CD = #{langCd}
             AND DL_EXPD_CO_CD=#{dlExpdCoCd}
        ]]>
    </update>
     <!--
        Query Name  : aes.stm.lang.LangDAO.deleteLangMst
        Description :언어코드 마스터 삭제
    -->
    <delete id="deleteLangMst" parameterType="langMgmtReqDTO">
        /* deleteLangMst */
        <![CDATA[
             DELETE FROM TB_LANG_MAST
              WHERE LANG_CD = #{langCd}
              AND DL_EXPD_CO_CD=#{dlExpdCoCd}
        ]]>
    </delete>

 <!--
        Query Name  : aes.stm.lang.LangDAO.insertLangCdMgmt
        Description :
            since          author              description
        ===========    =============    ===========================
        2016.4.14      JH KIM                최초 생성
    -->
    <insert id="insertLangCdMgmt" parameterType="langMgmtReqDTO">
         /* ProgramID=aes.stm.lang.LangDAO.insertLangCdMgmt */
        <![CDATA[
             INSERT INTO TB_LANG_MGMT
                  (
                     DATA_SN
                   , QLTY_VEHL_CD
                   , MDL_MDY_CD
                   , LANG_CD
                   , DL_EXPD_REGN_CD
                   , LANG_CD_NM
                   , USE_YN
                   , NAPC_YN
                   , SORT_SN
                   , A_CODE
                   , PPRR_EENO
                   , FRAM_DTM
                  )
                   ]]>
                    SELECT   (SELECT MAX(DATA_SN)  FROM TB_LANG_MGMT ) + ROWNUM() AS DATA_SN
                           , #{qltyVehlCd}
                           , #{mdlMdyCd}
                           , LANG_CD
                           , DL_EXPD_REGN_CD
                           , LANG_CD_NM
                           , #{useYn}
                           , 'N'
                           , NULLIF(#{sortSn},'')
                           , #{aaCode}
                           , #{userEeno}
                           , SYSDATE()
                      FROM TB_LANG_MAST
                WHERE LANG_CD IN
                <foreach collection="langList" index="index" item="item" separator="," open="(" close=")">
                #{item.langCd}
                </foreach>
                and DL_EXPD_CO_CD = #{dlExpdCoCd}



    </insert>
  <!--
        Query Name  : aes.stm.lang.LangDAO.getLangMgmtChk
        Description : 언어코드 중복체크
        -->
    <select id="getLangMgmtChk" parameterType="langMgmtReqDTO" resultType="String">
            /* aes.stm.lang.LangDAO.getLangMgmtChk */
        <![CDATA[
            SELECT (CASE WHEN COUNT(LANG_CD)='0' THEN 'Y' ELSE 'N' END) AS LANG_CHK
              FROM TB_LANG_MGMT
             WHERE QLTY_VEHL_CD = #{qltyVehlCd}
               AND LANG_CD = #{langCd}
               AND MDL_MDY_CD = #{mdlMdyCd}
        ]]>
    </select>

 <!--
        Query Name  : "aes.stm.lang.LangDAO.insertLangCdOne"
        Description :
            since          author              description
        ===========    =============    ===========================
        2017.03.28      YH KWON                최초 생성
    -->
    <insert id="insertLangCdOne" parameterType="langMgmtReqDTO">
         /* ProgramID=aes.stm.lang.LangDAO.insertLangCdOne */
        <![CDATA[
             INSERT INTO TB_LANG_MGMT
                  (
                     DATA_SN
                   , QLTY_VEHL_CD
                   , MDL_MDY_CD
                   , LANG_CD
                   , DL_EXPD_REGN_CD
                   , LANG_CD_NM
                   , USE_YN
                   , NAPC_YN
                   , PPRR_EENO
                   , FRAM_DTM
                   , A_CODE
                   , SORT_SN
                  )
                    SELECT  (SELECT MAX(DATA_SN)  FROM TB_LANG_MGMT ) + ROWNUM() AS DATA_SN
                           ,#{qltyVehlCd}
                           , #{mdlMdyCd}
                           , LANG_CD
                           , DL_EXPD_REGN_CD
                           , LANG_CD_NM
                           , #{useYn}
                           , 'N'
                           , #{userEeno}
                           , SYSDATE()
                           , #{aaCode}
                           , NULLIF(#{sortSn},'')
                      FROM TB_LANG_MAST
                     WHERE LANG_CD = #{langCd}
        ]]>
    </insert>
<!--
        Query Name  : aes.stm.lang.LangDAO.updateLangCdVehl
        Description : 차량별 언어코드 수정
            since          author              description
        ===========    =============    ===========================
        2016.4.05      JH KIM                최초 생성
    -->
    <update id="updateLangCdMgmt" parameterType="natlMgmtReqDTO">
           /* ProgramID=aes.stm.lang.LangDAO.updateLangCdMgmt */
        <![CDATA[]]>
            UPDATE TB_LANG_MGMT
               SET   DL_EXPD_REGN_CD = #{dlExpdRegnCd}
<!--                    , LANG_CD_NM      = #{langCdNm} -->
                   , SORT_SN         = #{sortSn}
                   , A_CODE          = #{aaCode}
                   , USE_YN          = #{useYn}
                   , UPDR_EENO       = #{userEeno}
                   , MDFY_DTM        = SYSDATE()
             WHERE DATA_SN = #{dataSn}

    </update>

  <update id="updateLangMgmt" parameterType="langMgmtReqDTO">
           /* ProgramID=aes.stm.lang.LangDAO.updateLangCdMgmt */
        <![CDATA[]]>

            update  TB_LANG_mgmt set
            LANG_CD_NM =#{langCdNm}


            where DATA_SN IN(



            select DATA_SN from tb_lang_mgmt A
            join (select QLTY_VEHL_CD  from tb_vehl_mgmt xA
            where xA.DL_EXPD_CO_CD  =#{dlExpdCoCd}
            group by xA.QLTY_VEHL_CD) B
            on A.QLTY_VEHL_CD  = B.QLTY_VEHL_CD

            and LANG_CD =#{langCd}

            group by DATA_SN



            )

    </update>


<!-- 언어등록할 경우 해당 차종및 연식, (조건) 지역에 따라서 언어관리테이블 삭제 후 재등록 -->
    <delete id="deleteLangCdList" parameterType="langMgmtReqDTO">
            /* ProgramID=aes.stm.lang.LangDAO.deleteLangCdMgmt */
            <![CDATA[
                 DELETE FROM TB_LANG_MGMT
                  WHERE QLTY_VEHL_CD    = #{qltyVehlCd}
                    AND MDL_MDY_CD      = #{mdlMdyCd}
            ]]>
         <if test = 'dlExpdRegnCd != null and dlExpdRegnCd !=""' >
                    AND DL_EXPD_REGN_CD = #{dlExpdRegnCd}
        </if>
    </delete>


     <!--
        Query Name  : aes.stm.lang.LangDAO.deleteLangCdMgmt
        Description :
    -->
    <delete id="deleteLangCdMgmt" parameterType="langMgmtReqDTO">
        /* ProgramID=aes.stm.lang.LangDAO.deleteLangCdMgmt */
        <![CDATA[
             DELETE FROM TB_LANG_MGMT
              WHERE DATA_SN in
        ]]>
          <foreach collection="langList" index="index" item="item" separator="," open="(" close=")">
                #{item.dataSn}
        </foreach>

    </delete>

</mapper>

