<?xml version="1.0" encoding="UTF-8"?>
<!DOCTYPE mapper PUBLIC "-//mybatis.org//DTD Mapper 3.0//EN" "http://mybatis.org/dtd/mybatis-3-mapper.dtd">

<!--
    SQL File Name  : BoardDAO_sql.xml
    Description    : 재고관리 > 게시판
    author         : 안경수
    since          : 2023.6.1
-->

<mapper namespace="com.oms.ivm.dao.BoardAffrDAO">
    <insert id="insertBoardAffrMgmt" parameterType="boardAffrReqDTO" useGeneratedKeys="true"
    keyProperty="blcSn">
        /* insertBoardAffrMgmt */
        INSERT INTO tb_board_affr_mgmt
        (
            BLC_SCN_CD,
            RGN_EENO,
            BLC_RGST_YMD,
            BEFMY_TRWI_YN,
            BB_YN,
            BB_VAL,
            DTRWI_RQ_YMD,
            DTRWI_YN,
            DTRWI_MIDCSN_YN,
            ALTR_TRWI_YN,
            NMTRWI_RQ_YMD,
            NMTRWI_MIDCSN_YN,
            BLC_TITL_NM,
            BLC_SBC,
            ATTC_YN,
            REPLY_YN,
            DEL_YN,
            PPRR_EENO,
            FRAM_DTM
        ) VALUES (
            #{blcScnCd},
            #{pprrEeno},
            DATE_FORMAT(NOW(), '%Y%m%d'),
            #{befmyTrwiYn},
            #{bbYn},
            #{bbVal},
            #{dtrwiRqYmd},
            #{dtrwiYn},
            #{dtrwiMidcsnYn},
            #{altrTrwiYn},
            #{nmtrwiRqYmd},
            #{nmtrwiMidcsnYn},
            #{blcTitlNm},
            #{blcSbc},
            #{attcYn},
            'N',
            'N',
            #{pprrEeno},
            NOW()

        )
       </insert>

    <insert id="insertBoardAffrVehl" parameterType="java.util.List" >
        /* insertBoardAffrVehl */
        INSERT INTO tb_board_affr_vehl
        (
            BLC_SN,
            QLTY_VEHL_CD,
            MDL_MDY_CD,
            LANG_CD,
            PPRR_EENO,
            FRAM_DTM

        ) VALUES
        <foreach item="item" collection="list" separator=",">
        (#{item.blcSn}, #{item.qltyVehlCd},  #{item.mdlMdyCd}, #{item.langCd},  #{item.pprrEeno},  SYSDATE())
        </foreach>

       </insert>


        <insert id="insertBoardAffrRcvUsers" parameterType="boardAffrRcvUsersSaveDTO">
            INSERT INTO tb_board_affr_rcv_users(
                BLC_SN,
                USER_EENO,
                EML_ADR,
                PPRR_EENO,
                FRAM_DTM
            )
            VALUES
            <foreach item="item" collection="rcvList" separator=",">
                (#{blcSn}, #{item.emlId}, #{item.emlAdr}, #{userEeno}, NOW())
            </foreach>

        </insert>



</mapper>

