<?xml version="1.0" encoding="UTF-8"?>
<!DOCTYPE mapper PUBLIC "-//mybatis.org//DTD Mapper 3.0//EN" "http://mybatis.org/dtd/mybatis-3-mapper.dtd">
<mapper namespace="com.oms.stm.dao.PrntPageMgmtDAO">
<!--
    SQL File Name  : prntPageMgmt.xml
    Description    : 설명을 기술합니다.
    author         : 김경훈
    since          : 2023.1.19
-->


 <!--
        Query Name  : aes.stm.prntPage.PrntPageDAO.selectPrntPageList
        Description :
    -->
    <select id="selectPrntPageList" parameterType="hashMap" resultType="hashMap" >
        /* aes.stm.prntPage.PrntPageDAO.selectPrntPageList */
        <![CDATA[
            SELECT  IFNULL(MAX(A.DEPPC1_SN), 0) + 1 AS maxDeppc1Sn,
                    B.QLTY_VEHL_CD as qltyVehlCd,
                    B.MDL_MDY_CD as mdlMdyCd,
                    B.LANG_CD as langCd,
                    MAX(C.QLTY_VEHL_NM) AS qltyVehlNm,
                    MAX(B.LANG_CD_NM) AS langNm,
                    MAX(B.DL_EXPD_REGN_CD) AS dlExpdRegnCd,
                    MAX(E.DL_EXPD_PRVS_NM) AS regnNm,
                    A.N_PRNT_PBCN_NO as newPrntPbcnNo,
                    A.LRNK_CD as lrnkCd,
                    MAX(A.RGST_YMD) AS rgstYmd,
                    CONCAT(A.N_PRNT_PBCN_NO,'-',A.LRNK_CD) AS prntPbcnNm,
                    MAX(D.DL_EXPD_PRVS_CD) AS dlExpdPrvsCd ,
                    MAX(D.DL_EXPD_PRVS_NM) AS dlExpdPrvsNm,
                    SUM(CASE WHEN IFNULL(DEPPC1_SN,0) = 0 and IFNULL(DEPPC2_SN,0) = 1 THEN END_PG_SN ELSE 0 END) AS a01,
                    SUM(CASE WHEN IFNULL(DEPPC1_SN,0) = 0 and IFNULL(DEPPC2_SN,0) = 2 THEN END_PG_SN ELSE 0 END) AS a02,
                    SUM(CASE WHEN IFNULL(DEPPC1_SN,0) = 0 and IFNULL(DEPPC2_SN,0) = 3 THEN END_PG_SN ELSE 0 END) AS a03,
        ]]>


                 <if test='col1 != null and col1 != ""'>
                        CASE WHEN #{col1} > 0 THEN SUM(CASE WHEN IFNULL(DEPPC1_SN,999) = #{col1} THEN END_PG_SN ELSE 0 END) END AS col1
                </if>
                 <if test='col2 != null and col2 != ""'>
                        ,CASE WHEN #{col2} > 0 THEN SUM(CASE WHEN IFNULL(DEPPC1_SN,999) = #{col2} THEN END_PG_SN ELSE 0 END) END AS col2
                </if>
                 <if test='col3 != null and col3 != ""'>
                       ,CASE WHEN #{col3} > 0 THEN SUM(CASE WHEN IFNULL(DEPPC1_SN,999) = #{col3} THEN END_PG_SN ELSE 0 END) END AS col3
                </if>
                 <if test='col4 != null and col4 != ""'>
                        ,CASE WHEN #{col4} > 0 THEN SUM(CASE WHEN IFNULL(DEPPC1_SN,999) = #{col4} THEN END_PG_SN ELSE 0 END) END AS col4
                </if>
                 <if test='col5 != null and col5 != ""'>
                        ,CASE WHEN #{col5} > 0 THEN SUM(CASE WHEN IFNULL(DEPPC1_SN,999) = #{col5} THEN END_PG_SN ELSE 0 END) END AS col5
                </if>
                 <if test='col6 != null and col6 != ""'>
                        ,CASE WHEN #{col6} > 0 THEN SUM(CASE WHEN IFNULL(DEPPC1_SN,999) = #{col6} THEN END_PG_SN ELSE 0 END) END AS col6
                </if>
                 <if test='col7 != null and col7 != ""'>
                        ,CASE WHEN #{col7} > 0 THEN SUM(CASE WHEN IFNULL(DEPPC1_SN,999) = #{col7} THEN END_PG_SN ELSE 0 END) END AS col7
                </if>
                <if test='col8 != null and col8 != ""'>
                        ,CASE WHEN #{col8} > 0 THEN SUM(CASE WHEN IFNULL(DEPPC1_SN,999) = #{col8} THEN END_PG_SN ELSE 0 END) END AS col8
                </if>
                <if test='col9 != null and col9 != ""'>
                        ,CASE WHEN #{col9} > 0 THEN SUM(CASE WHEN IFNULL(DEPPC1_SN,999) = #{col9} THEN END_PG_SN ELSE 0 END) END AS col9
                </if>
                <if test='col10 != null and col10 != ""'>
                        ,CASE WHEN #{col10} > 0 THEN SUM(CASE WHEN IFNULL(DEPPC1_SN,999) = #{col10} THEN END_PG_SN ELSE 0 END) END AS col10
                </if>
                <if test='col11 != null and col11 != ""'>
                        ,CASE WHEN #{col11} > 0 THEN SUM(CASE WHEN IFNULL(DEPPC1_SN,999) = #{col11} THEN END_PG_SN ELSE 0 END) END AS col11
                </if>
                <if test='col12 != null and col12 != ""'>
                        ,CASE WHEN #{col12} > 0 THEN SUM(CASE WHEN IFNULL(DEPPC1_SN,999) = #{col12} THEN END_PG_SN ELSE 0 END) END AS col12
                </if>
                <if test='col13 != null and col13 != ""'>
                        ,CASE WHEN #{col13} > 0 THEN SUM(CASE WHEN IFNULL(DEPPC1_SN,999) = #{col13} THEN END_PG_SN ELSE 0 END) END AS col13
                </if>
                <if test='col14 != null and col14!= ""'>
                        ,CASE WHEN #{col14} > 0 THEN SUM(CASE WHEN IFNULL(DEPPC1_SN,999) = #{col14} THEN END_PG_SN ELSE 0 END) END AS col14
                </if>
                <if test='col15 != null and col15 != ""'>
                        ,CASE WHEN #{col15} > 0 THEN SUM(CASE WHEN IFNULL(DEPPC1_SN,999) = #{col15} THEN END_PG_SN ELSE 0 END) END AS col15
                </if>
                <if test='col16 != null and col16 != ""'>
                        ,CASE WHEN #{col16} > 0 THEN SUM(CASE WHEN IFNULL(DEPPC1_SN,999) = #{col16} THEN END_PG_SN ELSE 0 END) END AS col16
                </if>
                <if test='col17 != null and col17 != ""'>
                        ,CASE WHEN #{col17} > 0 THEN SUM(CASE WHEN IFNULL(DEPPC1_SN,999) = #{col17} THEN END_PG_SN ELSE 0 END) END AS col17
                </if>
                <if test='col18 != null and col18 != ""'>
                        ,CASE WHEN #{col18} > 0 THEN SUM(CASE WHEN IFNULL(DEPPC1_SN,999) = #{col18} THEN END_PG_SN ELSE 0 END) END AS col18
                </if>
                <if test='col19 != null and col19 != ""'>
                        ,CASE WHEN #{col19} > 0 THEN SUM(CASE WHEN IFNULL(DEPPC1_SN,999) = #{col19} THEN END_PG_SN ELSE 0 END) END AS col19
                </if>
                <if test='col20 != null and col20 != ""'>
                        ,CASE WHEN #{col20} > 0 THEN SUM(CASE WHEN IFNULL(DEPPC1_SN,999) = #{col20} THEN END_PG_SN ELSE 0 END) END AS col20
                </if>
                <if test='col21 != null and col21 != ""'>
                        ,CASE WHEN #{col21} > 0 THEN SUM(CASE WHEN IFNULL(DEPPC1_SN,999) = #{col21} THEN END_PG_SN ELSE 0 END) END AS col21
                </if>
                <if test='col22 != null and col22 != ""'>
                        ,CASE WHEN #{col22} > 0 THEN SUM(CASE WHEN IFNULL(DEPPC1_SN,999) = #{col22} THEN END_PG_SN ELSE 0 END) END AS col22
                </if>
                <if test='col23 != null and col23 != ""'>
                        ,CASE WHEN #{col23} > 0 THEN SUM(CASE WHEN IFNULL(DEPPC1_SN,999) = #{col23} THEN END_PG_SN ELSE 0 END) END AS col23
                </if>
                <if test='col24 != null and col24 != ""'>
                        ,CASE WHEN #{col24} > 0 THEN SUM(CASE WHEN IFNULL(DEPPC1_SN,999) = #{col24} THEN END_PG_SN ELSE 0 END) END AS col24
                </if>
                <if test='col25 != null and col25 != ""'>
                        ,CASE WHEN #{col25} > 0 THEN SUM(CASE WHEN IFNULL(DEPPC1_SN,999) = #{col25} THEN END_PG_SN ELSE 0 END) END AS col25
                </if>




        <![CDATA[
                FROM TB_PRNT_PAGE_MGMT A,
                    TB_LANG_MGMT B,
                    TB_VEHL_MGMT C,
                    TB_CODE_MGMT D,
                    TB_CODE_MGMT E,
                    (SELECT QLTY_VEHL_CD
                        FROM TB_AUTH_VEHL
                    WHERE USER_EENO = #{userEeno}
                    and DL_EXPD_CO_CD = #{dlExpdCoCd}
                    GROUP BY QLTY_VEHL_CD
                    ) F
            WHERE A.QLTY_VEHL_CD = B.QLTY_VEHL_CD
                AND A.MDL_MDY_CD = B.MDL_MDY_CD
                AND A.LANG_CD = B.LANG_CD
                AND B.QLTY_VEHL_CD = C.QLTY_VEHL_CD
                AND B.MDL_MDY_CD = C.MDL_MDY_CD
                AND B.QLTY_VEHL_CD = F.QLTY_VEHL_CD
                AND B.QLTY_VEHL_CD = (CASE WHEN #{qltyVehlCd}='' THEN B.QLTY_VEHL_CD ELSE #{qltyVehlCd} END)
                AND B.MDL_MDY_CD = (CASE WHEN #{mdlMdyCd}='' THEN B.MDL_MDY_CD ELSE #{mdlMdyCd} END)
                AND B.LANG_CD = (CASE WHEN #{langCd}='' THEN B.LANG_CD ELSE #{langCd} END)
                AND B.DL_EXPD_REGN_CD = (CASE WHEN #{dlExpdRegnCd}='' THEN B.DL_EXPD_REGN_CD ELSE #{dlExpdRegnCd} END)
                AND B.USE_YN = 'Y'
                AND C.USE_YN = 'Y'
                AND D.DL_EXPD_G_CD = '0003'
                AND D.DL_EXPD_PRVS_CD = C.DL_EXPD_CO_CD
                AND E.DL_EXPD_G_CD = '0008'
                AND E.DL_EXPD_PRVS_CD = B.DL_EXPD_REGN_CD
            GROUP BY B.QLTY_VEHL_CD, B.MDL_MDY_CD, B.LANG_CD, A.N_PRNT_PBCN_NO, A.LRNK_CD
            ORDER BY B.QLTY_VEHL_CD,
                    MAX(B.SORT_SN),
                    FU_GET_SORT_PBCN(A.N_PRNT_PBCN_NO) DESC,
                    A.N_PRNT_PBCN_NO
        ]]>
    </select>
 <select id="selectPrntPageDetail" parameterType="stmComReqDTO" resultType="prntPageMgmtResDTO" >
                /* aes.stm.prntPage.PrntPageDAO.selectPrntPage */
        <![CDATA[
         SELECT D.N_PRNT_PBCN_NO AS NEW_PRNT_PBCN_NO,
                D.LRNK_CD AS LRNK_CD,
                '('||D.QLTY_VEHL_CD ||'-'||D.MDL_MDY_CD||') '|| B.QLTY_VEHL_NM AS QLTY_VEHL_NM,
                D.QLTY_VEHL_CD,
                D.MDL_MDY_CD AS MDL_MDY_CD,
                D.LANG_CD,
                '('||D.LANG_CD||') '||C.LANG_cd_NM AS LANG_NM,
                D.RGST_YMD AS RGST_YMD,
                C.DL_EXPD_REGN_CD AS DL_EXPD_REGN_CD,
                CONCAT(D.N_PRNT_PBCN_NO,'-',D.LRNK_CD) AS PRNT_PBCN_NM,
                SUM(CASE WHEN IFNULL(DEPPC1_SN,0) = 0 and IFNULL(DEPPC2_SN,0) = 1 THEN END_PG_SN ELSE 0 END) AS A01,
                SUM(CASE WHEN IFNULL(DEPPC1_SN,0) = 0 and IFNULL(DEPPC2_SN,0) = 2 THEN END_PG_SN ELSE 0 END) AS A02,
                SUM(CASE WHEN IFNULL(DEPPC1_SN,0) = 0 and IFNULL(DEPPC2_SN,0) = 3 THEN END_PG_SN ELSE 0 END) AS A03
        ]]>

        <![CDATA[
           FROM TB_CODE_MGMT A,
                TB_VEHL_MGMT B,
                TB_LANG_MGMT C,
                TB_PRNT_PAGE_MGMT D
          WHERE A.DL_EXPD_G_CD = '0008'
            AND A.DL_EXPD_PRVS_CD = B.DL_EXPD_CO_CD
            AND B.QLTY_VEHL_CD = C.QLTY_VEHL_CD
            AND B.MDL_MDY_CD = C.MDL_MDY_CD
            AND C.QLTY_VEHL_CD = D.QLTY_VEHL_CD
            AND C.MDL_MDY_CD = D.MDL_MDY_CD
            AND C.LANG_CD = D.LANG_CD
            AND D.N_PRNT_PBCN_NO = #{newPrntPbcnNo}
            AND D.LRNK_CD = #{lrnkCd}
          GROUP BY D.N_PRNT_PBCN_NO, D.LRNK_CD, D.QLTY_VEHL_CD, D.MDL_MDY_CD,B.QLTY_VEHL_NM,C.LANG_CD_NM,
                D.LANG_CD, D.RGST_YMD, C.DL_EXPD_REGN_CD
        ]]>
    </select>
    <select id="detailPageInfo" parameterType="hashMap" resultType="hashMap" >
                /* aes.stm.prntPage.PrntPageDAO.selectPrntPage */

         SELECT

                D.N_PRNT_PBCN_NO,
                D.DEPPC1_SN ,
                D.DEPPC2_SN ,
                END_PG_SN
                from    TB_PRNT_PAGE_MGMT D
                where 1=1

                and D.N_PRNT_PBCN_NO = #{newPrntPbcnNo}
                and D.LRNK_CD = #{lrnkCd}
                and D.DEPPC1_SN >0

    </select>
 <!--
        Query Name  : aes.stm.prntPage.PrntPageDAO.selectMaxDeppc1Sn
        Description :
    -->
    <select id="selectMaxDeppc1Sn" parameterType="stmComReqDTO" resultType="Integer">
        /* aes.stm.prntPage.PrntPageDAO.selectMaxDeppc1Sn */
        <![CDATA[
         SELECT IFNULL(MAX(A.DEPPC1_SN), 0) + 1 AS MAX_DEPPC1_SN
           FROM TB_PRNT_PAGE_MGMT A,
                TB_LANG_MGMT B,
                TB_VEHL_MGMT C,
                TB_CODE_MGMT D
          WHERE A.QLTY_VEHL_CD = B.QLTY_VEHL_CD
            AND A.MDL_MDY_CD = B.MDL_MDY_CD
            AND A.LANG_CD = B.LANG_CD
            AND B.QLTY_VEHL_CD = C.QLTY_VEHL_CD
            AND B.MDL_MDY_CD = C.MDL_MDY_CD
            AND B.USE_YN = 'Y'
            AND C.USE_YN = 'Y'
            AND D.DL_EXPD_G_CD = '0003'
            AND D.DL_EXPD_PRVS_CD = C.DL_EXPD_CO_CD
        ]]>
    </select>



  <!--
        Query Name  : aes.stm.prntPage.PrntPageDAO.selectChkPage
        Description : 인쇄 페이지 중복 확인
    -->
    <select id="validChk" parameterType="prntPageMgmtReqDTO" resultType="String">
                /* aes.stm.prntPage.PrntPageDAO.validChk */
        <![CDATA[
             SELECT (CASE WHEN COUNT(*)=0 THEN 'Y' ELSE 'N' END) AS CHK
               FROM TB_PRNT_PAGE_MGMT
              WHERE N_PRNT_PBCN_NO = #{newPrntPbcnNo}
                AND LRNK_CD = #{lrnkCd}
        ]]>
    </select>

     <!--
        Query Name  : aes.stm.prntPage.PrntPageDAO.selectIvOrdQty
        Description : 인쇄시 재고,오더,생산량  조회

    -->
    <select id="selectIvOrdQty" parameterType="prntPageMgmtReqDTO" resultType="prntPageMgmtResDTO">
        /* aes.stm.prntPage.PrntPageDAO.selectIvOrdQty */
        <![CDATA[
            SELECT (SELECT IFNULL(SUM(IV_QTY), 0) AS V_IV_QTY1
                        FROM TB_SEWHA_IV_INFO
                    WHERE QLTY_VEHL_CD = #{qltyVehlCd}
                        AND DL_EXPD_MDL_MDY_CD = #{mdlMdyCd}
                        AND LANG_CD = #{langCd}
                        AND CLS_YMD = DATE_FORMAT(SYSDATE(), '%Y%m%d')) + (SELECT IFNULL(SUM(IV_QTY), 0) AS V_IV_QTY2
                                                                            FROM TB_PDI_IV_INFO
                                                                        WHERE QLTY_VEHL_CD = #{qltyVehlCd}
                                                                            AND DL_EXPD_MDL_MDY_CD = #{mdlMdyCd}
                                                                            AND LANG_CD = #{langCd}
                                                                            AND CLS_YMD = DATE_FORMAT(SYSDATE(), '%Y%m%d')) AS IV_QTY,
                    (SELECT IFNULL(SUM(TMM_ORD_QTY), 0) AS V_ORD_QTY
                        FROM TB_APS_PROD_SUM_INFO
                    WHERE QLTY_VEHL_CD = #{qltyVehlCd}
                        AND MDL_MDY_CD = #{mdlMdyCd}
                        AND LANG_CD = #{langCd}
                        AND APL_YMD = DATE_FORMAT(SYSDATE(), '%Y%m%d')) AS ORD_QTY,
                    (SELECT IFNULL(SUM(MTH3_MO_AVG_TRWI_QTY), 0) AS V_MO_AVG_PRDN_QTY
                        FROM TB_APS_PROD_SUM_INFO
                    WHERE QLTY_VEHL_CD = #{qltyVehlCd}
                        AND MDL_MDY_CD = #{mdlMdyCd}
                        AND LANG_CD = #{langCd}
                        AND APL_YMD = DATE_FORMAT(SYSDATE(), '%Y%m%d')) AS MO_AVG_PRDN_QTY,
                    (SELECT DL_EXPD_PDI_CD AS V_PDI_CD
                        FROM TB_VEHL_MGMT
                    WHERE QLTY_VEHL_CD = #{qltyVehlCd}
                        AND MDL_MDY_CD = #{mdlMdyCd}) AS DL_EXPD_PDI_CD
                FROM DUAL
        ]]>
    </select>
<!--
        Query Name  : aes.stm.prntPage.PrntPageDAO.insertPrntPage
        Description :
    -->
    <insert id="insertPrntPage" parameterType="prntPageMgmtReqDTO">
            /* ProgramID=aes.stm.prntPage.PrntPageDAO.insertPrntPage */
        <![CDATA[
             INSERT INTO TB_PRNT_PAGE_MGMT
                  (
                   N_PRNT_PBCN_NO,
                   LRNK_CD,
                   QLTY_VEHL_CD,
                   MDL_MDY_CD,
                   LANG_CD,
                   RGST_YMD,
                   DEPPC1_SN,
                   END_PG_SN,
                   PPRR_EENO,
                   FRAM_DTM,
                   UPDR_EENO,
                   MDFY_DTM,
                   DEPPC2_SN
                  )
                  VALUES
                  (
                   #{newPrntPbcnNo},
                   IFNULL(#{lrnkCd}, '01'),
                   #{qltyVehlCd},
                   #{mdlMdyCd},
                   #{langCd},
                   #{rgstYmd},
                   #{deppc1Sn},
                   #{endPgSn},
                   #{userEeno},
                   SYSDATE(),
                   #{userEeno},
                   SYSDATE(),
                   (CASE WHEN #{deppc2Sn} IS NULL THEN 1 ELSE #{deppc2Sn} END)
                   )
        ]]>
    </insert>




    <!--
        Query Name  : aes.stm.prntPage.PrntPageDAO.deletePrntPage
        Description :
    -->
    <delete id="deletePrntPage" parameterType="prntPageMgmtReqDTO">
              /* ProgramID=aes.stm.prntPage.PrntPageDAO.deletePrntPage */
        <![CDATA[
           DELETE FROM TB_PRNT_PAGE_MGMT
            WHERE N_PRNT_PBCN_NO = #{newPrntPbcnNo}
                AND LRNK_CD = #{lrnkCd}
        ]]>
    </delete>


</mapper>

