<?xml version="1.0" encoding="UTF-8"?>
<!DOCTYPE mapper PUBLIC "-//mybatis.org//DTD Mapper 3.0//EN" "http://mybatis.org/dtd/mybatis-3-mapper.dtd">
<mapper namespace="com.oms.sys.dao.BatchDAO">




   <select id="selectBatchInfos"  resultType="batchResDTO">
        /* QueryID = selectBatchInfos */

        SELECT
            BTCH_SN,
            BTCH_NM,
            BTCH_SBC,
            BTCH_EXE_TM,
            TO_CHAR(FRAM_DTM,'YYYY-MM-DD') AS FRAM_DTM
         FROM TB_BATCH_INFO

         ORDER BY BTCH_SN
    </select>

 <select id="selectBatchLogs"  parameterType ="batchReqDTO" resultType="batchLogResDTO">
        /* QueryID = selectBatchLogs */

           <![CDATA[
             SELECT   BTCH_NM
                    , BTCH_FIN_STRT_DTM
                    , BTCH_FNH_DTM
                    , BTCH_WK_CD
                    , BTCH_WK_RSLT_SBC
                    , AH_SCD_CD
               FROM tb_batch_exe_log
              WHERE BTCH_FIN_STRT_DTM >= #{bDate}
                AND BTCH_FIN_STRT_DTM < DATE_ADD(#{bDate}, INTERVAL 1 DAY)
        ]]>
        <if test="btchNm != null and btchNm != ''">
                AND BTCH_NM LIKE CONCAT('%', #{btchNm}, '%')
        </if>
        <if test="btchWkCd != null and btchWkCd != ''">
                AND BTCH_WK_CD = #{btchWkCd}
        </if>
              ORDER BY STR_TO_DATE(BTCH_FIN_STRT_DTM, '%Y%m%d %H%i') DESC, BTCH_NM DESC, BTCH_FNH_DTM DESC



              LIMIT #{pageSize} OFFSET  #{offset}
    </select>

    <select id="selectBatchLogsTot"   parameterType ="batchReqDTO" resultType="Integer">
        /* QueryID = selectBatchLogsTot */

        SELECT COUNT(*)
        FROM TB_BATCH_RSLT_INFO
        <![CDATA[
               WHERE BTCH_FIN_STRT_DTM >= #{bDate}
                AND BTCH_FIN_STRT_DTM < DATE_ADD(#{bDate}, INTERVAL 1 DAY)
        ]]>
        <if test="btchNm != null and btchNm != ''">
                AND BTCH_NM LIKE CONCAT('%', #{btchNm}, '%')
        </if>
        <if test="btchWkCd != null and btchWkCd != ''">
                AND BTCH_WK_CD = #{btchWkCd}
        </if>

    </select>

    <select id="runApsProcedureHmc" parameterType="batchReqDTO" resultType="batchResDTO">


            CALL SP_APS_INTERFACE_HMC(
            #{dlExpdCoCd},#{btchGbn}
            )

    </select>
    <select id="runApsProcedureKmc" parameterType="batchReqDTO" resultType="batchResDTO">


            CALL SP_APS_INTERFACE_KMC(
            #{dlExpdCoCd},#{btchGbn}
            )

    </select>


    <select id="runErpProcedureHmc" parameterType="batchReqDTO" resultType="batchResDTO">


            CALL PROD_MST_INTERFACE_HMC2(
                DATE_FORMAT(SYSDATE(),'%Y%m%d'),
                 #{btchGbn},
                #{dlExpdCoCd}
            )

    </select>
        <select id="runErpProcedureKmc" parameterType="batchReqDTO" resultType="batchResDTO">


            CALL PROD_MST_INTERFACE_KMC2(
                DATE_FORMAT(SYSDATE(),'%Y%m%d'),
                #{btchGbn},
                #{dlExpdCoCd}

            )

    </select>
</mapper>

