<?xml version="1.0" encoding="UTF-8"?>
<!DOCTYPE mapper PUBLIC "-//mybatis.org//DTD Mapper 3.0//EN" "http://mybatis.org/dtd/mybatis-3-mapper.dtd">
<!--
    SQL File Name  : biz_CodeMgmtDAO.xml
    Description    : 설명을 기술합니다.
    author         : 안경수
    since          : 2023.1.19
-->

<mapper namespace="com.oms.sys.dao.CodeMgmtDAO">



    <select id="selectCodeMgmtList" parameterType="codeMgmtReqDTO" resultType="codeMgmtResDTO">
        <![CDATA[
        /*  QueryID=selectCodeMgmtList */
             SELECT
                   A.DL_EXPD_G_CD,
                   B.DL_EXPD_G_NM,
                   A.DL_EXPD_PRVS_CD,
                   A.DL_EXPD_PRVS_NM,
                   A.SORT_SN,
                   A.USE_YN,
                   A.PPRR_EENO,
                   TO_CHAR(A.FRAM_DTM,'YYYY-MM-DD') AS FRAM_DTM,
                   A.UPDR_EENO,
                   TO_CHAR(A.MDFY_DTM,'YYYY-MM-DD') AS MDFY_DTM

              FROM TB_CODE_MGMT  A
              left join tb_code_grp_mgmt  B on
              A.DL_EXPD_G_CD  = B.DL_EXPD_G_CD
              ]]>
            WHERE 1=1

            <if test='dlExpdGCd != null and dlExpdGCd != ""'>
                AND A.dl_expd_g_cd = #{dlExpdGCd}
            </if>
             <if test='dlExpdPrvsCd != null and dlExpdPrvsCd != ""'>
                AND A.DL_EXPD_PRVS_CD = #{dlExpdPrvsCd}
            </if>
            <if test='useYn != null and useYn != ""'>
                AND A.USE_YN = #{useYn}
            </if>
            order by A.DL_EXPD_G_CD, A.SORT_SN
           </select>

        <select id="selectGrpCodeCombo" parameterType="codeMgmtReqDTO" resultType="hashMap">
            <![CDATA[
            /*  QueryID=selectGrpCodeCombo */
                    SELECT DL_EXPD_G_CD AS dlExpdGCd,
                            DL_EXPD_G_NM AS dlExpdGNm
                          FROM TB_CODE_GRP_MGMT
                    ORDER BY DL_EXPD_G_CD
                  ]]>

       </select>
        <select id="selectNextGrpCode" parameterType="hashMap" resultType="hashMap">
                   /* aes.stm.sysCode.SysCodeDAO.selectNextGrpCode */
        <![CDATA[
            SELECT LPAD(MAX(DL_EXPD_G_CD) + 1,4,'0') AS dlExpdGCd
              FROM TB_CODE_GRP_MGMT
             WHERE DL_EXPD_G_CD <> '9999'
        ]]>
    </select>

 <select id="getCodeGrpChk" parameterType="codeMgmtReqDTO" resultType="String">
        /* aes.stm.sysCode.SysCodeDAO.getCodeGrpChk */
        <![CDATA[
            SELECT (CASE WHEN COUNT(*)=0 THEN 'N' ELSE 'Y' END) AS CHECK_YN
              FROM TB_CODE_GRP_MGMT
             WHERE DL_EXPD_G_CD = #{dlExpdGCd}
        ]]>
    </select>

 <select id="getCodeChk" parameterType="codeMgmtReqDTO" resultType="String">
        /* aes.stm.sysCode.SysCodeDAO.getCodeGrpChk */
        <![CDATA[
            SELECT (CASE WHEN COUNT(*)=0 THEN 'N' ELSE 'Y' END) AS CHECK_YN
              FROM TB_CODE_MGMT
            WHERE DL_EXPD_G_CD = #{dlExpdGCd}
               AND DL_EXPD_PRVS_CD = #{dlExpdPrvsCd}
        ]]>
    </select>

    <insert id="insertCodeGrpMgmt" parameterType="codeMgmtReqDTO">
        /* ProgramID=aes.stm.sysCode.SysCodeDAO.insertSysCode */
        <![CDATA[
            INSERT INTO TB_CODE_GRP_MGMT
                   (
                    DL_EXPD_G_CD,
                    DL_EXPD_G_NM,
                    PPRR_EENO,
                    FRAM_DTM

                   )
            VALUES (
                   #{dlExpdGCd},
                   #{dlExpdGNm},
                   #{pprrEeno},
                   SYSDATE()
                   )
        ]]>
    </insert>

    <insert id="insertCodeMgmt" parameterType="codeMgmtReqDTO">
                /* QueryID=insertCodeMgmt */
        <![CDATA[
            INSERT
              INTO tb_code_mgmt
                   (dl_expd_g_cd,
                   dl_expd_prvs_cd,
                   dl_expd_prvs_nm,
                   sort_sn,
                   use_yn,
                   pprr_eeno,
                   fram_dtm
                   )
            VALUES (#{dlExpdGCd},
                   #{dlExpdPrvsCd},
                   #{dlExpdPrvsNm},
                   #{sortSn},
                   #{useYn},
                   #{pprrEeno},
                   SYSDATE()
                   )
        ]]>
    </insert>

     <insert id="insertExcelSysCode" parameterType="codeMgmtReqDTO">
                /* QueryID=insertCodeMgmt */
        <![CDATA[

            INSERT INTO TB_CODE_MGMT
                   (
                    DL_EXPD_G_CD,
                    DL_EXPD_PRVS_CD,
                    DL_EXPD_PRVS_NM,
                    SORT_SN,
                    USE_YN,
                    PPRR_EENO,
                    FRAM_DTM

                   )
            VALUES (
                   #{dlExpdGCd},
                   #{dlExpdPrvsCd},
                   #{dlExpdPrvsNm},
                   #{sortSn},
                   #{useYn},
                   #{userEeno},
                   SYSDATE()

                   )
        ]]>
    </insert>
    <update id="updateCodeGrpMgmt" parameterType="codeMgmtReqDTO">
        /* ProgramID=aes.stm.sysCode.SysCodeDAO.updateSysCode */
        <![CDATA[
             UPDATE TB_CODE_GRP_MGMT
                SET DL_EXPD_G_NM = #{dlExpdGNm},
                    UPDR_EENO = #{updrEeno},
                    MDFY_DTM = SYSDATE()
            WHERE DL_EXPD_G_CD = #{dlExpdGCd}
        ]]>
    </update>
 <update id="updateCodeMgmt" parameterType="codeMgmtReqDTO">
        <![CDATA[
        /*  QueryID=updateCodeMgmt */
            UPDATE
                   TB_CODE_MGMT
            SET  dl_expd_prvs_nm = #{dlExpdPrvsNm},
                   sort_sn = #{sortSn},
                   use_yn = #{useYn},
                   updr_eeno = #{updrEeno},
                   mdfy_dtm = SYSDATE()
             WHERE dl_expd_g_cd = #{dlExpdGCd}
             AND DL_EXPD_PRVS_CD = #{dlExpdPrvsCd}
        ]]>
    </update>
    <delete id="deleteCodeMgmt" parameterType="codeMgmtReqDTO">
                /* QueryID=deleteCodeMgmt */

             DELETE
             FROM TB_CODE_MGMT
             WHERE DL_EXPD_G_CD in
            <foreach collection="deleteList" index="index" item="item" separator="," open="(" close=")">
                  #{item.dlExpdGCd}
            </foreach>
    </delete>


    <delete id="deleteCodeGrpMgmt" parameterType="codeMgmtReqDTO">
                /* QueryID=deleteCodeGrpMgmt */

             DELETE
             FROM TB_CODE_GRP_MGMT
             WHERE DL_EXPD_G_CD in
            <foreach collection="deleteList" index="index" item="item" separator="," open="(" close=")">
                  #{item.dlExpdGCd}
            </foreach>
    </delete>

</mapper>

