<?xml version="1.0" encoding="UTF-8"?>
<!DOCTYPE mapper PUBLIC "-//mybatis.org//DTD Mapper 3.0//EN" "http://mybatis.org/dtd/mybatis-3-mapper.dtd">
<mapper namespace="com.oms.sys.dao.EmailDAO">

     <select id="selectEmailLogs"  parameterType ="emailReqDTO" resultType="emailLogResDTO">
            /* QueryID = selectEmailLogs */

               <![CDATA[

                       SELECT

                        A.EML_CD,
                        a.EML_SCD_CD,
                        B.DL_EXPD_PRVS_NM AS EML_SCD_NM,
                        a.sndr_id,
                        case when (select sndr_id from tb_log_eml where eml_cd = a.eml_cd)='BATCH' then 'BATCH'
                        else (select user_nm from tb_usr_mgmt tum where user_eeno = sndr_id) END sndr_nm,



                        case when (SELECT COUNT(*)-1 FROM tb_log_eml_snd WHERE EML_CD = A.EML_CD)=1
                        then (select (select USER_NM from TB_USR_MGMT where USER_EENO = MIN(RCVR_ID)) from tb_log_eml_snd where EML_CD = A.EML_CD)
                        else (select (select USER_NM from TB_USR_MGMT where USER_EENO = MIN(RCVR_ID)) from tb_log_eml_snd where EML_CD = A.EML_CD)||'외'||
                        (SELECT COUNT(*)-1 FROM tb_log_eml_snd WHERE EML_CD = A.EML_CD)||'명'
                        end as RCVR_NM,

                        a.EML_TITL,
                        DATE_FORMAT(a.FS_SND_DATE, '%Y-%m-%d') as FS_SND_DATE,
                        C.EML_ST_CD
                    from tb_log_eml a, tb_code_mgmt b, tb_log_eml_snd c
                    where a.EML_SCD_CD = B.DL_EXPD_PRVS_CD
                    and a.eml_cd = c.eml_cd
                    AND B.DL_EXPD_G_CD = '0030'
                    AND B.USE_YN='Y'

                    group by

                    A.EML_CD,
                    a.eml_scd_cd,
                    a.sndr_id,
                    b.DL_EXPD_PRVS_NM,
                    a.eml_titl,
                    a.eml_sbc,
                    a.fs_snd_date,
                    C.EML_ST_CD

            ]]>
    </select>
     <select id="selectEmailLog"  parameterType ="emailReqDTO" resultType="emailLogResDTO">
            /* QueryID = selectEmailLogs */

                   SELECT
                       a.eml_Cd,
                        (SELECT group_concat(
                            (select USER_NM from tb_usr_mgmt where rcvr_id = USER_EENO)
                        )
                        FROM tb_log_eml_snd
                        WHERE EML_CD = A.EML_CD) AS RCVR_NM,

                        a.EML_TITL,
                        a.EML_SBC

                    from tb_log_eml a, tb_log_eml_snd c

                    where a.eml_cd = c.eml_cd
                    and a.eml_cd = #{emlCd}

                    group by a.eml_cd,a.eml_titl,a.eml_sbc



    </select>
<select id="selectEmlDupChk"  parameterType ="emailReqDTO" resultType="String">
            /* QueryID = selectEmailLogs */

               <![CDATA[

                    SELECT
                    case when COUNT(*)>0 THEN 'N' ELSE 'Y' END AS dupChk

                    from tb_log_eml a

                    WHERE EML_SCD_CD = #{emlScdCd}

            ]]>
    </select>
<select id="emlRcvrUsrList"  parameterType ="emailReqDTO" resultType="emailRcvrResDTO">
            /* QueryID = selectEmailLogs */

               <![CDATA[

                    SELECT
                    RCVR_ID,
                    EML_SCD_CD

                    from tb_eml_rcvr_mgmt a

                    WHERE EML_SCD_CD = #{emlScdCd}

            ]]>
    </select>
     <select id="selectEmlRcvrMgmts"  parameterType ="emailReqDTO" resultType="emailRcvrResDTO">
            /* QueryID = selectEmailLogs */

               <![CDATA[

      select

            a.EML_SCD_CD,
            group_concat(c.USER_NM order by C.USER_NM separator  ', ') as RCVR_NM,
            b.DL_EXPD_PRVS_NM as eml_Scd_nm
            from tb_eml_rcvr_mgmt a
            , tb_code_mgmt  b
            ,tb_usr_mgmt  c

        where a.eml_scd_cd = b.dl_expd_prvs_cd
            and a.rcvr_id = c.user_eeno
            and dl_expd_g_cd = '0030'
            and B.USE_YN = 'Y'
            and C.USE_YN = 'Y'
            ]]>

        <if test="rcvrNm != null and rcvrNm != ''">
                AND RCVR_ID in (SELECT USER_EENO FROM TB_USR_MGMT WHERE USER_NM LIKE  '%'||#{rcvrNm}||'%')
        </if>
            group   by a.eml_scd_cd, b.dl_expd_prvs_nm

            ORDER BY  A.eml_scd_cd

    </select>
    <insert id="insEmlRcvrMgmt"  parameterType ="emailReqDTO" >
        INSERT INTO TB_EML_RCVR_MGMT
        (
            RCVR_ID,
            EML_SCD_CD,
            PPRR_EENO,
            FRAM_DTM
        )
        VALUES
       <foreach item="item" collection="rcvrList" separator=",">
                (#{item.userEeno}, #{item.emlScdCd}, TRIM(#{item.pprrEeno}), SYSDATE())
     </foreach>

    </insert>
    <delete id = "delEmlRcvrMgmt" parameterType ="emailReqDTO">


        DELETE FROM TB_EML_RCVR_MGMT
        WHERE EML_SCD_CD = #{emlScdCd}

    </delete>


</mapper>