<?xml version="1.0" encoding="UTF-8"?>
<!DOCTYPE mapper PUBLIC "-//mybatis.org//DTD Mapper 3.0//EN" "http://mybatis.org/dtd/mybatis-3-mapper.dtd">



<mapper namespace="com.oms.print.dao.PrintStateDAO">

<select id = "selectPrintStateList" parameterType="printStateReqDTO" resultType="printStateResDTO">
WITH T AS (SELECT A.CL_SCN_CD,
                                C.QLTY_VEHL_CD,
                                C.MDL_MDY_CD,
                                C.LANG_CD,
                                CONCAT('(', C.QLTY_VEHL_CD, ')', B.QLTY_VEHL_NM) AS QLTY_VEHL_NM,
                                CONCAT(C.MDL_MDY_CD, 'MY') AS MDL_MDY_NM,
                                CONCAT('(', C.LANG_CD, ')', C.LANG_CD_NM) AS LANG_CD_NM,
                                C.DL_EXPD_REGN_CD,
                                C.SORT_SN AS LANG_SORT_SN
                            FROM (SELECT QLTY_VEHL_CD,
                                         MAX(CL_SCN_CD) AS CL_SCN_CD
                                    FROM TB_AUTH_VEHL
                                   WHERE USER_EENO = #{userEeno}
                                   <if test = 'qltyVehlCd != null and qltyVehlCd != ""' >
                                     AND QLTY_VEHL_CD = #{qltyVehlCd}
                                     </if>
                                GROUP BY QLTY_VEHL_CD
                                ) A,
                                TB_VEHL_MGMT B,
                                TB_LANG_MGMT C
                        WHERE A.QLTY_VEHL_CD = B.QLTY_VEHL_CD
                            AND A.QLTY_VEHL_CD = C.QLTY_VEHL_CD
                            AND B.MDL_MDY_CD = C.MDL_MDY_CD
                            <if test = 'mdlMdyCd != null and mdlMdyCd != ""' >
                                AND B.MDL_MDY_CD = #{mdlMdyCd}
                            </if>
                            <if test = 'expdPdiCd != null and expdPdiCd != ""' >
                                AND B.DL_EXPD_PDI_CD = #{expdPdiCd}
                            </if>
                            <if test = 'dlExpdRegnCd != null and dlExpdRegnCd != ""' >
                                AND C.DL_EXPD_REGN_CD = #{dlExpdRegnCd}
                            </if>
                            <if test = 'langCd != null and langCd != ""' >
                                AND C.LANG_CD = #{langCd}
                            </if>
                            )
                        SELECT A.N_PRNT_PBCN_NO as NEW_PRNT_PBCN_NO,
                                D.QLTY_VEHL_NM,
                                D.LANG_CD_NM,
                                DATE_FORMAT(STR_TO_DATE(B.PRNT_PARR_YMD, '%Y%m%d'), '%Y-%m-%d') AS PRNT_PARR_YMD,
                                DATE_FORMAT(STR_TO_DATE(B.DLVG_PARR_YMD, '%Y%m%d'), '%Y-%m-%d') AS DLVG_PARR_YMD,
                                B.I_WAY_CD,
                                B.PRNT_PARR_QTY,
                                B.PRNT_PARR_BGT,
                                B.PRNT_PARR_QTY * B.SALE_UNP AS PRNT_PARR_BGT2,
                                B.SALE_UNP,
                                B.PRTL_IMTR_SBC,
                                FU_GET_REVICE_COUNT(A.QLTY_VEHL_CD, A.LANG_CD, A.N_PRNT_PBCN_NO) AS REVISE_QTY,
                                A.QLTY_VEHL_CD,
                                A.MDL_MDY_CD,
                                A.LANG_CD,
                                D.CL_SCN_CD,
                                D.DL_EXPD_REGN_CD,
                                B.PRTL_IMTR_SBC2,
                                B.PRTL_IMTR_SBC3,
                                (select xa.DL_EXPD_PRVS_NM  from tb_code_mgmt xa where xa.DL_EXPD_G_CD='0008' and xa.DL_EXPD_PRVS_CD = D.DL_EXPD_REGN_CD)  as REGN_NM,
    (select xa.DL_EXPD_PRVS_NM  from tb_code_mgmt xa where xa.DL_EXPD_G_CD='0024' and xa.DL_EXPD_PRVS_CD = B.I_WAY_CD)  as I_WAY_NM,
                                IFNULL(B.ATTC_YN,'N') AS ATTC_YN
                            FROM (
                                    SELECT P.N_PRNT_PBCN_NO,
                                            P.QLTY_VEHL_CD,
                                            P.MDL_MDY_CD,
                                            P.LANG_CD
                                        FROM (SELECT T.N_PRNT_PBCN_NO,
                                                    T.QLTY_VEHL_CD,
                                                    T.MDL_MDY_CD,
                                                    T.LANG_CD,
                                                    ROWNUM() AS ROWNM
                                                FROM (SELECT B.N_PRNT_PBCN_NO,
                                                            A.QLTY_VEHL_CD,
                                                            A.MDL_MDY_CD,
                                                            A.LANG_CD
                                                        FROM T A,
                                                            TB_PRNT_REQ_INFO B,
                                                            TB_PRNT_BKGD_INFO C
                                                    WHERE A.QLTY_VEHL_CD = B.QLTY_VEHL_CD
                                                        AND A.MDL_MDY_CD = B.MDL_MDY_CD
                                                        AND A.LANG_CD = B.LANG_CD
                                                        AND A.QLTY_VEHL_CD = C.QLTY_VEHL_CD
                                                        AND A.MDL_MDY_CD = C.MDL_MDY_CD
                                                        AND A.LANG_CD = C.LANG_CD
                                                        AND B.N_PRNT_PBCN_NO = C.N_PRNT_PBCN_NO
                                                        <if test = 'newPrntPbcnNo != null and newPrntPbcnNo != ""' >
                                                            AND B.N_PRNT_PBCN_NO = (CASE WHEN #{newPrntPbcnNo}='' THEN B.N_PRNT_PBCN_NO ELSE #{newPrntPbcnNo} END)
                                                        </if>

                                                      and  str_to_date(ORDN_RQST_YMD,'%Y%m%d') between #{sDate} and #{eDate}

                                                        AND C.DL_EXPD_RDCS_ST_CD = '02'

                                                <if test = 'iWayCd != null and iWayCd != ""' >
                                                        AND B.I_WAY_CD = (CASE WHEN #{iWayCd}='' THEN B.I_WAY_CD ELSE #{iWayCd} END)
                                                </if>
                                                    ORDER BY A.QLTY_VEHL_CD, A.LANG_SORT_SN, C.TRTM_YMD DESC
                                                    ) T
                                                ) P
                                    ) A,
                                    TB_PRNT_REQ_INFO B,
                                    TB_PRNT_BKGD_INFO C,
                                    T D
                        WHERE A.N_PRNT_PBCN_NO = B.N_PRNT_PBCN_NO
                            AND A.N_PRNT_PBCN_NO = C.N_PRNT_PBCN_NO
                            AND A.QLTY_VEHL_CD = D.QLTY_VEHL_CD
                            AND A.MDL_MDY_CD = D.MDL_MDY_CD
                            AND A.LANG_CD = D.LANG_CD
                        ORDER BY C.MDFY_DTM DESC, A.QLTY_VEHL_CD, D.LANG_SORT_SN
</select>





    <!--
        Query Name  : aes.stm.prntPage.PrntPageDAO.selectPrntFpInfo
        Description : 인쇄시 재고,오더,생산량 및 인쇄세부내역 조회
            since          author              description
        ===========    =============    ===========================
        2016.4.18      CH LEE                최초 생성
    -->
    <select id="selectPrntFpInfo" parameterType="printStateReqDTO" resultType="printStateResDTO">
        /* aes.stm.prntPage.PrntPageDAO.selectPrntFpInfo */
        <![CDATA[
             SELECT A.N_PRNT_PBCN_NO,
                    A.QLTY_VEHL_CD,
                    A.MDL_MDY_CD,
                    A.LANG_CD,
                    A.DLVG_PARR_YMD,
                    A.DL_EXPD_DLVG_PL_CD,
                    A.OLD_PRNT_PBCN_NO,
                    A.I_WAY_SBC,
                    A.BKBD_WAY_SBC,
                    A.PG_MGN_SBC,
                    A.DEPCQ1_SBC,
                    A.DEIPQ1_SBC,
                    A.PRNT_CVR_SBC,
                    A.PRNT_INSD_PG_SBC,
                    A.C_PRNT_CVR_SBC,
                    A.C_PRNT_INSD_PG_SBC,
                    A.CVR_CEG_SBC,
                    A.PG_NL,
                    A.CVR_NL,
                    A.EXPD_NL,
                    A.GRN_DOC_NL,
                    A.POST_CRD_NL,
                    A.EOFU1_NL,
                    A.NR_FLM_MKO_NL,
                    A.DGTL_PRNT_NL,
                    A.OORD_EDIT_PG_NL,
                    A.OORD_EDIT_CO_CD,
                    A.DEPC1_QTY,
                    A.REM,
                    A.IV_QTY,
                    A.ORD_QTY,
                    A.MO_AVG_PRDN_QTY,
                    A.RQ_QTY,
                    B.DL_EXPD_PRVS_NM
                FROM TB_PRNT_FP_INFO A,
                    TB_CODE_MGMT B
            WHERE A.N_PRNT_PBCN_NO = #{newPrntPbcnNo}
                AND A.QLTY_VEHL_CD = #{qltyVehlCd}
                AND A.MDL_MDY_CD = #{mdlMdyCd}
                AND A.LANG_CD = #{langCd}
                AND B.DL_EXPD_G_CD = '0005'
                AND B.DL_EXPD_PRVS_CD = A.DL_EXPD_DLVG_PL_CD
        ]]>
    </select>
</mapper>

