<?xml version="1.0" encoding="UTF-8"?>
<!DOCTYPE mapper PUBLIC "-//mybatis.org//DTD Mapper 3.0//EN" "http://mybatis.org/dtd/mybatis-3-mapper.dtd">

<!--
    SQL File Name  : biz_NatlMgmtDAO.xml
    Description    : 설명을 기술합니다.
    author         : 안경수
    since          : 2023.1.19
-->
<mapper namespace="com.oms.common.dao.ComboDAO">

    <select id="selectPdiComboList" parameterType="comboReqDTO"  resultType="pdiComboResDTO">
         /* QueryID=selectPdiComboList */

        SELECT
            A.DL_EXPD_PDI_CD AS dlExpdPdiCd,
            B.DL_EXPD_PRVS_NM AS dlExpdPrvsNm
        FROM
            (SELECT B.DL_EXPD_PDI_CD
                FROM (SELECT QLTY_VEHL_CD
                        FROM TB_AUTH_VEHL
                        WHERE USER_EENO = #{userEeno}
                        AND DL_EXPD_CO_CD = #{dlExpdCoCd}

                        GROUP BY QLTY_VEHL_CD
                    ) A,
                    TB_VEHL_MGMT B
              WHERE A.QLTY_VEHL_CD = B.QLTY_VEHL_CD
              AND B.DL_EXPD_CO_CD = #{dlExpdCoCd}
          <if test="bDate != null and bDate != ''">
              AND B.MDL_MDY_CD BETWEEN DATE_FORMAT(DATE_SUB(STR_TO_DATE(REPLACE(#{bDate},'-',''), '%Y%m%d'), INTERVAL 48 MONTH), '%y')
              AND DATE_FORMAT(DATE_ADD(STR_TO_DATE(REPLACE(#{bDate},'-',''), '%Y%m%d'), INTERVAL 24 MONTH), '%y')
          </if>
              AND B.USE_YN = 'Y'
              GROUP BY B.DL_EXPD_PDI_CD
             ) A,
             TB_CODE_MGMT B
        WHERE A.DL_EXPD_PDI_CD = B.DL_EXPD_PRVS_CD
        AND B.DL_EXPD_G_CD = '0005'
        ORDER BY B.SORT_SN

    </select>


    <select id="selectVehlComboList" parameterType="comboReqDTO"  resultType="vehlComboResDTO">
        /* QueryID = selectVehlComboList  */

        SELECT A.QLTY_VEHL_CD               AS qltyVehlCd,
               SUBSTR(A.QLTY_VEHL_NM,1,15)  AS qltyVehlNm,
               A.CL_SCN_CD                  AS clScnCd,
               A.EXPD_CO_CD                 AS expdCoCd,
               B.DL_EXPD_PRVS_NM            AS expdCoNm,
               A.EXPD_PAC_SCN_CD            AS expdPacScnCd,
               C.DL_EXPD_PRVS_NM            AS expdPacScnNm,
               A.EXPD_PDI_CD                AS expdPdiCd,
               D.DL_EXPD_PRVS_NM            AS expdPdiNm
        FROM (SELECT B.QLTY_VEHL_CD,
                     CONCAT(B.QLTY_VEHL_CD, '(', MAX(B.QLTY_VEHL_NM), ')') AS QLTY_VEHL_NM,
                     MAX(A.CL_SCN_CD) AS CL_SCN_CD,
                     MAX(a.DL_EXPD_CO_CD) AS EXPD_CO_CD,
                     MAX(DL_EXPD_PAC_SCN_CD) AS EXPD_PAC_SCN_CD,
                     MAX(DL_EXPD_PDI_CD) AS EXPD_PDI_CD
              FROM (SELECT QLTY_VEHL_CD,
                        DL_EXPD_CO_CD,
                           MAX(CL_SCN_CD) AS CL_SCN_CD
                    FROM TB_AUTH_VEHL

                    WHERE 1 = 1
                    <if test="userEeno != null and userEeno != ''">
                    AND USER_EENO = #{userEeno}
                    </if>
                    AND DL_EXPD_CO_CD = #{dlExpdCoCd}
                    GROUP BY QLTY_VEHL_CD, DL_EXPD_CO_CD
                   ) A,
                   TB_VEHL_MGMT B
              WHERE A.QLTY_VEHL_CD = B.QLTY_VEHL_CD
            and A.dl_expd_co_cd = B.dl_expd_co_cd
              <if test="dlExpdPdiCd != null and dlExpdPdiCd != ''">
              AND B.DL_EXPD_PDI_CD = (CASE WHEN #{dlExpdPdiCd} = 'ALL' THEN B.DL_EXPD_PDI_CD
                                           WHEN #{dlExpdPdiCd} IS NULL THEN B.DL_EXPD_PDI_CD
                                           ELSE #{dlExpdPdiCd} END)
              </if>
              AND B.USE_YN = 'Y'
              GROUP BY B.QLTY_VEHL_CD
             ) A,
             TB_CODE_MGMT B,
             TB_CODE_MGMT C,
             TB_CODE_MGMT D
        WHERE A.EXPD_CO_CD = B.DL_EXPD_PRVS_CD
        AND B.DL_EXPD_G_CD = '0003'
        AND A.EXPD_PAC_SCN_CD = C.DL_EXPD_PRVS_CD
        AND C.DL_EXPD_G_CD = '0004'
        AND A.EXPD_PDI_CD = D.DL_EXPD_PRVS_CD
        AND D.DL_EXPD_G_CD = '0005'
        ORDER BY A.QLTY_VEHL_CD
    </select>


    <select id="selectMdyComboList" parameterType="comboReqDTO"  resultType="string">
        /* QueryID = selectMdyComboList -- 차량연식 combo */

            SELECT MDL_MDY_CD AS mdlMdyCd
            FROM TB_VEHL_MGMT
            WHERE DL_EXPD_PDI_CD &lt;&gt; ''
            <if test="dlExpdPdiCd != null and dlExpdPdiCd != ''">
                AND DL_EXPD_PDI_CD = #{dlExpdPdiCd}
            </if>
            GROUP BY MDL_MDY_CD
            ORDER BY MDL_MDY_CD DESC
            LIMIT 5

    </select>


    <select id="selectRegionComboList" parameterType="comboReqDTO" resultType="regionComboResDTO">
        /* QueryID = selectRegionCombo -- 지역코드 combo */

              SELECT A.DL_EXPD_REGN_CD  AS dlExpdRegnCd,
                     B.DL_EXPD_PRVS_NM  AS dlExpdRegnNm
              FROM (SELECT D.DL_EXPD_REGN_CD
                      FROM (SELECT QLTY_VEHL_CD
                            FROM TB_AUTH_VEHL
                            WHERE 1 = 1
                            AND DL_EXPD_CO_CD = #{dlExpdCoCd}
                            <if test="userEeno != null and userEeno != ''">
                                AND USER_EENO = #{userEeno}
                            </if>
                            <if test="qltyVehlCd != null and qltyVehlCd != ''">
                                AND QLTY_VEHL_CD = (CASE WHEN #{qltyVehlCd}='ALL' THEN QLTY_VEHL_CD ELSE #{qltyVehlCd} END)
                            </if>
                                <![CDATA[
                            GROUP BY QLTY_VEHL_CD
                           ) A,
                           TB_VEHL_MGMT B,
                           TB_LANG_MGMT C,
                           TB_NATL_VEHL_MGMT D
                      WHERE A.QLTY_VEHL_CD = B.QLTY_VEHL_CD
                      AND A.QLTY_VEHL_CD = C.QLTY_VEHL_CD
                      AND B.MDL_MDY_CD = C.MDL_MDY_CD
                      AND B.DL_EXPD_CO_CD = D.DL_EXPD_CO_CD
                      AND B.QLTY_VEHL_CD = D.QLTY_VEHL_CD
                      ]]>

               <if test="bDate != null and bDate != ''">
                  AND B.MDL_MDY_CD BETWEEN DATE_FORMAT(DATE_SUB(STR_TO_DATE(REPLACE(#{bDate},'-',''), '%Y%m%d'), INTERVAL 48 MONTH), '%y')
                  AND DATE_FORMAT(DATE_ADD(STR_TO_DATE(REPLACE(#{bDate},'-',''), '%Y%m%d'), INTERVAL 24 MONTH), '%y')
                </if>
                <if test="dlExpdPdiCd != null and dlExpdPdiCd != ''">
                AND B.DL_EXPD_PDI_CD = (CASE WHEN #{dlExpdPdiCd}='ALL' THEN B.DL_EXPD_PDI_CD
                                             WHEN #{dlExpdPdiCd} IS NULL THEN B.DL_EXPD_PDI_CD
                                             ELSE #{dlExpdPdiCd} END)
                </if>
                <if test="mdlMdyCd != null and mdlMdyCd != ''">
                AND B.MDL_MDY_CD = (CASE WHEN #{mdlMdyCd}='ALL' THEN B.MDL_MDY_CD
                                         ELSE #{mdlMdyCd} END)
                </if>
                      AND B.USE_YN = 'Y'
                      AND C.USE_YN = 'Y'
                      GROUP BY D.DL_EXPD_REGN_CD
                     ) A,
                     TB_CODE_MGMT B
               WHERE A.DL_EXPD_REGN_CD = B.DL_EXPD_PRVS_CD
               AND B.DL_EXPD_G_CD = '0008'
               ORDER BY B.SORT_SN
    </select>

    <select id="selectLangComboList" parameterType="comboReqDTO" resultType="langComboResDTO">
        /* QueryID = selectLangComboList -- 언어코드 combo */

                SELECT C.LANG_CD                                        AS langCd,
                       CONCAT(C.LANG_CD, '(', MAX(C.LANG_CD_NM), ')')   AS langCdNm,
                       MAX(C.DL_EXPD_REGN_CD)                           AS dlExpdRegnCd
                FROM (SELECT QLTY_VEHL_CD
                      FROM TB_AUTH_VEHL
                      WHERE 1 = 1
                      AND DL_EXPD_CO_CD = #{dlExpdCoCd}
                      <if test="userEeno != null and userEeno != ''">
                        AND USER_EENO = #{userEeno}
                      </if>
                      <if test="qltyVehlCd != null and qltyVehlCd != ''">
                        AND QLTY_VEHL_CD = (CASE WHEN #{qltyVehlCd}='ALL' THEN QLTY_VEHL_CD ELSE #{qltyVehlCd} END)
                      </if>
                      GROUP BY QLTY_VEHL_CD
                     ) A,
                     TB_VEHL_MGMT B,
                     TB_LANG_MGMT C
                WHERE A.QLTY_VEHL_CD = B.QLTY_VEHL_CD
                AND A.QLTY_VEHL_CD = C.QLTY_VEHL_CD
                AND B.MDL_MDY_CD = C.MDL_MDY_CD
<!--                 AND B.MDL_MDY_CD BETWEEN DATE_FORMAT(DATE_SUB(STR_TO_DATE(REPLACE(#{bDate},'-',''), '%Y%m%d'), INTERVAL 48 MONTH), '%y') -->
<!--                 AND DATE_FORMAT(DATE_ADD(STR_TO_DATE(REPLACE(#{bDate},'-',''), '%Y%m%d'), INTERVAL 24 MONTH), '%y') -->
                <if test="dlExpdPdiCd != null and dlExpdPdiCd != ''">
                AND B.DL_EXPD_PDI_CD = (CASE WHEN #{dlExpdPdiCd}='ALL' THEN B.DL_EXPD_PDI_CD ELSE #{dlExpdPdiCd} END)
                </if>
                <if test="mdlMdyCd != null and mdlMdyCd != ''">
                AND B.MDL_MDY_CD = (CASE WHEN TRIM(#{mdlMdyCd})='ALL' THEN B.MDL_MDY_CD
                                         WHEN TRIM(#{mdlMdyCd}) IS NULL THEN B.MDL_MDY_CD
                                         ELSE #{mdlMdyCd} END)
                </if>
                <if test="dlExpdRegnCd != null and dlExpdRegnCd != ''">
                AND C.DL_EXPD_REGN_CD = (CASE WHEN #{dlExpdRegnCd}='ALL' THEN C.DL_EXPD_REGN_CD ELSE #{dlExpdRegnCd} END)
                </if>
<!--                 인풋박스에서도 사용하기때문에 해당 조건은 If처리  khkim -->
                <if test="qltyVehlCd != null and qltyVehlCd != ''">
                AND A.QLTY_VEHL_CD = (CASE WHEN #{qltyVehlCd}='ALL' THEN A.QLTY_VEHL_CD ELSE #{qltyVehlCd} END)
                </if>
                AND B.USE_YN = 'Y'
                AND C.USE_YN = 'Y'
                GROUP BY C.LANG_CD
                ORDER BY C.LANG_CD
    </select>


    <select id="selectSubCdComboList" parameterType="String" resultType="SubCdComboResDTO">
            /* QueryID = selectSubCdList -- 해당그룹코드에 해당하는 코드리스트 가져오기  */
           SELECT DL_EXPD_PRVS_CD AS dlExpdPrvsCd,
                  DL_EXPD_PRVS_NM AS dlExpdPrvsNm
             FROM TB_CODE_MGMT
            WHERE DL_EXPD_G_CD = #{value}
              AND USE_YN = 'Y'
            ORDER BY SORT_SN
    </select>


     <select id="selectCodeComboList" parameterType="String" resultType="codeComboResDTO">
        /*  QueryID=selectCoComboList '0001', '0011'*/

            SELECT  DL_EXPD_PRVS_CD AS value,
                    DL_EXPD_PRVS_NM AS label
              FROM TB_CODE_MGMT
             WHERE DL_EXPD_G_CD = #{value}
               AND USE_YN = 'Y'
             ORDER BY SORT_SN
    </select>


     <select id="selectGrpComboList" resultType="codeComboResDTO">
        /*  QueryID=selectGrpComboList */

            SELECT  GRP_CD as value,
                    GRP_NM as label

              FROM TB_USR_GRP_MGMT
              WHERE USE_YN = 'Y'
              ORDER BY SORT_SN

    </select>


    <select id="selectLangByVehlComboList" parameterType="String" resultType="java.util.HashMap">
    /* QueryId=selectLangByVehlComboList */
        <![CDATA[
        SELECT
            UPPER(A.QLTY_VEHL_CD) AS qltyVehlCd,
            IFNULL(CONCAT(A.QLTY_VEHL_CD, '(', MAX(B.QLTY_VEHL_NM), ')'),A.QLTY_VEHL_CD) AS qltyVehlNm,
            UPPER(C.LANG_CD) AS langCd,
            IFNULL(CONCAT(C.LANG_CD, '(', MAX(C.LANG_CD_NM), ')'),C.LANG_CD) AS langCdNm
        FROM
            (
            SELECT
                QLTY_VEHL_CD
            FROM
                TB_AUTH_VEHL
            WHERE 1 = 1
                AND USER_EENO = #{userEeno}
                /* 로그인한 사용자의 회사코드에 따른 차종 제한 */
                AND DL_EXPD_CO_CD = #{dlExpdCoCd}
            GROUP BY
                QLTY_VEHL_CD
            ) A
            LEFT JOIN TB_VEHL_MGMT B ON A.QLTY_VEHL_CD = B.QLTY_VEHL_CD AND B.USE_YN = 'Y'
            LEFT JOIN TB_LANG_MGMT C ON B.MDL_MDY_CD = C.MDL_MDY_CD AND A.QLTY_VEHL_CD = C.QLTY_VEHL_CD AND C.USE_YN = 'Y'
        GROUP BY A.QLTY_VEHL_CD, C.LANG_CD
        ORDER BY A.QLTY_VEHL_CD, B.QLTY_VEHL_NM
        ]]>
    </select>

    <select id="selectOutsourcingComboList" parameterType="String" resultType="java.util.HashMap">
        <![CDATA[
            SELECT
                DL_EXPD_PRVS_CD AS value,
                DL_EXPD_PRVS_NM AS label
            FROM TB_CODE_MGMT
            WHERE 1=1
                AND DL_EXPD_G_CD = '0011'
        ]]>
        <if test=' "01".equals(dlExpdCoCd) '>
                AND DL_EXPD_PRVS_CD BETWEEN '06' AND '10'
        </if>
        <if test=' "02".equals(dlExpdCoCd) '>
                AND DL_EXPD_PRVS_CD = '06'
        </if>
    </select>


    <!--
            사용자권한에 따른 [차종코드 리스트]
     -->
    <select id="selectVehlListByUser" parameterType="comboReqDTO" resultType="vehlMdyResDTO">
            SELECT
                A.QLTY_VEHL_CD
                , MAX(B.QLTY_VEHL_NM) AS QLTY_VEHL_NM
            FROM
                TB_AUTH_VEHL A
            JOIN TB_VEHL_MGMT B ON A.QLTY_VEHL_CD = B.QLTY_VEHL_CD AND B.USE_YN = 'Y'
            WHERE
                A.USER_EENO = #{userEeno}
                AND A.DL_EXPD_CO_CD = #{dlExpdCoCd}
            GROUP BY
                A.QLTY_VEHL_CD
            ORDER BY
                A.QLTY_VEHL_CD
    </select>

    <!--
            차종코드에 따른 [연식 리스트]
     -->
    <select id="selectMdyListByVehlCd" parameterType="String" resultType="String">
        SELECT
            mdl_mdy_cd
        FROM
            tb_lang_mgmt
        WHERE
            QLTY_VEHL_CD = #{value}
        GROUP BY
             mdl_mdy_cd
        ORDER BY
             mdl_mdy_cd
    </select>

    <!--
            차종코드+연식에 따른 [언어 리스트]
     -->
    <select id="selectLangListByVehlCdAndMdy" parameterType="vehlMdyReqDTO" resultType="commLangComboResDTO" >
           SELECT
                lang_cd,
                lang_cd_nm
            FROM
                tb_lang_mgmt
            WHERE QLTY_VEHL_CD = #{qltyVehlCd}
                AND mdl_mdy_cd = #{mdlMdyCd}
            ORDER BY
               lang_cd_nm DESC
    </select>

     <!--
                차종코드, 연식, 언어  리스트
     -->
    <select id="selectVehlMdyLangListByVehl" parameterType="java.util.List" resultType="VehlMdyLangResDTO" >
           SELECT
                qlty_vehl_cd,
                mdl_mdy_cd,
                lang_cd,
                lang_cd_nm
            FROM
                tb_lang_mgmt
            WHERE
                QLTY_VEHL_CD IN (
                 <foreach item="item" collection="list" separator=",">
                    #{item.qltyVehlCd}
                 </foreach>
                )
    </select>
    <!--
                차종코드, 연식, 언어  리스트
     -->
    <select id="selectVehlMdyLangListByVehlMdy" parameterType="java.util.List" resultType="VehlMdyLangResDTO" >
           SELECT
                qlty_vehl_cd,
                mdl_mdy_cd,
                lang_cd,
                lang_cd_nm
            FROM
                tb_lang_mgmt
            WHERE (QLTY_VEHL_CD, mdl_mdy_cd)
                 IN (
                 <foreach item="item" collection="list" separator=",">
                    (#{item.qltyVehlCd}, #{item.mdlMdyCd})
                 </foreach>
                )
    </select>
     <!--
                차종코드, 연식, 언어  리스트
     -->
    <select id="selectVehlMdyLangList" parameterType="vehlMdyLangListReqDTO" resultType="vehlMdyLangResDTO" >
            SELECT
                a.qlty_vehl_cd,
                b.qlty_vehl_nm,
                a.mdl_mdy_cd,
                a.lang_cd,
                a.lang_cd_nm
            FROM
                tb_lang_mgmt a
            JOIN  (SELECT qlty_vehl_cd, max(qlty_vehl_nm) AS qlty_vehl_nm
                    FROM tb_vehl_mgmt
                    GROUP BY qlty_vehl_cd) b
                    ON a.qlty_vehl_cd = b.qlty_vehl_cd
            WHERE
                a.qlty_vehl_cd IN (''
                 <foreach item="item" collection="list1" >
                    ,#{item.qltyVehlCd}
                 </foreach>
                )

           union

           SELECT
                 a.qlty_vehl_cd,
                b.qlty_vehl_nm,
                a.mdl_mdy_cd,
                a.lang_cd,
                a.lang_cd_nm
            FROM
                tb_lang_mgmt a
            JOIN  (SELECT qlty_vehl_cd, max(qlty_vehl_nm) AS qlty_vehl_nm
                    FROM tb_vehl_mgmt
                    GROUP BY qlty_vehl_cd) b
                    ON a.qlty_vehl_cd = b.qlty_vehl_cd
            WHERE (a.QLTY_VEHL_CD, a.mdl_mdy_cd)
                 IN (('','')
                 <foreach item="item" collection="list2" >
                    ,(#{item.qltyVehlCd}, #{item.mdlMdyCd})
                 </foreach>
                )
           union

           SELECT
                 a.qlty_vehl_cd,
                b.qlty_vehl_nm,
                a.mdl_mdy_cd,
                a.lang_cd,
                a.lang_cd_nm
            FROM
                tb_lang_mgmt a
            JOIN  (SELECT qlty_vehl_cd, max(qlty_vehl_nm) AS qlty_vehl_nm
                    FROM tb_vehl_mgmt
                    GROUP BY qlty_vehl_cd) b
                    ON a.qlty_vehl_cd = b.qlty_vehl_cd
            WHERE (a.QLTY_VEHL_CD, a.mdl_mdy_cd, a.lang_cd)
                 IN (('','','')
                 <foreach item="item" collection="list3">
                    ,(#{item.qltyVehlCd}, #{item.mdlMdyCd}, #{item.langCd})
                 </foreach>
                )
    </select>

 <select id="selectPgmGrpComboList" resultType="pgmMgmtResDTO">
        SELECT
                PGM_ID,
                PGM_NM

          FROM   TB_PGM_MGMT
          WHERE pgm_id_sn = 0
          and use_yn = 'Y'
          ORDER BY PGM_ID
    </select>

     <select id="selectVehlComboAll" parameterType="String" resultType="vehlComboResDTO">
        /*  QueryID=selectVehlComboAll */


            SELECT  QLTY_VEHL_CD AS value,
                    max(QLTY_VEHL_NM) AS label
              FROM TB_VEHL_MGMT
             WHERE DL_EXPD_CO_CD =#{value}
             and USE_YN  = 'Y'
             group by qlty_vehl_cd
             order by QLTY_VEHL_CD

    </select>


     <select id="selectMdyComboAll" parameterType="String" resultType="vehlComboResDTO">
        /*  QueryID=selectMdyComboAll */

             select MDL_MDY_CD  AS value,
                    MDL_MDY_CD ||'MY' AS label
             FROM TB_VEHL_MGMT
             WHERE DL_EXPD_CO_CD = #{value}
             and USE_YN  = 'Y'

             group by MDL_MDY_CD desc

    </select>



     <select id="plntCombo" parameterType="String" resultType="codeComboResDTO">
        /*  QueryID=selectCoComboList '0001', '0011'*/

        SELECT
            PRDN_PLNT_CD AS value,
             PLNT_NM AS label
              FROM TB_PLNT_VEHL_MGMT
              WHERE QLTY_VEHL_CD = #{value}
              ORDER BY SORT_SN
    </select>
</mapper>

