<?xml version="1.0" encoding="UTF-8"?>
<!DOCTYPE mapper PUBLIC "-//mybatis.org//DTD Mapper 3.0//EN" "http://mybatis.org/dtd/mybatis-3-mapper.dtd">
<!--
    SQL File Name  : AuthDAO_sql.xml
    Description    : 토큰정보
    author         : 안경수
    since          : 2023.4.20
-->

<mapper namespace="com.oms.sys.dao.ApiMgmtDAO">



    <select id="selectApiMgmtList" resultType="apiMgmtResDTO">
        /* QueryID = selectApiMgmtList */

        SELECT
            a.api_url,
            a.api_nm,
            a.method,
            a.menu_id,
            b.pgm_nm
        FROM
            tb_api_mgmt a
            LEFT JOIN tb_pgm_mgmt b ON a.menu_id = b.menu_id
        ORDER BY
            menu_id, api_url

    </select>

    <insert id="insertApiMgmt" parameterType="apiMgmtReqDTO">
        /* QueryID = insertApiMgmt */

        INSERT INTO
            tb_api_mgmt (api_url, api_nm, method, menu_id, pprr_eeno, fram_dtm)
        VALUES
            (#{apiUrl}, #{apiNm}, #{method}, #{menuId}, #{userEeno}, NOW())

    </insert>

     <select id="selectApiMgmt" parameterType="String" resultType="apiMgmtResDTO">
         SELECT
            a.api_url,
            a.api_nm,
            a.method,
            a.menu_id,
            b.pgm_nm
         FROM
            tb_api_mgmt a
            JOIN tb_pgm_mgmt b ON a.menu_id = b.menu_id
         WHERE
            a.api_url = #{value}
     </select>

     <update id="updateApiMgmt" parameterType="apiMgmtReqDTO" >
         UPDATE tb_api_mgmt SET
            api_nm = #{apiNm},
            method = #{method},
            menu_id = #{menuId},
            updr_eeno = #{userEeno},
            mdfy_dtm = NOW()
         WHERE
            api_url = #{apiUrl}
     </update>

    <delete id="deleteApiMgmt" parameterType="java.util.List">
        DELETE FROM tb_api_mgmt
        WHERE api_url IN (
         <foreach item="item" collection="list" separator=",">
            #{item}
         </foreach>
        )
    </delete>


    <delete id="deleteApiAuth" parameterType="String">
        DELETE FROM tb_api_auth
        WHERE grp_cd = #{value}
    </delete>

    <insert id="insertApiAuth" parameterType="apiAuthReqDTO">
        INSERT INTO tb_api_auth
            (grp_cd, api_url, pprr_eeno, fram_dtm)
        VALUES
        <foreach item="item" collection="apiUrls" separator=",">
            (#{grpCd}, #{item},  #{userEeno}, NOW())
        </foreach>
    </insert>

    <select id="selectApiMgmtListByApiAuth" parameterType="String" resultType="apiMgmtResDTO">
       SELECT
            a.api_url,
            a.api_nm,
            a.method,
            a.menu_id,
            b.pgm_nm,

            c.grp_cd
        FROM
            tb_api_mgmt a
            LEFT JOIN tb_pgm_mgmt b ON a.menu_id = b.menu_id
            LeFT JOIN tb_api_auth c ON a.api_url = c.api_url AND c.grp_cd = #{value}
        ORDER BY
            menu_id, api_url
    </select>





    <delete id="deleteExcelUpload" parameterType="apiMgmtReqDTO">
      DELETE FROM TB_ACT_MGMT
              WHERE
                API_URL    = #{apiUrl}
                AND MENU_ID   = #{menuId}
                AND METHOD  = #{method}
    </delete>


    <select id="selectApiUrlCheck" parameterType="apiMgmtReqDTO" resultType="Integer">
        SELECT count(*)
        FROM tb_api_auth
        WHERE grp_cd = (
            SELECT grp_cd
            FROM tb_usr_mgmt
            WHERE user_eeno = #{userEeno})
        AND api_url = #{apiUrl}
    </select>


</mapper>

