<?xml version="1.0" encoding="UTF-8"?>
<!DOCTYPE mapper PUBLIC "-//mybatis.org//DTD Mapper 3.0//EN" "http://mybatis.org/dtd/mybatis-3-mapper.dtd">

<!--
    SQL File Name  : BoardDAO_sql.xml
    Description    : 재고관리 > 게시판
    author         : 안경수
    since          : 2023.6.1
-->

<mapper namespace="com.oms.ivm.dao.BoardAffrDAO">

    <select id="selectBoardAffrMgmtList" resultType="boardAffrResDTO">

       SELECT
            a.BLC_SN,
            a.BLC_SCN_CD,

            b.DL_EXPD_PRVS_NM AS blcScnCdNm,

            c.QLTY_VEHL_CD,
            c.MDL_MDY_CD,
            c.LANG_CD,

            d.QLTY_VEHL_NM,

            e.lang_cd_nm,
            e.DL_EXPD_PRVS_NM AS regnNm,

            a.RGN_EENO,
            a.BLC_RGST_YMD,
            a.BEFMY_TRWI_YN,
            a.BB_YN,
            a.BB_VAL,
            a.DTRWI_RQ_YMD,
            a.DTRWI_YN,
            a.DTRWI_MIDCSN_YN,
            a.ALTR_TRWI_YN,
            a.NMTRWI_RQ_YMD,
            a.NMTRWI_MIDCSN_YN,
            a.BLC_TITL_NM,
            a.BLC_SBC,
            a.ATTC_YN,
            a.REPLY_YN,
            a.DEL_YN,
            a.PPRR_EENO,
            a.FRAM_DTM

        FROM tb_board_affr_mgmt a
        JOIN tb_code_mgmt b ON b.DL_EXPD_G_CD = '0039'  AND b.DL_EXPD_PRVS_CD = a.BLC_SCN_CD
        JOIN tb_board_affr_vehl c ON c.blc_sn =  a.blc_sn
        JOIN (SELECT QLTY_VEHL_CD, max(QLTY_VEHL_NM) as QLTY_VEHL_NM FROM tb_vehl_mgmt group by QLTY_VEHL_CD) d ON d.QLTY_VEHL_CD = c.QLTY_VEHL_CD
        JOIN (
            SELECT lang_cd, QLTY_VEHL_CD, MDL_MDY_CD, max(lang_cd_nm) as lang_cd_nm , bb.DL_EXPD_PRVS_NM
            from tb_lang_mgmt aa
            JOIN tb_code_mgmt bb ON DL_EXPD_G_CD = '0008' and aa.dl_expd_regn_cd = bb.DL_EXPD_PRVS_CD
            group by QLTY_VEHL_CD , MDL_MDY_CD, LANG_CD,  bb.DL_EXPD_PRVS_NM)  e ON e.LANG_CD = c.lang_cd and e.QLTY_VEHL_CD = c.QLTY_VEHL_CD and e.MDL_MDY_CD = c.MDL_MDY_CD
        ORDER BY a.blc_sn DESC;

    </select>

    <select id="selectBoardAffrMgmt" parameterType="Long" resultType="boardAffrResDTO">

       SELECT
            a.BLC_SN,
            a.BLC_SCN_CD,

            a.RGN_EENO,
            a.BLC_RGST_YMD,
            a.BEFMY_TRWI_YN,
            a.BB_YN,
            a.BB_VAL,
            a.DTRWI_RQ_YMD,
            a.DTRWI_YN,
            a.DTRWI_MIDCSN_YN,
            a.ALTR_TRWI_YN,
            a.NMTRWI_RQ_YMD,
            a.NMTRWI_MIDCSN_YN,
            a.BLC_TITL_NM,
            a.BLC_SBC,
            a.ATTC_YN,
            a.REPLY_YN,
            a.DEL_YN,
            a.PPRR_EENO,
            a.FRAM_DTM,

            b.DL_EXPD_PRVS_NM AS blcScnCdNm,

            d.user_nm,

            e.file_nm

        FROM tb_board_affr_mgmt a
        JOIN tb_code_mgmt b ON b.DL_EXPD_G_CD = '0039'  AND b.DL_EXPD_PRVS_CD = a.BLC_SCN_CD
         JOIN tb_usr_mgmt d ON a.PPRR_EENO = d.user_eeno
         JOIN (select GROUP_CONCAT(file_nm SEPARATOR ',') as file_nm FROM tb_attc_mgmt  where blc_sn = 98) e

        WHERE BLC_SN = #{value}

    </select>


    <insert id="insertBoardAffrMgmt" parameterType="boardAffrReqDTO" useGeneratedKeys="true"
    keyProperty="blcSn">
        /* insertBoardAffrMgmt */
        INSERT INTO tb_board_affr_mgmt
        (
            BLC_SCN_CD,
            RGN_EENO,
            BLC_RGST_YMD,
            BEFMY_TRWI_YN,
            BB_YN,
            BB_VAL,
            DTRWI_RQ_YMD,
            DTRWI_YN,
            DTRWI_MIDCSN_YN,
            ALTR_TRWI_YN,
            NMTRWI_RQ_YMD,
            NMTRWI_MIDCSN_YN,
            BLC_TITL_NM,
            BLC_SBC,
            ATTC_YN,
            REPLY_YN,
            DEL_YN,
            PPRR_EENO,
            FRAM_DTM
        ) VALUES (
            #{blcScnCd},
            #{pprrEeno},
            DATE_FORMAT(NOW(), '%Y%m%d'),
            #{befmyTrwiYn},
            #{bbYn},
            #{bbVal},
            #{dtrwiRqYmd},
            #{dtrwiYn},
            #{dtrwiMidcsnYn},
            #{altrTrwiYn},
            #{nmtrwiRqYmd},
            #{nmtrwiMidcsnYn},
            #{blcTitlNm},
            #{blcSbc},
            #{attcYn},
            'N',
            'N',
            #{pprrEeno},
            NOW()

        )
       </insert>

    <insert id="insertBoardAffrVehl" parameterType="java.util.List" >
        /* insertBoardAffrVehl */
        INSERT INTO tb_board_affr_vehl
        (
            BLC_SN,
            QLTY_VEHL_CD,
            MDL_MDY_CD,
            LANG_CD,
            PPRR_EENO,
            FRAM_DTM

        ) VALUES
        <foreach item="item" collection="list" separator=",">
        (#{item.blcSn}, #{item.qltyVehlCd},  #{item.mdlMdyCd}, #{item.langCd},  #{item.pprrEeno},  SYSDATE())
        </foreach>

       </insert>


        <insert id="insertBoardAffrRcvUsers" parameterType="boardAffrRcvUsersSaveDTO">
            INSERT INTO tb_board_affr_rcv_users(
                BLC_SN,
                USER_EENO,
                EML_ADR,
                PPRR_EENO,
                FRAM_DTM
            )
            VALUES
            <foreach item="item" collection="rcvList" separator=",">
                (#{blcSn}, #{item.emlId}, #{item.emlAdr}, #{userEeno}, NOW())
            </foreach>

        </insert>



</mapper>

